Days for shipping (real),Days for shipment (scheduled),Delivery Delay,Order Item Quantity,Sales,Order Item Discount,Order Item Product Price,Cluster
5,2,3,1,399.980011,80.0,399.980011,4
3,4,-1,4,127.9599991,16.62999916,31.98999977,2
4,2,2,1,129.9900055,7.150000095,129.9900055,3
6,2,4,1,399.980011,72.0,399.980011,4
2,2,0,1,199.9900055,34.0,199.9900055,0
6,4,2,4,399.9599915,99.98999786,99.98999786,1
2,1,1,5,250.0,13.75,50.0,0
2,2,0,1,129.9900055,16.89999962,129.9900055,0
2,4,-2,4,199.9199982,31.98999977,49.97999954,2
6,4,2,4,199.9199982,0.0,49.97999954,1
1,0,1,1,299.980011,54.0,299.980011,0
2,4,-2,1,50.0,3.5,50.0,2
4,4,0,2,99.95999908,4.0,49.97999954,3
6,4,2,1,50.0,2.5,50.0,3
4,4,0,3,149.9400024,19.48999977,49.97999954,1
5,2,3,3,150.0,3.0,50.0,3
2,1,1,5,250.0,0.0,50.0,0
3,4,-1,3,179.9700012,9.899999619,59.99000168,2
5,4,1,4,219.8800049,4.400000095,54.97000122,1
4,2,2,1,129.9900055,5.199999809,129.9900055,3
4,4,0,4,239.9600067,38.38999939,59.99000168,1
6,2,4,5,299.9500122,21.0,59.99000168,1
4,2,2,5,250.0,62.5,50.0,1
2,4,-2,3,150.0,24.0,50.0,2
3,4,-1,5,250.0,13.75,50.0,1
4,2,2,1,59.99000168,1.799999952,59.99000168,3
4,4,0,1,299.980011,75.0,299.980011,4
3,4,-1,3,299.9700012,15.0,99.98999786,2
6,4,2,1,399.980011,4.0,399.980011,4
5,4,1,5,299.9500122,74.98999786,59.99000168,1
2,1,1,4,119.9599991,20.38999939,29.98999977,0
4,4,0,5,299.9500122,59.99000168,59.99000168,1
5,2,3,1,39.75,1.190000057,39.75,3
5,2,3,2,79.98000336,7.199999809,39.99000168,3
2,4,-2,1,199.9900055,26.0,199.9900055,2
2,1,1,1,99.98999786,15.0,99.98999786,0
2,2,0,5,124.9499969,22.48999977,24.98999977,1
3,2,1,1,199.9900055,50.0,199.9900055,4
3,4,-1,5,250.0,62.5,50.0,1
4,4,0,1,199.9900055,32.0,199.9900055,2
5,2,3,5,249.8999939,12.5,49.97999954,1
5,4,1,3,179.9700012,5.400000095,59.99000168,3
3,4,-1,1,99.98999786,3.0,99.98999786,2
2,4,-2,2,100.0,12.0,50.0,2
6,2,4,4,239.9600067,47.99000168,59.99000168,1
5,4,1,4,200.0,32.0,50.0,1
5,4,1,3,119.9700012,3.599999905,39.99000168,3
2,4,-2,1,399.980011,4.0,399.980011,4
2,2,0,1,31.98999977,1.279999971,31.98999977,0
6,2,4,1,199.9900055,18.0,199.9900055,3
3,4,-1,1,399.980011,22.0,399.980011,4
5,2,3,2,199.9799957,50.0,99.98999786,3
6,4,2,3,149.9400024,23.98999977,49.97999954,3
2,2,0,4,199.9199982,0.0,49.97999954,0
2,1,1,1,199.9900055,4.0,199.9900055,0
6,4,2,1,99.98999786,16.0,99.98999786,3
2,1,1,1,199.9900055,18.0,199.9900055,0
6,4,2,1,129.9900055,11.69999981,129.9900055,3
4,4,0,3,150.0,8.25,50.0,2
0,0,0,1,299.980011,54.0,299.980011,0
6,4,2,1,129.9900055,6.5,129.9900055,3
5,4,1,5,199.9499969,20.0,39.99000168,1
6,4,2,3,179.9700012,3.599999905,59.99000168,3
4,4,0,1,199.9900055,10.0,199.9900055,3
1,0,1,1,199.9900055,8.0,199.9900055,0
0,0,0,1,11.28999996,1.019999981,11.28999996,0
5,4,1,4,199.9199982,17.98999977,49.97999954,1
2,1,1,4,159.9600067,14.39999962,39.99000168,0
2,2,0,4,159.9600067,19.20000076,39.99000168,0
6,2,4,4,399.9599915,79.98999786,99.98999786,1
5,4,1,2,50.0,2.0,25.0,3
2,1,1,1,49.97999954,0.5,49.97999954,0
4,2,2,1,399.980011,48.0,399.980011,4
4,4,0,1,49.97999954,9.0,49.97999954,3
2,1,1,2,99.95999908,0.0,49.97999954,0
2,1,1,1,299.980011,3.0,299.980011,0
5,2,3,2,100.0,10.0,50.0,3
4,4,0,5,124.9499969,0.0,24.98999977,1
2,2,0,1,199.9900055,2.0,199.9900055,0
0,0,0,1,59.99000168,2.400000095,59.99000168,0
5,4,1,1,39.75,7.159999847,39.75,3
2,2,0,1,129.9900055,26.0,129.9900055,0
2,1,1,1,299.980011,27.0,299.980011,0
3,4,-1,2,99.95999908,10.0,49.97999954,2
4,4,0,1,299.980011,51.0,299.980011,4
4,4,0,5,250.0,50.0,50.0,1
2,1,1,1,199.9900055,40.0,199.9900055,0
3,2,1,1,299.980011,21.0,299.980011,4
6,4,2,1,129.9900055,32.5,129.9900055,3
2,4,-2,1,50.0,8.5,50.0,2
2,1,1,1,84.40000153,16.87999916,84.40000153,0
3,4,-1,1,260.6499939,5.210000038,260.6499939,2
4,2,2,1,129.9900055,7.150000095,129.9900055,3
5,2,3,3,299.9700012,16.5,99.98999786,1
6,4,2,1,129.9900055,26.0,129.9900055,3
3,4,-1,2,100.0,15.0,50.0,2
4,4,0,1,129.9900055,15.60000038,129.9900055,3
5,4,1,1,39.99000168,5.199999809,39.99000168,3
1,0,1,1,357.1000061,25.0,357.1000061,0
1,0,1,3,299.9700012,53.99000168,99.98999786,0
6,4,2,1,129.9900055,32.5,129.9900055,3
6,4,2,1,299.980011,51.0,299.980011,4
3,4,-1,5,249.8999939,44.97999954,49.97999954,1
2,4,-2,1,299.980011,21.0,299.980011,2
4,4,0,3,95.97000122,1.919999957,31.98999977,2
2,1,1,1,49.97999954,6.0,49.97999954,0
2,4,-2,1,129.9900055,5.199999809,129.9900055,2
2,1,1,1,50.0,7.5,50.0,0
2,1,1,1,59.99000168,3.0,59.99000168,0
6,4,2,5,250.0,42.5,50.0,1
6,4,2,2,119.9800034,20.39999962,59.99000168,3
4,4,0,1,49.97999954,8.0,49.97999954,3
6,4,2,1,399.980011,4.0,399.980011,4
6,2,4,3,44.97000122,0.899999976,14.98999977,3
5,2,3,4,239.9600067,24.0,59.99000168,1
2,4,-2,4,159.9600067,27.19000053,39.99000168,2
2,4,-2,1,199.9900055,32.0,199.9900055,2
4,4,0,1,199.9900055,8.0,199.9900055,3
5,4,1,1,129.9900055,2.599999905,129.9900055,3
5,2,3,1,461.480011,13.84000015,461.480011,4
2,1,1,3,119.9700012,29.98999977,39.99000168,0
2,1,1,1,199.9900055,32.0,199.9900055,0
6,4,2,1,199.9900055,18.0,199.9900055,3
1,0,1,2,100.0,20.0,50.0,0
5,2,3,1,199.9900055,8.0,199.9900055,3
3,4,-1,5,199.9499969,8.0,39.99000168,1
6,4,2,1,299.980011,6.0,299.980011,3
2,1,1,4,199.9199982,35.99000168,49.97999954,0
2,4,-2,1,399.980011,52.0,399.980011,4
3,4,-1,2,99.95999908,5.0,49.97999954,2
4,4,0,1,129.9900055,3.900000095,129.9900055,3
6,4,2,1,299.980011,60.0,299.980011,4
2,1,1,2,119.9800034,15.60000038,59.99000168,0
4,4,0,1,299.980011,12.0,299.980011,4
0,0,0,1,399.980011,20.0,399.980011,0
5,2,3,1,59.99000168,0.0,59.99000168,3
6,4,2,5,250.0,42.5,50.0,1
6,4,2,2,49.97999954,6.0,24.98999977,3
6,4,2,1,129.9900055,20.79999924,129.9900055,3
6,2,4,5,250.0,12.5,50.0,1
2,4,-2,1,129.9900055,23.39999962,129.9900055,2
2,1,1,1,129.9900055,9.100000381,129.9900055,0
5,4,1,3,150.0,4.5,50.0,3
5,4,1,1,399.980011,0.0,399.980011,4
3,2,1,4,239.9600067,2.400000095,59.99000168,1
3,4,-1,4,399.9599915,20.0,99.98999786,1
6,2,4,5,499.9500122,79.98999786,99.98999786,1
6,4,2,1,199.9900055,20.0,199.9900055,3
4,4,0,4,239.9600067,0.0,59.99000168,1
4,2,2,1,299.980011,39.0,299.980011,4
6,2,4,4,199.9199982,33.99000168,49.97999954,1
4,4,0,1,47.99000168,7.679999828,47.99000168,3
5,4,1,4,191.9600067,38.38999939,47.99000168,1
6,4,2,5,250.0,25.0,50.0,1
3,4,-1,5,109.9499969,21.98999977,21.98999977,1
2,4,-2,4,399.9599915,4.0,99.98999786,2
5,4,1,5,299.9500122,9.0,59.99000168,1
4,4,0,1,50.0,10.0,50.0,3
2,4,-2,4,200.0,11.0,50.0,2
3,4,-1,4,200.0,14.0,50.0,2
6,4,2,4,159.9600067,31.98999977,39.99000168,1
3,4,-1,1,129.9900055,15.60000038,129.9900055,2
2,2,0,5,250.0,42.5,50.0,1
5,4,1,1,129.9900055,20.79999924,129.9900055,3
3,4,-1,1,199.9900055,50.0,199.9900055,2
4,4,0,1,129.9900055,0.0,129.9900055,3
3,4,-1,4,200.0,2.0,50.0,2
4,4,0,1,129.9900055,3.900000095,129.9900055,3
4,4,0,1,299.980011,51.0,299.980011,4
2,4,-2,1,129.9900055,2.599999905,129.9900055,2
4,4,0,1,199.9900055,50.0,199.9900055,4
2,2,0,3,299.9700012,30.0,99.98999786,0
5,4,1,5,249.8999939,44.97999954,49.97999954,1
6,4,2,4,199.9199982,25.98999977,49.97999954,1
5,2,3,1,299.980011,51.0,299.980011,4
5,2,3,1,299.980011,60.0,299.980011,4
2,1,1,5,249.8999939,39.97999954,49.97999954,1
6,4,2,1,129.9900055,16.89999962,129.9900055,3
2,2,0,1,399.980011,20.0,399.980011,4
5,4,1,4,239.9600067,43.18999863,59.99000168,1
2,4,-2,5,499.9500122,89.98999786,99.98999786,1
2,1,1,1,49.97999954,2.5,49.97999954,0
2,4,-2,1,399.980011,72.0,399.980011,4
4,2,2,1,129.9900055,15.60000038,129.9900055,3
6,4,2,5,249.8999939,10.0,49.97999954,1
2,1,1,1,199.9900055,8.0,199.9900055,0
3,4,-1,1,299.980011,3.0,299.980011,2
2,1,1,2,79.98000336,12.0,39.99000168,0
6,2,4,4,200.0,30.0,50.0,1
4,4,0,2,119.9800034,15.60000038,59.99000168,3
2,1,1,1,39.99000168,0.0,39.99000168,0
2,4,-2,1,199.9900055,32.0,199.9900055,2
2,4,-2,4,239.9600067,12.0,59.99000168,2
2,2,0,1,129.9900055,20.79999924,129.9900055,0
2,2,0,5,299.9500122,27.0,59.99000168,1
4,2,2,2,119.9800034,6.0,59.99000168,3
4,2,2,5,249.8999939,32.49000168,49.97999954,1
4,2,2,2,99.95999908,4.0,49.97999954,3
4,4,0,1,50.0,2.5,50.0,3
4,4,0,1,1500.0,30.0,1500.0,4
5,4,1,3,179.9700012,23.39999962,59.99000168,1
2,1,1,1,129.9900055,23.39999962,129.9900055,0
6,4,2,1,199.9900055,30.0,199.9900055,3
2,1,1,1,199.9900055,24.0,199.9900055,0
2,4,-2,1,129.9900055,1.299999952,129.9900055,2
4,4,0,1,399.980011,0.0,399.980011,4
3,4,-1,1,299.980011,75.0,299.980011,4
5,4,1,1,129.9900055,32.5,129.9900055,3
2,4,-2,1,199.9900055,32.0,199.9900055,2
4,2,2,1,199.9900055,8.0,199.9900055,3
2,4,-2,1,129.9900055,2.599999905,129.9900055,2
2,1,1,1,129.9900055,2.599999905,129.9900055,0
2,4,-2,2,79.98000336,16.0,39.99000168,2
3,4,-1,1,327.75,52.43999863,327.75,4
6,4,2,1,399.980011,4.0,399.980011,4
5,4,1,4,159.9600067,19.20000076,39.99000168,1
2,2,0,1,399.980011,48.0,399.980011,4
6,4,2,1,299.980011,54.0,299.980011,4
5,4,1,5,250.0,42.5,50.0,1
4,4,0,1,59.99000168,3.0,59.99000168,3
2,1,1,1,59.99000168,9.600000381,59.99000168,0
3,4,-1,1,399.980011,4.0,399.980011,4
3,4,-1,1,129.9900055,3.900000095,129.9900055,2
3,2,1,5,299.9500122,53.99000168,59.99000168,1
2,4,-2,1,99.98999786,13.0,99.98999786,2
5,4,1,3,119.9700012,19.20000076,39.99000168,3
2,4,-2,4,399.9599915,0.0,99.98999786,2
4,2,2,5,299.9500122,59.99000168,59.99000168,1
3,4,-1,1,129.9900055,3.900000095,129.9900055,2
2,1,1,1,129.9900055,22.10000038,129.9900055,0
6,4,2,1,129.9900055,7.150000095,129.9900055,3
4,2,2,3,150.0,13.5,50.0,3
3,2,1,1,399.980011,52.0,399.980011,4
2,1,1,2,199.9799957,4.0,99.98999786,0
4,4,0,1,129.9900055,11.69999981,129.9900055,3
4,2,2,1,199.9900055,8.0,199.9900055,3
4,4,0,1,399.980011,22.0,399.980011,4
5,4,1,5,249.8999939,5.0,49.97999954,1
1,0,1,1,199.9900055,20.0,199.9900055,0
2,1,1,1,49.97999954,8.0,49.97999954,0
6,4,2,1,452.0400085,72.33000183,452.0400085,4
6,4,2,3,299.9700012,39.0,99.98999786,1
3,4,-1,4,199.9199982,10.0,49.97999954,2
2,4,-2,1,129.9900055,23.39999962,129.9900055,2
6,4,2,5,299.9500122,38.99000168,59.99000168,1
2,1,1,5,299.9500122,21.0,59.99000168,0
2,4,-2,4,239.9600067,38.38999939,59.99000168,2
3,4,-1,3,90.0,0.0,30.0,2
6,4,2,1,399.980011,60.0,399.980011,4
2,1,1,1,99.98999786,16.0,99.98999786,0
2,4,-2,1,399.980011,16.0,399.980011,4
5,4,1,3,299.9700012,45.0,99.98999786,1
6,4,2,2,79.98000336,7.199999809,39.99000168,3
2,1,1,1,99.98999786,4.0,99.98999786,0
4,4,0,2,199.9799957,14.0,99.98999786,2
4,4,0,5,499.9500122,10.0,99.98999786,1
1,0,1,4,239.9600067,13.19999981,59.99000168,0
6,2,4,4,399.9599915,16.0,99.98999786,1
6,4,2,1,399.980011,52.0,399.980011,4
3,4,-1,1,129.9900055,20.79999924,129.9900055,2
4,4,0,3,149.9400024,37.49000168,49.97999954,1
6,4,2,5,124.9499969,18.73999977,24.98999977,1
2,4,-2,1,50.0,10.0,50.0,2
2,4,-2,1,299.980011,12.0,299.980011,2
2,1,1,3,149.9400024,22.48999977,49.97999954,0
3,2,1,1,199.9900055,18.0,199.9900055,0
5,4,1,5,499.9500122,27.5,99.98999786,1
6,4,2,1,59.99000168,9.600000381,59.99000168,3
4,2,2,1,199.9900055,14.0,199.9900055,3
2,4,-2,3,149.9400024,13.48999977,49.97999954,2
2,1,1,4,399.9599915,59.99000168,99.98999786,1
2,1,1,1,49.97999954,12.5,49.97999954,0
5,2,3,1,199.9900055,20.0,199.9900055,3
6,4,2,2,79.98000336,4.400000095,39.99000168,3
2,1,1,1,129.9900055,3.900000095,129.9900055,0
2,1,1,4,200.0,18.0,50.0,0
2,2,0,1,299.980011,27.0,299.980011,4
0,0,0,1,399.980011,80.0,399.980011,4
5,4,1,2,199.9799957,2.0,99.98999786,3
6,2,4,1,399.980011,52.0,399.980011,4
5,4,1,4,199.9199982,33.99000168,49.97999954,1
2,4,-2,4,239.9600067,31.19000053,59.99000168,2
4,4,0,1,399.980011,48.0,399.980011,4
3,4,-1,5,250.0,13.75,50.0,1
5,4,1,3,150.0,25.5,50.0,1
2,4,-2,4,399.9599915,67.98999786,99.98999786,1
2,4,-2,4,239.9600067,40.79000092,59.99000168,2
6,4,2,1,1500.0,75.0,1500.0,4
6,2,4,5,150.0,8.25,30.0,1
2,1,1,1,199.9900055,32.0,199.9900055,0
4,2,2,1,199.9900055,4.0,199.9900055,3
2,2,0,1,399.980011,60.0,399.980011,4
4,2,2,4,87.95999908,8.800000191,21.98999977,1
6,4,2,4,239.9600067,35.99000168,59.99000168,1
4,2,2,2,79.98000336,14.39999962,39.99000168,3
4,4,0,1,299.980011,3.0,299.980011,4
2,1,1,1,199.9900055,4.0,199.9900055,0
0,0,0,1,129.9900055,23.39999962,129.9900055,0
3,4,-1,1,50.0,0.0,50.0,2
6,4,2,5,249.8999939,49.97999954,49.97999954,1
1,0,1,1,129.9900055,26.0,129.9900055,0
2,2,0,4,239.9600067,24.0,59.99000168,0
3,4,-1,1,199.9900055,50.0,199.9900055,2
2,2,0,1,299.980011,48.0,299.980011,4
6,4,2,1,299.980011,48.0,299.980011,4
0,0,0,1,199.9900055,2.0,199.9900055,0
2,4,-2,3,149.9400024,13.48999977,49.97999954,2
4,4,0,1,399.980011,48.0,399.980011,4
3,4,-1,1,50.0,2.0,50.0,2
2,4,-2,1,299.980011,45.0,299.980011,2
6,4,2,2,199.9799957,14.0,99.98999786,3
3,2,1,1,129.9900055,3.900000095,129.9900055,0
1,0,1,3,179.9700012,12.60000038,59.99000168,0
6,4,2,4,239.9600067,40.79000092,59.99000168,1
6,2,4,3,149.9400024,23.98999977,49.97999954,3
6,4,2,1,129.9900055,15.60000038,129.9900055,3
6,4,2,2,49.97999954,12.5,24.98999977,3
2,1,1,1,299.980011,27.0,299.980011,0
4,4,0,2,119.9800034,19.20000076,59.99000168,2
3,4,-1,5,250.0,22.5,50.0,1
5,4,1,1,129.9900055,22.10000038,129.9900055,3
5,2,3,1,129.9900055,26.0,129.9900055,3
6,4,2,1,129.9900055,3.900000095,129.9900055,3
6,4,2,1,299.980011,21.0,299.980011,3
5,4,1,2,79.98000336,3.200000048,39.99000168,3
2,4,-2,3,44.97000122,5.400000095,14.98999977,2
5,4,1,3,150.0,30.0,50.0,1
5,4,1,1,399.980011,100.0,399.980011,4
3,2,1,5,250.0,13.75,50.0,1
0,0,0,4,199.9199982,13.98999977,49.97999954,0
2,4,-2,1,129.9900055,20.79999924,129.9900055,2
2,4,-2,1,199.9900055,6.0,199.9900055,2
3,4,-1,5,499.9500122,99.98999786,99.98999786,1
2,1,1,1,11.28999996,0.560000002,11.28999996,0
6,4,2,1,99.98999786,5.5,99.98999786,3
6,4,2,5,249.8999939,39.97999954,49.97999954,1
6,4,2,1,129.9900055,32.5,129.9900055,3
6,4,2,1,129.9900055,23.39999962,129.9900055,3
3,4,-1,1,49.97999954,10.0,49.97999954,2
5,4,1,1,199.9900055,50.0,199.9900055,3
3,4,-1,2,119.9800034,12.0,59.99000168,2
6,4,2,3,150.0,13.5,50.0,3
2,1,1,1,129.9900055,13.0,129.9900055,0
4,4,0,1,399.980011,20.0,399.980011,4
5,4,1,5,159.9499969,31.98999977,31.98999977,1
2,4,-2,1,129.9900055,20.79999924,129.9900055,2
1,0,1,1,129.9900055,6.5,129.9900055,0
4,2,2,2,100.0,1.0,50.0,3
5,4,1,4,239.9600067,12.0,59.99000168,1
1,0,1,3,149.9400024,3.0,49.97999954,0
0,0,0,4,199.9199982,29.98999977,49.97999954,0
2,4,-2,3,150.0,37.5,50.0,2
3,4,-1,1,129.9900055,19.5,129.9900055,2
2,2,0,3,149.9400024,13.48999977,49.97999954,0
3,2,1,4,159.9600067,6.400000095,39.99000168,0
1,0,1,1,50.0,8.0,50.0,0
4,4,0,1,11.53999996,1.5,11.53999996,3
2,1,1,4,207.9600067,27.03000069,51.99000168,0
5,4,1,4,199.9199982,11.0,49.97999954,1
3,2,1,1,49.97999954,6.0,49.97999954,0
3,2,1,1,399.980011,4.0,399.980011,4
6,2,4,2,99.95999908,12.98999977,49.97999954,3
2,1,1,1,129.9900055,2.599999905,129.9900055,0
2,2,0,2,49.97999954,8.5,24.98999977,0
5,4,1,2,130.0,26.0,65.0,3
2,1,1,1,129.9900055,32.5,129.9900055,0
2,1,1,1,99.98999786,20.0,99.98999786,0
5,2,3,1,399.980011,80.0,399.980011,4
5,4,1,1,11.53999996,0.629999995,11.53999996,3
2,1,1,2,119.9800034,24.0,59.99000168,0
2,1,1,4,399.9599915,28.0,99.98999786,0
2,1,1,1,50.0,9.0,50.0,0
6,4,2,5,299.9500122,47.99000168,59.99000168,1
2,1,1,5,174.9499969,31.48999977,34.99000168,0
4,4,0,1,1500.0,270.0,1500.0,4
2,4,-2,2,60.0,0.600000024,30.0,2
6,4,2,5,199.9499969,49.99000168,39.99000168,1
1,0,1,2,119.9800034,21.60000038,59.99000168,0
3,4,-1,1,299.980011,27.0,299.980011,4
3,4,-1,1,399.980011,100.0,399.980011,4
2,4,-2,1,399.980011,48.0,399.980011,4
6,4,2,2,63.97999954,1.279999971,31.98999977,3
6,4,2,1,59.99000168,9.0,59.99000168,3
3,4,-1,1,399.980011,16.0,399.980011,4
6,4,2,4,239.9600067,47.99000168,59.99000168,1
5,4,1,1,11.53999996,1.960000038,11.53999996,3
2,1,1,2,100.0,7.0,50.0,0
2,1,1,2,99.95999908,2.0,49.97999954,0
2,1,1,4,239.9600067,47.99000168,59.99000168,0
2,1,1,3,179.9700012,27.0,59.99000168,0
4,4,0,2,99.95999908,14.98999977,49.97999954,3
2,4,-2,1,129.9900055,15.60000038,129.9900055,2
2,1,1,4,159.9600067,23.98999977,39.99000168,0
3,4,-1,2,63.97999954,2.559999943,31.98999977,2
6,4,2,1,49.97999954,12.5,49.97999954,3
5,4,1,1,399.980011,4.0,399.980011,4
6,4,2,4,399.9599915,16.0,99.98999786,1
1,0,1,3,149.9400024,29.98999977,49.97999954,0
3,4,-1,2,79.98000336,14.39999962,39.99000168,2
6,4,2,2,199.9799957,34.0,99.98999786,3
5,4,1,4,200.0,0.0,50.0,1
2,4,-2,4,399.9599915,16.0,99.98999786,2
5,2,3,4,200.0,26.0,50.0,1
2,1,1,3,150.0,18.0,50.0,0
6,4,2,2,99.95999908,15.98999977,49.97999954,3
2,1,1,1,399.980011,20.0,399.980011,4
3,4,-1,1,299.980011,15.0,299.980011,2
4,4,0,1,49.97999954,8.0,49.97999954,3
0,0,0,1,299.980011,51.0,299.980011,0
3,2,1,1,399.980011,36.0,399.980011,4
2,1,1,1,129.9900055,2.599999905,129.9900055,0
2,4,-2,2,29.97999954,2.099999905,14.98999977,2
2,4,-2,1,210.8500061,0.0,210.8500061,2
6,2,4,5,299.9500122,6.0,59.99000168,1
2,1,1,1,399.980011,20.0,399.980011,4
4,4,0,2,199.9799957,26.0,99.98999786,2
3,4,-1,5,499.9500122,64.98999786,99.98999786,1
5,2,3,5,250.0,7.5,50.0,1
4,4,0,1,299.980011,30.0,299.980011,4
3,4,-1,1,299.980011,54.0,299.980011,4
2,4,-2,1,299.980011,16.5,299.980011,2
2,1,1,5,299.9500122,27.0,59.99000168,0
3,2,1,1,299.980011,60.0,299.980011,4
4,4,0,5,299.9500122,38.99000168,59.99000168,1
6,2,4,1,49.97999954,1.0,49.97999954,3
4,4,0,1,299.980011,30.0,299.980011,4
2,1,1,1,199.9900055,36.0,199.9900055,0
5,2,3,1,129.9900055,5.199999809,129.9900055,3
4,2,2,1,129.9900055,15.60000038,129.9900055,3
5,4,1,1,164.3800049,9.039999962,164.3800049,3
3,4,-1,1,39.99000168,0.400000006,39.99000168,2
6,4,2,1,129.9900055,7.150000095,129.9900055,3
3,4,-1,1,299.980011,45.0,299.980011,4
0,0,0,5,199.9499969,10.0,39.99000168,0
5,4,1,1,199.9900055,4.0,199.9900055,3
1,0,1,3,150.0,24.0,50.0,0
2,1,1,1,49.97999954,9.0,49.97999954,0
4,2,2,1,59.99000168,7.199999809,59.99000168,3
3,4,-1,1,50.0,5.0,50.0,2
2,4,-2,2,99.95999908,12.98999977,49.97999954,2
6,2,4,1,50.0,4.5,50.0,3
3,2,1,5,250.0,62.5,50.0,1
4,4,0,5,250.0,2.5,50.0,1
5,4,1,1,49.97999954,5.0,49.97999954,3
4,4,0,1,532.5800171,53.25999832,532.5800171,4
2,4,-2,3,149.9400024,14.98999977,49.97999954,2
0,0,0,1,129.9900055,5.199999809,129.9900055,0
5,4,1,1,49.97999954,9.0,49.97999954,3
5,4,1,1,50.0,5.0,50.0,3
5,2,3,1,199.9900055,14.0,199.9900055,3
2,4,-2,3,149.9400024,29.98999977,49.97999954,2
2,1,1,4,200.0,34.0,50.0,0
6,4,2,1,399.980011,80.0,399.980011,4
2,1,1,4,79.95999908,0.0,19.98999977,0
4,4,0,1,39.99000168,3.599999905,39.99000168,3
2,1,1,1,399.980011,22.0,399.980011,4
2,2,0,3,150.0,1.5,50.0,0
5,4,1,5,249.8999939,12.5,49.97999954,1
2,1,1,1,399.980011,12.0,399.980011,4
2,4,-2,3,179.9700012,12.60000038,59.99000168,2
4,4,0,3,119.9700012,3.599999905,39.99000168,2
2,4,-2,1,399.980011,48.0,399.980011,4
6,2,4,1,44.99000168,5.400000095,44.99000168,3
5,4,1,1,399.980011,4.0,399.980011,4
4,4,0,2,31.97999954,8.0,15.98999977,3
5,4,1,4,200.0,32.0,50.0,1
3,4,-1,2,199.9799957,0.0,99.98999786,2
2,4,-2,1,299.980011,48.0,299.980011,4
5,4,1,1,199.9900055,0.0,199.9900055,3
4,4,0,1,129.9900055,1.299999952,129.9900055,3
2,4,-2,4,99.95999908,5.0,24.98999977,2
5,4,1,3,149.9400024,3.0,49.97999954,3
4,2,2,1,50.0,4.5,50.0,3
2,1,1,3,149.9400024,0.0,49.97999954,0
6,4,2,5,249.8999939,17.48999977,49.97999954,1
6,4,2,3,119.9700012,18.0,39.99000168,3
3,4,-1,4,99.95999908,17.98999977,24.98999977,2
2,1,1,1,252.8800049,2.529999971,252.8800049,0
6,4,2,1,199.9900055,40.0,199.9900055,3
3,2,1,4,200.0,0.0,50.0,0
4,4,0,1,399.980011,60.0,399.980011,4
4,2,2,3,119.9700012,19.20000076,39.99000168,3
0,0,0,2,103.9800034,20.79999924,51.99000168,0
6,2,4,5,250.0,40.0,50.0,1
3,4,-1,2,119.9800034,14.39999962,59.99000168,2
3,2,1,4,239.9600067,47.99000168,59.99000168,1
4,4,0,5,299.9500122,38.99000168,59.99000168,1
4,2,2,1,399.980011,36.0,399.980011,4
2,1,1,1,399.980011,64.0,399.980011,4
3,4,-1,1,59.99000168,0.0,59.99000168,2
3,4,-1,5,249.8999939,7.5,49.97999954,1
2,4,-2,2,119.9800034,2.400000095,59.99000168,2
3,2,1,1,199.0,25.87000084,199.0,0
5,4,1,1,199.9900055,11.0,199.9900055,3
2,4,-2,4,239.9600067,9.600000381,59.99000168,2
5,4,1,1,399.980011,4.0,399.980011,4
5,4,1,3,179.9700012,27.0,59.99000168,1
5,2,3,1,199.9900055,10.0,199.9900055,3
5,4,1,1,129.9900055,11.69999981,129.9900055,3
5,4,1,4,399.9599915,36.0,99.98999786,1
3,2,1,5,249.8999939,5.0,49.97999954,1
2,4,-2,1,49.97999954,6.0,49.97999954,2
6,4,2,1,129.9900055,7.150000095,129.9900055,3
5,4,1,1,199.9900055,18.0,199.9900055,3
2,4,-2,1,1500.0,75.0,1500.0,4
0,0,0,5,299.9500122,9.0,59.99000168,0
6,4,2,1,129.9900055,3.900000095,129.9900055,3
2,1,1,1,199.9900055,18.0,199.9900055,0
0,0,0,2,199.9799957,11.0,99.98999786,0
5,4,1,1,399.980011,80.0,399.980011,4
1,0,1,4,199.9199982,17.98999977,49.97999954,0
6,4,2,1,199.9900055,20.0,199.9900055,3
3,4,-1,5,199.9499969,4.0,39.99000168,1
5,4,1,1,215.8200073,32.36999893,215.8200073,3
2,1,1,1,210.8500061,14.76000023,210.8500061,0
2,4,-2,4,199.9199982,49.97999954,49.97999954,2
6,4,2,1,399.980011,80.0,399.980011,4
4,4,0,2,119.9800034,20.39999962,59.99000168,2
5,4,1,3,150.0,7.5,50.0,3
4,4,0,1,99.98999786,3.0,99.98999786,3
2,1,1,1,199.9900055,6.0,199.9900055,0
2,2,0,2,119.9800034,6.0,59.99000168,0
2,1,1,2,199.9799957,18.0,99.98999786,0
5,4,1,4,199.9199982,8.0,49.97999954,1
4,2,2,1,299.980011,3.0,299.980011,3
2,1,1,1,129.9900055,5.199999809,129.9900055,0
6,4,2,1,129.9900055,6.5,129.9900055,3
2,1,1,5,250.0,22.5,50.0,0
4,2,2,1,49.97999954,9.0,49.97999954,3
2,1,1,1,129.9900055,32.5,129.9900055,0
3,4,-1,2,79.98000336,2.400000095,39.99000168,2
3,2,1,1,399.980011,64.0,399.980011,4
4,4,0,1,49.97999954,8.0,49.97999954,3
2,1,1,1,129.9900055,2.599999905,129.9900055,0
4,2,2,1,299.980011,9.0,299.980011,4
5,4,1,3,179.9700012,18.0,59.99000168,3
6,4,2,1,39.99000168,4.800000191,39.99000168,3
5,4,1,3,299.9700012,15.0,99.98999786,1
5,2,3,1,399.980011,64.0,399.980011,4
2,4,-2,5,250.0,17.5,50.0,2
0,0,0,3,149.9400024,0.0,49.97999954,0
2,1,1,2,60.0,15.0,30.0,0
2,4,-2,1,129.9900055,26.0,129.9900055,2
2,2,0,5,499.9500122,25.0,99.98999786,1
5,2,3,1,299.980011,36.0,299.980011,4
5,4,1,5,249.8999939,62.47999954,49.97999954,1
2,1,1,5,249.8999939,22.48999977,49.97999954,0
3,2,1,1,129.9900055,3.900000095,129.9900055,0
2,4,-2,1,129.9900055,2.599999905,129.9900055,2
6,4,2,1,299.980011,27.0,299.980011,4
2,4,-2,5,299.9500122,44.99000168,59.99000168,1
2,1,1,2,99.95999908,12.0,49.97999954,0
2,4,-2,4,399.9599915,22.0,99.98999786,2
2,1,1,4,199.9199982,23.98999977,49.97999954,0
4,4,0,1,199.9900055,32.0,199.9900055,2
4,4,0,5,499.9500122,45.0,99.98999786,1
5,4,1,1,99.98999786,20.0,99.98999786,3
2,2,0,3,149.9400024,25.48999977,49.97999954,0
2,4,-2,1,129.9900055,1.299999952,129.9900055,2
1,0,1,2,79.98000336,4.0,39.99000168,0
4,2,2,1,299.980011,3.0,299.980011,3
5,2,3,4,239.9600067,35.99000168,59.99000168,1
6,4,2,4,399.9599915,20.0,99.98999786,1
2,2,0,1,129.9900055,9.100000381,129.9900055,0
2,1,1,1,39.75,1.590000033,39.75,0
5,2,3,1,299.980011,3.0,299.980011,3
2,4,-2,3,299.9700012,0.0,99.98999786,2
6,2,4,1,299.980011,15.0,299.980011,3
4,4,0,1,199.9900055,36.0,199.9900055,2
0,0,0,3,150.0,8.25,50.0,0
4,4,0,2,69.98000336,17.5,34.99000168,3
4,2,2,4,200.0,40.0,50.0,1
5,4,1,1,299.980011,12.0,299.980011,4
3,2,1,1,199.9900055,40.0,199.9900055,0
5,4,1,1,199.9900055,11.0,199.9900055,3
4,4,0,1,59.99000168,7.199999809,59.99000168,3
4,4,0,5,499.9500122,15.0,99.98999786,1
4,4,0,2,119.9800034,12.0,59.99000168,3
3,4,-1,1,59.99000168,6.0,59.99000168,2
2,4,-2,1,252.8800049,12.64000034,252.8800049,2
5,4,1,2,119.9800034,15.60000038,59.99000168,3
2,4,-2,3,119.9700012,10.80000019,39.99000168,2
4,4,0,2,99.95999908,10.0,49.97999954,3
5,4,1,1,129.9900055,2.599999905,129.9900055,3
6,2,4,1,15.98999977,4.0,15.98999977,3
6,4,2,2,199.9799957,50.0,99.98999786,3
2,4,-2,1,199.9900055,26.0,199.9900055,2
3,4,-1,5,299.9500122,9.0,59.99000168,1
2,4,-2,3,179.9700012,5.400000095,59.99000168,2
4,2,2,3,119.9700012,6.599999905,39.99000168,3
3,2,1,1,299.980011,75.0,299.980011,4
4,4,0,1,399.980011,68.0,399.980011,4
2,1,1,2,119.9800034,1.200000048,59.99000168,0
4,4,0,3,179.9700012,30.59000015,59.99000168,1
2,1,1,2,79.98000336,8.0,39.99000168,0
2,4,-2,1,399.980011,20.0,399.980011,4
5,4,1,1,399.980011,8.0,399.980011,4
6,4,2,3,119.9700012,0.0,39.99000168,3
5,4,1,1,199.9900055,40.0,199.9900055,3
3,4,-1,2,79.98000336,1.600000024,39.99000168,2
2,4,-2,1,59.99000168,1.799999952,59.99000168,2
1,0,1,3,179.9700012,3.599999905,59.99000168,0
3,4,-1,1,399.980011,48.0,399.980011,4
4,4,0,3,134.9700012,17.54999924,44.99000168,1
6,4,2,2,119.9800034,14.39999962,59.99000168,3
3,4,-1,1,129.9900055,15.60000038,129.9900055,2
2,4,-2,2,99.95999908,16.98999977,49.97999954,2
4,2,2,3,179.9700012,27.0,59.99000168,1
6,2,4,2,59.97999954,3.0,29.98999977,3
6,4,2,1,50.0,12.5,50.0,3
6,4,2,1,129.9900055,1.299999952,129.9900055,3
6,4,2,1,299.980011,75.0,299.980011,4
3,4,-1,3,150.0,3.0,50.0,2
4,4,0,4,239.9600067,59.99000168,59.99000168,1
6,4,2,1,59.99000168,4.199999809,59.99000168,3
3,4,-1,1,129.9900055,5.199999809,129.9900055,2
6,4,2,1,11.28999996,1.809999943,11.28999996,3
2,4,-2,1,299.980011,27.0,299.980011,2
4,2,2,1,49.97999954,1.5,49.97999954,3
2,2,0,1,129.9900055,15.60000038,129.9900055,0
4,4,0,1,14.98999977,0.75,14.98999977,3
5,4,1,2,99.95999908,24.98999977,49.97999954,3
2,1,1,2,31.97999954,6.400000095,15.98999977,0
6,4,2,4,99.95999908,24.98999977,24.98999977,1
1,0,1,1,129.9900055,22.10000038,129.9900055,0
4,4,0,2,99.95999908,7.0,49.97999954,3
6,4,2,1,399.980011,80.0,399.980011,4
2,4,-2,4,239.9600067,59.99000168,59.99000168,2
3,4,-1,3,149.9400024,10.5,49.97999954,2
3,4,-1,5,249.8999939,42.47999954,49.97999954,1
1,0,1,1,39.99000168,0.400000006,39.99000168,0
4,2,2,2,100.0,13.0,50.0,3
2,4,-2,2,199.9799957,0.0,99.98999786,2
4,4,0,1,299.980011,6.0,299.980011,4
4,4,0,3,179.9700012,32.38999939,59.99000168,1
4,4,0,3,150.0,3.0,50.0,2
4,4,0,1,11.28999996,0.109999999,11.28999996,3
2,1,1,1,129.9900055,23.39999962,129.9900055,0
2,2,0,1,84.40000153,7.599999905,84.40000153,0
2,1,1,1,399.980011,22.0,399.980011,4
5,4,1,2,99.95999908,0.0,49.97999954,3
6,4,2,1,129.9900055,32.5,129.9900055,3
2,4,-2,3,195.0,9.75,65.0,2
2,1,1,1,129.9900055,22.10000038,129.9900055,0
2,1,1,5,199.9499969,25.98999977,39.99000168,0
2,4,-2,1,399.980011,8.0,399.980011,4
0,0,0,3,179.9700012,1.799999952,59.99000168,0
6,4,2,2,49.97999954,8.0,24.98999977,3
2,1,1,1,199.9900055,14.0,199.9900055,0
3,4,-1,1,49.97999954,2.0,49.97999954,2
4,4,0,1,199.9900055,2.0,199.9900055,3
4,4,0,3,179.9700012,30.59000015,59.99000168,1
2,4,-2,4,79.95999908,13.59000015,19.98999977,2
2,1,1,2,119.9800034,21.60000038,59.99000168,0
5,2,3,1,299.980011,9.0,299.980011,3
6,2,4,1,299.980011,60.0,299.980011,4
0,0,0,1,149.9900055,3.0,149.9900055,0
3,4,-1,1,49.97999954,12.5,49.97999954,2
2,1,1,3,134.9700012,17.54999924,44.99000168,0
5,4,1,1,31.98999977,0.959999979,31.98999977,3
2,4,-2,1,49.97999954,7.5,49.97999954,2
5,2,3,4,200.0,26.0,50.0,1
2,1,1,1,299.980011,12.0,299.980011,0
4,4,0,1,399.980011,48.0,399.980011,4
4,4,0,1,129.9900055,26.0,129.9900055,3
2,1,1,1,129.9900055,7.150000095,129.9900055,0
2,2,0,4,199.9199982,2.0,49.97999954,0
0,0,0,1,11.53999996,1.730000019,11.53999996,0
3,4,-1,5,299.9500122,6.0,59.99000168,1
4,2,2,4,139.9600067,4.199999809,34.99000168,1
3,4,-1,3,119.9700012,2.400000095,39.99000168,2
4,2,2,1,129.9900055,5.199999809,129.9900055,3
2,1,1,1,215.8200073,4.320000172,215.8200073,0
2,1,1,5,124.9499969,21.23999977,24.98999977,0
2,1,1,1,129.9900055,16.89999962,129.9900055,0
4,4,0,1,299.980011,48.0,299.980011,4
6,4,2,2,49.97999954,10.0,24.98999977,3
2,1,1,1,129.9900055,1.299999952,129.9900055,0
4,2,2,5,250.0,22.5,50.0,1
4,4,0,1,199.9900055,20.0,199.9900055,2
2,2,0,1,299.980011,27.0,299.980011,4
0,0,0,4,200.0,36.0,50.0,0
6,4,2,3,179.9700012,44.99000168,59.99000168,1
2,1,1,3,149.9400024,3.0,49.97999954,0
0,0,0,3,299.9700012,39.0,99.98999786,0
4,4,0,1,299.980011,51.0,299.980011,4
3,2,1,3,299.9700012,27.0,99.98999786,1
5,4,1,1,299.980011,6.0,299.980011,3
4,4,0,1,199.9900055,20.0,199.9900055,2
2,4,-2,2,119.9800034,1.200000048,59.99000168,2
2,1,1,5,299.9500122,35.99000168,59.99000168,1
4,4,0,2,79.98000336,4.0,39.99000168,3
3,4,-1,1,129.9900055,5.199999809,129.9900055,2
4,4,0,1,50.0,12.5,50.0,3
5,4,1,1,129.9900055,2.599999905,129.9900055,3
2,4,-2,1,399.980011,68.0,399.980011,4
2,4,-2,5,249.8999939,5.0,49.97999954,2
2,4,-2,1,50.0,6.0,50.0,2
2,4,-2,2,199.9799957,0.0,99.98999786,2
6,4,2,1,399.980011,40.0,399.980011,4
2,1,1,1,129.9900055,23.39999962,129.9900055,0
2,1,1,4,199.9199982,19.98999977,49.97999954,0
6,4,2,4,199.9199982,33.99000168,49.97999954,1
2,4,-2,4,239.9600067,16.79999924,59.99000168,2
6,4,2,1,129.9900055,6.5,129.9900055,3
2,4,-2,1,129.9900055,15.60000038,129.9900055,2
2,2,0,2,79.98000336,0.800000012,39.99000168,0
2,4,-2,1,129.9900055,22.10000038,129.9900055,2
5,4,1,1,299.980011,0.0,299.980011,3
3,4,-1,4,239.9600067,35.99000168,59.99000168,1
2,4,-2,3,150.0,7.5,50.0,2
4,4,0,2,79.98000336,2.400000095,39.99000168,3
2,2,0,2,60.0,7.800000191,30.0,0
2,1,1,1,299.980011,3.0,299.980011,0
6,2,4,1,399.980011,48.0,399.980011,4
6,2,4,3,299.9700012,0.0,99.98999786,3
6,4,2,5,250.0,5.0,50.0,1
6,4,2,1,299.980011,9.0,299.980011,3
3,2,1,1,399.980011,36.0,399.980011,4
2,1,1,1,199.9900055,36.0,199.9900055,0
5,4,1,3,150.0,15.0,50.0,3
5,4,1,3,149.9400024,8.25,49.97999954,3
6,4,2,3,179.9700012,23.39999962,59.99000168,3
4,2,2,1,299.980011,30.0,299.980011,4
2,1,1,1,129.9900055,2.599999905,129.9900055,0
2,1,1,1,129.9900055,9.100000381,129.9900055,0
4,4,0,1,59.99000168,3.0,59.99000168,3
4,4,0,5,250.0,7.5,50.0,1
5,4,1,1,39.99000168,2.799999952,39.99000168,3
2,2,0,1,129.9900055,5.199999809,129.9900055,0
3,4,-1,1,129.9900055,23.39999962,129.9900055,2
5,2,3,1,299.980011,12.0,299.980011,3
5,4,1,1,199.9900055,10.0,199.9900055,3
3,4,-1,1,299.980011,60.0,299.980011,4
4,4,0,3,74.97000122,7.5,24.98999977,2
6,4,2,1,299.980011,21.0,299.980011,3
6,4,2,3,179.9700012,9.899999619,59.99000168,3
6,4,2,1,299.980011,54.0,299.980011,4
5,4,1,1,129.9900055,0.0,129.9900055,3
0,0,0,2,100.0,3.0,50.0,0
2,1,1,2,100.0,7.0,50.0,0
5,4,1,1,299.980011,3.0,299.980011,3
2,1,1,1,129.9900055,19.5,129.9900055,0
2,4,-2,2,79.98000336,14.39999962,39.99000168,2
2,4,-2,1,299.980011,0.0,299.980011,2
5,4,1,4,399.9599915,71.98999786,99.98999786,1
2,1,1,1,59.99000168,3.299999952,59.99000168,0
2,1,1,5,139.9499969,27.98999977,27.98999977,0
3,4,-1,1,129.9900055,15.60000038,129.9900055,2
6,4,2,1,399.980011,68.0,399.980011,4
2,4,-2,2,79.98000336,8.0,39.99000168,2
2,4,-2,2,99.95999908,12.98999977,49.97999954,2
4,4,0,2,100.0,1.0,50.0,3
5,2,3,3,179.9700012,3.599999905,59.99000168,3
5,4,1,4,200.0,34.0,50.0,1
3,4,-1,5,250.0,32.5,50.0,1
2,1,1,1,399.980011,64.0,399.980011,4
3,2,1,3,179.9700012,12.60000038,59.99000168,0
2,4,-2,1,39.99000168,3.599999905,39.99000168,2
3,2,1,1,399.980011,16.0,399.980011,4
2,1,1,1,199.9900055,50.0,199.9900055,0
6,4,2,2,100.0,20.0,50.0,3
5,4,1,1,129.9900055,6.5,129.9900055,3
3,4,-1,3,149.9400024,23.98999977,49.97999954,2
3,4,-1,1,399.980011,36.0,399.980011,4
4,2,2,3,299.9700012,0.0,99.98999786,1
4,4,0,1,39.75,2.190000057,39.75,3
2,4,-2,1,129.9900055,23.39999962,129.9900055,2
4,4,0,1,129.9900055,1.299999952,129.9900055,3
6,2,4,2,119.9800034,3.599999905,59.99000168,3
6,4,2,3,149.9400024,22.48999977,49.97999954,3
2,4,-2,1,299.980011,9.0,299.980011,2
5,4,1,1,129.9900055,26.0,129.9900055,3
4,4,0,1,299.980011,75.0,299.980011,4
5,4,1,4,399.9599915,36.0,99.98999786,1
3,4,-1,1,299.980011,30.0,299.980011,4
2,1,1,5,250.0,42.5,50.0,1
5,4,1,1,452.0400085,0.0,452.0400085,4
2,4,-2,1,399.980011,8.0,399.980011,4
2,1,1,3,299.9700012,30.0,99.98999786,0
2,2,0,1,129.9900055,3.900000095,129.9900055,0
2,1,1,1,99.98999786,17.0,99.98999786,0
1,0,1,2,119.9800034,2.400000095,59.99000168,0
4,4,0,2,100.0,5.5,50.0,3
5,4,1,1,50.0,8.5,50.0,3
6,4,2,1,129.9900055,1.299999952,129.9900055,3
5,4,1,1,199.9900055,14.0,199.9900055,3
4,4,0,1,299.980011,39.0,299.980011,4
6,4,2,1,215.8200073,38.84999847,215.8200073,3
2,1,1,1,299.980011,0.0,299.980011,0
2,4,-2,1,39.99000168,8.0,39.99000168,2
2,4,-2,1,129.9900055,15.60000038,129.9900055,2
6,4,2,5,249.8999939,10.0,49.97999954,1
2,2,0,1,199.9900055,50.0,199.9900055,0
2,1,1,1,260.6499939,2.609999895,260.6499939,0
4,2,2,5,499.9500122,89.98999786,99.98999786,1
0,0,0,1,50.0,7.5,50.0,0
2,4,-2,1,164.3800049,16.44000053,164.3800049,2
4,2,2,1,129.9900055,3.900000095,129.9900055,3
2,4,-2,1,129.9900055,20.79999924,129.9900055,2
6,4,2,5,199.9499969,25.98999977,39.99000168,1
6,4,2,1,399.980011,12.0,399.980011,4
6,4,2,1,129.9900055,15.60000038,129.9900055,3
4,4,0,4,199.9199982,2.0,49.97999954,1
2,4,-2,1,129.9900055,9.100000381,129.9900055,2
0,0,0,1,129.9900055,16.89999962,129.9900055,0
0,0,0,3,150.0,10.5,50.0,0
6,4,2,1,129.9900055,20.79999924,129.9900055,3
6,4,2,4,159.9600067,8.0,39.99000168,1
6,2,4,2,99.95999908,7.0,49.97999954,3
6,4,2,1,299.980011,54.0,299.980011,4
5,4,1,2,100.0,9.0,50.0,3
2,4,-2,3,74.97000122,9.0,24.98999977,2
3,4,-1,3,179.9700012,12.60000038,59.99000168,2
4,4,0,1,129.9900055,15.60000038,129.9900055,3
4,4,0,2,60.0,0.600000024,30.0,3
5,4,1,1,129.9900055,19.5,129.9900055,3
5,4,1,1,199.9900055,30.0,199.9900055,3
2,1,1,3,119.9700012,29.98999977,39.99000168,0
3,4,-1,1,59.99000168,3.299999952,59.99000168,2
3,4,-1,1,199.9900055,40.0,199.9900055,2
4,4,0,3,149.9400024,26.98999977,49.97999954,1
4,4,0,2,100.0,17.0,50.0,3
5,4,1,1,199.9900055,4.0,199.9900055,3
3,4,-1,1,199.9900055,20.0,199.9900055,2
3,4,-1,2,119.9800034,6.0,59.99000168,2
6,4,2,3,149.9400024,10.5,49.97999954,3
2,1,1,1,39.75,5.960000038,39.75,0
0,0,0,1,199.9900055,4.0,199.9900055,0
5,4,1,1,399.980011,8.0,399.980011,4
2,1,1,1,129.9900055,1.299999952,129.9900055,0
4,4,0,1,299.980011,39.0,299.980011,4
2,1,1,2,100.0,3.0,50.0,0
3,4,-1,3,149.9400024,23.98999977,49.97999954,2
5,4,1,1,299.980011,3.0,299.980011,3
3,4,-1,1,50.0,0.5,50.0,2
6,2,4,4,399.9599915,40.0,99.98999786,1
6,4,2,1,399.980011,20.0,399.980011,4
5,4,1,1,299.980011,16.5,299.980011,4
6,2,4,1,399.980011,20.0,399.980011,4
1,0,1,3,119.9700012,14.39999962,39.99000168,0
2,4,-2,1,59.99000168,10.80000019,59.99000168,2
4,4,0,4,200.0,34.0,50.0,1
6,4,2,4,200.0,18.0,50.0,1
6,2,4,1,129.9900055,0.0,129.9900055,3
3,4,-1,4,159.9600067,25.59000015,39.99000168,2
2,1,1,5,299.9500122,44.99000168,59.99000168,1
5,4,1,1,129.9900055,22.10000038,129.9900055,3
2,1,1,3,150.0,30.0,50.0,0
2,1,1,3,150.0,0.0,50.0,0
2,4,-2,4,199.9199982,29.98999977,49.97999954,2
0,0,0,4,199.9199982,8.0,49.97999954,0
6,2,4,1,129.9900055,22.10000038,129.9900055,3
6,4,2,1,199.9900055,50.0,199.9900055,3
2,1,1,1,215.8200073,15.10999966,215.8200073,0
2,2,0,2,63.97999954,10.23999977,31.98999977,0
2,1,1,4,200.0,11.0,50.0,0
2,4,-2,4,200.0,2.0,50.0,2
5,4,1,1,399.980011,20.0,399.980011,4
3,4,-1,1,399.980011,72.0,399.980011,4
2,4,-2,5,239.9499969,16.79999924,47.99000168,2
2,4,-2,3,74.97000122,7.5,24.98999977,2
4,4,0,1,22.0,1.100000024,22.0,3
2,1,1,2,119.9800034,6.0,59.99000168,0
2,1,1,1,299.980011,36.0,299.980011,4
6,4,2,2,99.95999908,12.98999977,49.97999954,3
3,4,-1,1,129.9900055,2.599999905,129.9900055,2
6,2,4,1,129.9900055,3.900000095,129.9900055,3
4,2,2,1,129.9900055,13.0,129.9900055,3
0,0,0,1,99.98999786,17.0,99.98999786,0
5,4,1,3,299.9700012,30.0,99.98999786,1
0,0,0,1,129.9900055,19.5,129.9900055,0
2,1,1,1,129.9900055,0.0,129.9900055,0
3,2,1,1,399.980011,4.0,399.980011,4
2,4,-2,1,129.9900055,0.0,129.9900055,2
3,4,-1,1,293.0400085,8.789999962,293.0400085,2
5,2,3,1,299.980011,27.0,299.980011,4
5,4,1,1,357.1000061,57.13999939,357.1000061,4
2,1,1,5,299.9500122,27.0,59.99000168,0
5,4,1,2,79.98000336,10.39999962,39.99000168,3
2,1,1,1,399.980011,36.0,399.980011,4
6,4,2,1,129.9900055,23.39999962,129.9900055,3
5,4,1,2,119.9800034,8.399999619,59.99000168,3
4,4,0,1,399.980011,16.0,399.980011,4
5,2,3,3,83.97000122,13.43999958,27.98999977,3
4,4,0,1,399.980011,0.0,399.980011,4
6,2,4,5,299.9500122,16.5,59.99000168,1
3,4,-1,1,129.9900055,20.79999924,129.9900055,2
1,0,1,5,249.8999939,5.0,49.97999954,0
3,2,1,1,129.9900055,20.79999924,129.9900055,0
3,4,-1,1,129.9900055,23.39999962,129.9900055,2
2,2,0,3,150.0,1.5,50.0,0
6,4,2,5,199.9499969,49.99000168,39.99000168,1
6,4,2,5,250.0,42.5,50.0,1
2,1,1,5,199.9499969,25.98999977,39.99000168,0
2,1,1,2,119.9800034,6.599999905,59.99000168,0
0,0,0,1,299.980011,45.0,299.980011,0
4,4,0,4,111.9599991,6.159999847,27.98999977,1
2,1,1,1,199.9900055,32.0,199.9900055,0
2,4,-2,1,399.980011,68.0,399.980011,4
4,4,0,1,129.9900055,7.150000095,129.9900055,3
2,1,1,1,50.0,2.75,50.0,0
1,0,1,1,129.9900055,0.0,129.9900055,0
6,4,2,1,129.9900055,26.0,129.9900055,3
4,2,2,1,199.9900055,8.0,199.9900055,3
4,4,0,1,49.97999954,0.0,49.97999954,3
2,2,0,4,200.0,34.0,50.0,0
3,2,1,2,79.98000336,4.0,39.99000168,0
2,1,1,1,199.9900055,2.0,199.9900055,0
1,0,1,5,250.0,2.5,50.0,0
4,4,0,1,299.980011,54.0,299.980011,4
3,4,-1,1,24.98999977,1.25,24.98999977,2
2,1,1,1,399.980011,48.0,399.980011,4
3,4,-1,1,129.9900055,26.0,129.9900055,2
6,2,4,4,199.9199982,23.98999977,49.97999954,1
2,4,-2,1,49.97999954,0.5,49.97999954,2
2,4,-2,1,11.53999996,2.079999924,11.53999996,2
2,4,-2,1,99.98999786,17.0,99.98999786,2
4,4,0,5,99.94999695,2.0,19.98999977,1
3,4,-1,4,199.9199982,25.98999977,49.97999954,1
1,0,1,1,399.980011,68.0,399.980011,4
2,4,-2,5,250.0,2.5,50.0,2
0,0,0,1,299.980011,30.0,299.980011,0
3,4,-1,1,199.9900055,20.0,199.9900055,2
2,1,1,5,99.94999695,0.0,19.98999977,0
6,4,2,1,164.3800049,6.579999924,164.3800049,3
0,0,0,4,399.9599915,4.0,99.98999786,0
6,4,2,1,199.9900055,8.0,199.9900055,3
6,4,2,1,129.9900055,23.39999962,129.9900055,3
2,2,0,5,250.0,40.0,50.0,1
6,2,4,1,199.9900055,34.0,199.9900055,3
2,4,-2,5,139.9499969,16.79000092,27.98999977,2
6,4,2,1,249.9900055,40.0,249.9900055,3
6,4,2,4,239.9600067,38.38999939,59.99000168,1
2,2,0,4,199.9199982,49.97999954,49.97999954,1
5,4,1,1,399.980011,0.0,399.980011,4
5,4,1,1,39.99000168,0.0,39.99000168,3
2,1,1,1,129.9900055,3.900000095,129.9900055,0
6,2,4,1,129.9900055,5.199999809,129.9900055,3
3,4,-1,2,199.9799957,14.0,99.98999786,2
6,4,2,1,299.980011,51.0,299.980011,4
4,2,2,1,399.980011,80.0,399.980011,4
2,1,1,4,239.9600067,9.600000381,59.99000168,0
2,1,1,1,199.9900055,0.0,199.9900055,0
5,4,1,1,50.0,2.75,50.0,3
5,4,1,1,260.6499939,41.70000076,260.6499939,4
2,1,1,1,50.0,2.5,50.0,0
2,4,-2,1,49.97999954,7.5,49.97999954,2
6,4,2,1,59.99000168,15.0,59.99000168,3
6,4,2,1,199.9900055,8.0,199.9900055,3
6,4,2,1,39.99000168,5.199999809,39.99000168,3
5,4,1,1,129.9900055,11.69999981,129.9900055,3
6,4,2,5,199.9499969,33.99000168,39.99000168,1
3,4,-1,1,199.9900055,18.0,199.9900055,2
1,0,1,1,399.980011,48.0,399.980011,4
6,2,4,3,149.9400024,14.98999977,49.97999954,3
5,4,1,1,199.9900055,36.0,199.9900055,3
1,0,1,3,179.9700012,7.199999809,59.99000168,0
5,4,1,1,357.1000061,0.0,357.1000061,4
5,4,1,3,149.9400024,29.98999977,49.97999954,1
4,2,2,5,499.9500122,64.98999786,99.98999786,1
0,0,0,4,239.9600067,2.400000095,59.99000168,0
0,0,0,3,150.0,15.0,50.0,0
2,4,-2,4,199.9199982,6.0,49.97999954,2
2,1,1,3,149.9400024,8.25,49.97999954,0
4,4,0,1,50.0,7.5,50.0,3
2,1,1,1,99.98999786,7.0,99.98999786,0
3,2,1,1,50.0,2.0,50.0,0
5,2,3,1,299.980011,6.0,299.980011,3
4,4,0,1,199.9900055,40.0,199.9900055,2
3,4,-1,2,119.9800034,0.0,59.99000168,2
3,4,-1,1,129.9900055,9.100000381,129.9900055,2
5,4,1,1,159.9900055,24.0,159.9900055,3
0,0,0,1,199.9900055,50.0,199.9900055,0
2,1,1,4,239.9600067,40.79000092,59.99000168,0
2,1,1,2,103.9800034,1.039999962,51.99000168,0
2,1,1,2,79.98000336,7.199999809,39.99000168,0
6,4,2,1,399.980011,36.0,399.980011,4
2,1,1,5,299.9500122,21.0,59.99000168,0
2,1,1,5,499.9500122,99.98999786,99.98999786,1
2,1,1,1,11.28999996,0.0,11.28999996,0
4,4,0,2,199.9799957,20.0,99.98999786,2
2,1,1,1,39.99000168,2.799999952,39.99000168,0
5,2,3,2,100.0,18.0,50.0,3
6,4,2,1,461.480011,92.30000305,461.480011,4
3,2,1,1,59.99000168,3.299999952,59.99000168,0
6,4,2,1,59.99000168,5.400000095,59.99000168,3
4,4,0,4,239.9600067,31.19000053,59.99000168,1
4,4,0,5,249.8999939,29.98999977,49.97999954,1
4,4,0,1,1500.0,225.0,1500.0,4
2,2,0,1,399.980011,52.0,399.980011,4
2,1,1,1,129.9900055,23.39999962,129.9900055,0
5,4,1,2,119.9800034,10.80000019,59.99000168,3
6,4,2,5,249.8999939,5.0,49.97999954,1
6,4,2,1,399.980011,16.0,399.980011,4
6,4,2,3,44.97000122,6.75,14.98999977,3
1,0,1,3,75.0,0.75,25.0,0
2,4,-2,1,199.9900055,50.0,199.9900055,2
2,4,-2,1,54.97000122,1.649999976,54.97000122,2
5,2,3,2,199.9799957,11.0,99.98999786,3
3,4,-1,5,249.8999939,62.47999954,49.97999954,1
4,4,0,1,399.980011,52.0,399.980011,4
3,4,-1,4,239.9600067,35.99000168,59.99000168,1
6,2,4,5,250.0,50.0,50.0,1
5,4,1,1,299.980011,15.0,299.980011,4
5,4,1,4,199.9199982,4.0,49.97999954,1
5,4,1,2,100.0,1.0,50.0,3
5,2,3,1,129.9900055,5.199999809,129.9900055,3
6,2,4,1,399.980011,68.0,399.980011,4
0,0,0,5,199.9499969,14.0,39.99000168,0
3,4,-1,5,499.9500122,99.98999786,99.98999786,1
6,2,4,2,199.9799957,4.0,99.98999786,3
2,1,1,1,39.99000168,7.199999809,39.99000168,0
6,4,2,1,84.40000153,16.87999916,84.40000153,3
2,4,-2,1,299.980011,36.0,299.980011,2
4,4,0,1,129.9900055,11.69999981,129.9900055,3
6,4,2,3,299.9700012,59.99000168,99.98999786,1
2,4,-2,4,239.9600067,35.99000168,59.99000168,2
6,2,4,1,129.9900055,16.89999962,129.9900055,3
2,1,1,1,39.99000168,2.799999952,39.99000168,0
6,4,2,5,250.0,13.75,50.0,1
2,2,0,5,249.8999939,17.48999977,49.97999954,1
2,4,-2,1,99.98999786,18.0,99.98999786,2
3,4,-1,1,129.9900055,22.10000038,129.9900055,2
3,4,-1,1,59.99000168,1.200000048,59.99000168,2
2,1,1,3,299.9700012,30.0,99.98999786,0
4,4,0,4,200.0,36.0,50.0,1
2,1,1,5,250.0,45.0,50.0,1
4,4,0,2,39.97999954,4.0,19.98999977,3
6,2,4,1,199.9900055,32.0,199.9900055,3
5,4,1,1,129.9900055,20.79999924,129.9900055,3
2,4,-2,1,129.9900055,1.299999952,129.9900055,2
2,4,-2,1,399.980011,20.0,399.980011,4
5,4,1,1,129.9900055,6.5,129.9900055,3
2,2,0,1,199.9900055,30.0,199.9900055,0
2,1,1,1,129.9900055,6.5,129.9900055,0
2,4,-2,4,399.9599915,71.98999786,99.98999786,1
6,4,2,1,129.9900055,32.5,129.9900055,3
2,1,1,1,299.980011,21.0,299.980011,0
3,2,1,5,250.0,7.5,50.0,1
2,4,-2,4,127.9599991,1.279999971,31.98999977,2
4,4,0,1,129.9900055,5.199999809,129.9900055,3
1,0,1,3,179.9700012,32.38999939,59.99000168,0
4,4,0,1,59.08000183,0.0,59.08000183,3
3,4,-1,1,129.9900055,15.60000038,129.9900055,2
6,4,2,3,150.0,10.5,50.0,3
4,2,2,3,119.9700012,12.0,39.99000168,3
5,4,1,1,11.28999996,1.809999943,11.28999996,3
1,0,1,3,119.9700012,3.599999905,39.99000168,0
3,4,-1,1,129.9900055,2.599999905,129.9900055,2
2,4,-2,1,129.9900055,15.60000038,129.9900055,2
3,4,-1,1,129.9900055,1.299999952,129.9900055,2
5,4,1,3,239.9700012,47.99000168,79.98999786,1
5,2,3,3,179.9700012,16.20000076,59.99000168,3
4,4,0,2,49.97999954,12.5,24.98999977,3
5,2,3,5,250.0,42.5,50.0,1
6,4,2,5,249.8999939,2.5,49.97999954,1
3,4,-1,4,199.9199982,8.0,49.97999954,2
4,2,2,1,399.980011,40.0,399.980011,4
5,2,3,1,199.9900055,24.0,199.9900055,3
2,1,1,1,399.980011,0.0,399.980011,4
2,4,-2,4,239.9600067,16.79999924,59.99000168,2
5,4,1,3,150.0,10.5,50.0,3
4,2,2,5,249.8999939,24.98999977,49.97999954,1
4,4,0,3,150.0,25.5,50.0,1
2,4,-2,1,199.9900055,32.0,199.9900055,2
4,2,2,5,299.9500122,16.5,59.99000168,1
3,4,-1,1,59.99000168,0.600000024,59.99000168,2
1,0,1,1,299.980011,15.0,299.980011,0
3,4,-1,1,299.980011,15.0,299.980011,2
3,2,1,4,200.0,34.0,50.0,1
3,4,-1,1,129.9900055,23.39999962,129.9900055,2
2,1,1,4,199.9199982,31.98999977,49.97999954,0
2,4,-2,1,24.98999977,0.25,24.98999977,2
6,2,4,1,299.9899902,12.0,299.9899902,3
2,2,0,1,59.99000168,5.400000095,59.99000168,0
2,1,1,3,179.9700012,32.38999939,59.99000168,0
5,4,1,2,199.9799957,10.0,99.98999786,3
2,4,-2,1,49.97999954,12.5,49.97999954,2
2,4,-2,3,134.9700012,9.449999809,44.99000168,2
2,1,1,3,149.9400024,13.48999977,49.97999954,0
3,4,-1,1,59.99000168,10.80000019,59.99000168,2
3,4,-1,4,119.9599991,1.200000048,29.98999977,2
2,1,1,3,149.9400024,26.98999977,49.97999954,0
4,2,2,1,299.980011,9.0,299.980011,4
6,2,4,3,179.9700012,44.99000168,59.99000168,3
4,4,0,2,119.9800034,6.599999905,59.99000168,3
2,4,-2,1,399.980011,36.0,399.980011,4
3,4,-1,3,74.97000122,9.75,24.98999977,2
2,1,1,4,399.9599915,48.0,99.98999786,0
5,4,1,1,327.75,22.94000053,327.75,4
2,4,-2,1,49.97999954,0.5,49.97999954,2
5,2,3,1,399.980011,28.0,399.980011,4
2,2,0,1,50.0,4.5,50.0,0
6,2,4,1,199.9900055,32.0,199.9900055,3
3,4,-1,1,452.0400085,81.37000275,452.0400085,4
6,4,2,1,129.9900055,23.39999962,129.9900055,3
4,4,0,1,129.9900055,11.69999981,129.9900055,3
5,4,1,2,63.97999954,9.600000381,31.98999977,3
5,2,3,4,239.9600067,38.38999939,59.99000168,1
6,2,4,1,39.99000168,6.0,39.99000168,3
6,4,2,1,129.9900055,2.599999905,129.9900055,3
2,1,1,1,199.9900055,24.0,199.9900055,0
0,0,0,1,199.9900055,14.0,199.9900055,0
4,4,0,1,199.9900055,8.0,199.9900055,3
2,4,-2,1,39.99000168,4.800000191,39.99000168,2
4,4,0,1,50.0,2.0,50.0,3
2,1,1,1,199.9900055,6.0,199.9900055,0
2,1,1,5,299.9500122,59.99000168,59.99000168,1
2,1,1,1,299.980011,12.0,299.980011,0
0,0,0,2,99.95999908,16.98999977,49.97999954,0
2,4,-2,1,399.980011,36.0,399.980011,4
3,4,-1,5,499.9500122,59.99000168,99.98999786,1
2,1,1,1,299.980011,3.0,299.980011,0
2,1,1,2,119.9800034,3.599999905,59.99000168,0
3,4,-1,5,249.8999939,39.97999954,49.97999954,1
2,1,1,1,49.97999954,0.5,49.97999954,0
2,1,1,2,100.0,20.0,50.0,0
2,2,0,1,1500.0,60.0,1500.0,4
2,4,-2,4,200.0,11.0,50.0,2
6,4,2,1,99.98999786,1.0,99.98999786,3
3,4,-1,1,49.97999954,9.0,49.97999954,2
4,4,0,2,79.98000336,14.39999962,39.99000168,3
2,2,0,1,399.980011,80.0,399.980011,4
0,0,0,1,59.08000183,9.449999809,59.08000183,0
5,2,3,4,239.9600067,4.800000191,59.99000168,1
6,2,4,2,199.9799957,36.0,99.98999786,3
3,2,1,5,249.8999939,2.5,49.97999954,1
3,4,-1,2,99.95999908,16.98999977,49.97999954,2
6,4,2,5,250.0,42.5,50.0,1
3,4,-1,1,129.9900055,0.0,129.9900055,2
1,0,1,3,119.9700012,1.200000048,39.99000168,0
2,1,1,4,199.9199982,4.0,49.97999954,0
2,1,1,5,250.0,45.0,50.0,1
0,0,0,1,399.980011,0.0,399.980011,0
5,4,1,5,199.9499969,33.99000168,39.99000168,1
3,2,1,1,129.9900055,0.0,129.9900055,0
5,2,3,1,59.99000168,3.299999952,59.99000168,3
3,4,-1,4,200.0,40.0,50.0,1
5,4,1,1,299.980011,21.0,299.980011,4
2,4,-2,1,129.9900055,32.5,129.9900055,2
4,4,0,4,199.9199982,8.0,49.97999954,1
5,2,3,1,49.97999954,2.5,49.97999954,3
4,4,0,1,129.9900055,0.0,129.9900055,3
2,4,-2,5,299.9500122,21.0,59.99000168,2
4,2,2,1,129.9900055,19.5,129.9900055,3
5,2,3,1,49.97999954,3.5,49.97999954,3
5,4,1,3,119.9700012,3.599999905,39.99000168,3
4,4,0,1,50.0,2.5,50.0,3
4,4,0,1,299.980011,54.0,299.980011,4
5,2,3,1,327.75,49.15999985,327.75,4
2,4,-2,1,199.9900055,32.0,199.9900055,2
2,1,1,1,399.980011,12.0,399.980011,4
3,2,1,1,299.980011,54.0,299.980011,4
0,0,0,5,499.9500122,5.0,99.98999786,0
4,4,0,1,49.97999954,8.0,49.97999954,3
6,2,4,2,103.9800034,5.199999809,51.99000168,3
4,4,0,1,215.8200073,36.68999863,215.8200073,2
3,4,-1,1,199.9900055,8.0,199.9900055,2
6,4,2,1,50.0,2.5,50.0,3
5,4,1,1,129.9900055,23.39999962,129.9900055,3
5,2,3,4,127.9599991,7.039999962,31.98999977,1
6,4,2,4,199.9199982,23.98999977,49.97999954,1
6,4,2,1,199.9900055,4.0,199.9900055,3
3,4,-1,1,129.9900055,15.60000038,129.9900055,2
3,4,-1,2,119.9800034,3.599999905,59.99000168,2
4,2,2,1,199.9900055,26.0,199.9900055,3
4,2,2,1,19.98999977,3.599999905,19.98999977,3
3,4,-1,5,250.0,13.75,50.0,1
6,4,2,3,149.9400024,26.98999977,49.97999954,3
2,4,-2,3,299.9700012,3.0,99.98999786,2
0,0,0,5,299.9500122,53.99000168,59.99000168,0
5,4,1,3,149.9400024,26.98999977,49.97999954,1
3,2,1,1,399.980011,28.0,399.980011,4
2,1,1,2,100.0,16.0,50.0,0
3,4,-1,2,100.0,20.0,50.0,2
4,4,0,1,299.980011,75.0,299.980011,4
4,4,0,1,59.99000168,0.600000024,59.99000168,3
5,4,1,2,119.9800034,18.0,59.99000168,3
2,1,1,3,150.0,24.0,50.0,0
5,4,1,1,199.9900055,24.0,199.9900055,3
6,4,2,1,129.9900055,11.69999981,129.9900055,3
6,4,2,1,129.9900055,7.150000095,129.9900055,3
3,4,-1,1,199.9900055,20.0,199.9900055,2
3,4,-1,1,1500.0,150.0,1500.0,4
3,4,-1,3,149.9400024,8.25,49.97999954,2
4,2,2,5,299.9500122,9.0,59.99000168,1
4,2,2,4,159.9600067,4.800000191,39.99000168,1
2,1,1,1,293.0400085,11.72000027,293.0400085,0
2,4,-2,1,299.980011,45.0,299.980011,2
5,2,3,1,129.9900055,20.79999924,129.9900055,3
2,4,-2,4,399.9599915,4.0,99.98999786,2
2,1,1,1,59.99000168,10.19999981,59.99000168,0
6,4,2,4,159.9600067,8.800000191,39.99000168,1
5,4,1,3,179.9700012,18.0,59.99000168,3
2,1,1,1,129.9900055,32.5,129.9900055,0
2,2,0,2,119.9800034,24.0,59.99000168,0
5,4,1,1,299.9899902,9.0,299.9899902,3
3,2,1,1,129.9900055,23.39999962,129.9900055,0
2,4,-2,1,59.99000168,12.0,59.99000168,2
4,4,0,5,250.0,50.0,50.0,1
2,4,-2,5,250.0,7.5,50.0,2
2,4,-2,1,129.9900055,2.599999905,129.9900055,2
3,4,-1,5,249.8999939,5.0,49.97999954,1
2,4,-2,1,129.9900055,0.0,129.9900055,2
0,0,0,1,399.980011,8.0,399.980011,0
2,4,-2,1,299.980011,48.0,299.980011,4
5,4,1,1,299.980011,3.0,299.980011,3
5,4,1,2,63.97999954,1.279999971,31.98999977,3
5,4,1,1,399.980011,100.0,399.980011,4
2,1,1,1,452.0400085,45.20000076,452.0400085,4
6,4,2,4,239.9600067,9.600000381,59.99000168,1
4,4,0,1,399.980011,100.0,399.980011,4
2,4,-2,2,31.97999954,4.159999847,15.98999977,2
3,2,1,1,129.9900055,6.5,129.9900055,0
2,4,-2,5,299.9500122,0.0,59.99000168,2
3,4,-1,4,120.0,12.0,30.0,2
2,2,0,2,99.95999908,14.98999977,49.97999954,0
0,0,0,5,124.9499969,1.25,24.98999977,0
1,0,1,5,249.8999939,49.97999954,49.97999954,0
5,2,3,1,299.980011,45.0,299.980011,4
2,1,1,1,59.99000168,2.400000095,59.99000168,0
4,4,0,1,199.9900055,14.0,199.9900055,3
3,4,-1,3,179.9700012,21.60000038,59.99000168,2
3,4,-1,1,299.980011,39.0,299.980011,4
2,2,0,1,51.99000168,8.319999695,51.99000168,0
4,2,2,2,79.98000336,12.0,39.99000168,3
4,2,2,4,199.9199982,10.0,49.97999954,1
4,4,0,2,119.9800034,15.60000038,59.99000168,3
6,4,2,1,49.97999954,3.5,49.97999954,3
5,4,1,1,49.97999954,0.5,49.97999954,3
4,4,0,1,59.99000168,1.799999952,59.99000168,3
2,1,1,1,99.98999786,4.0,99.98999786,0
3,4,-1,1,399.980011,80.0,399.980011,4
5,4,1,1,199.9900055,20.0,199.9900055,3
3,4,-1,1,129.9900055,13.0,129.9900055,2
2,1,1,5,299.9500122,12.0,59.99000168,0
4,4,0,1,299.980011,6.0,299.980011,4
5,2,3,2,99.95999908,5.0,49.97999954,3
4,4,0,1,199.9900055,6.0,199.9900055,3
2,1,1,1,129.9900055,26.0,129.9900055,0
2,1,1,1,49.97999954,2.75,49.97999954,0
3,2,1,1,129.9900055,16.89999962,129.9900055,0
2,4,-2,1,299.980011,0.0,299.980011,2
6,4,2,1,129.9900055,6.5,129.9900055,3
2,1,1,1,299.980011,75.0,299.980011,4
6,4,2,1,50.0,6.0,50.0,3
6,4,2,4,200.0,8.0,50.0,1
2,1,1,5,249.8999939,44.97999954,49.97999954,1
2,4,-2,2,100.0,7.0,50.0,2
3,4,-1,5,249.8999939,12.5,49.97999954,1
3,2,1,1,199.9900055,14.0,199.9900055,0
4,4,0,1,59.99000168,3.299999952,59.99000168,3
5,4,1,5,199.9499969,2.0,39.99000168,1
3,4,-1,1,129.9900055,3.900000095,129.9900055,2
3,4,-1,1,129.9900055,3.900000095,129.9900055,2
5,4,1,1,299.980011,60.0,299.980011,4
4,4,0,4,199.9199982,25.98999977,49.97999954,1
6,4,2,4,200.0,40.0,50.0,1
5,4,1,1,129.9900055,3.900000095,129.9900055,3
5,4,1,1,129.9900055,2.599999905,129.9900055,3
6,2,4,1,299.980011,6.0,299.980011,3
5,4,1,1,399.980011,80.0,399.980011,4
2,1,1,3,150.0,0.0,50.0,0
6,2,4,1,59.99000168,15.0,59.99000168,3
3,4,-1,2,100.0,9.0,50.0,2
5,4,1,2,95.98000336,8.640000343,47.99000168,3
3,4,-1,1,399.980011,16.0,399.980011,4
4,2,2,4,239.9600067,0.0,59.99000168,1
5,4,1,1,50.0,6.0,50.0,3
4,4,0,3,150.0,7.5,50.0,2
3,4,-1,2,119.9800034,14.39999962,59.99000168,2
5,4,1,4,159.9600067,19.20000076,39.99000168,1
5,4,1,3,299.9700012,53.99000168,99.98999786,1
2,1,1,1,299.980011,60.0,299.980011,4
4,4,0,5,499.9500122,25.0,99.98999786,1
2,1,1,4,239.9600067,7.199999809,59.99000168,0
5,4,1,4,200.0,26.0,50.0,1
6,4,2,2,99.95999908,5.5,49.97999954,3
5,4,1,5,249.8999939,42.47999954,49.97999954,1
6,4,2,5,249.8999939,7.5,49.97999954,1
2,2,0,1,129.9900055,3.900000095,129.9900055,0
2,2,0,1,210.8500061,2.109999895,210.8500061,0
2,1,1,3,74.97000122,12.73999977,24.98999977,0
5,4,1,5,499.9500122,27.5,99.98999786,1
3,4,-1,1,39.99000168,0.400000006,39.99000168,2
4,4,0,4,239.9600067,24.0,59.99000168,1
3,4,-1,2,79.98000336,8.0,39.99000168,2
2,2,0,5,199.9499969,18.0,39.99000168,1
2,1,1,1,129.9900055,22.10000038,129.9900055,0
4,2,2,2,119.9800034,6.0,59.99000168,3
5,4,1,1,399.980011,16.0,399.980011,4
2,4,-2,2,119.9800034,14.39999962,59.99000168,2
5,4,1,3,119.9700012,18.0,39.99000168,3
6,4,2,1,299.980011,21.0,299.980011,3
6,2,4,3,299.9700012,16.5,99.98999786,3
3,4,-1,1,49.97999954,3.5,49.97999954,2
4,4,0,1,252.8800049,42.99000168,252.8800049,4
6,4,2,3,149.9400024,25.48999977,49.97999954,3
6,4,2,2,100.0,12.0,50.0,3
6,4,2,5,250.0,12.5,50.0,1
5,4,1,4,199.9199982,31.98999977,49.97999954,1
2,2,0,1,299.980011,54.0,299.980011,4
6,4,2,2,79.98000336,10.39999962,39.99000168,3
6,4,2,1,199.9900055,4.0,199.9900055,3
4,4,0,1,399.980011,68.0,399.980011,4
4,4,0,5,499.9500122,64.98999786,99.98999786,1
6,4,2,5,249.8999939,24.98999977,49.97999954,1
2,1,1,1,49.97999954,4.5,49.97999954,0
2,1,1,3,149.9400024,25.48999977,49.97999954,0
6,4,2,3,179.9700012,12.60000038,59.99000168,3
5,2,3,1,199.9900055,2.0,199.9900055,3
3,4,-1,1,199.9900055,50.0,199.9900055,2
5,2,3,2,119.9800034,12.0,59.99000168,3
1,0,1,5,159.9499969,4.800000191,31.98999977,0
2,1,1,3,119.9700012,2.400000095,39.99000168,0
6,2,4,2,95.98000336,6.71999979,47.99000168,3
3,4,-1,3,95.97000122,0.959999979,31.98999977,2
4,4,0,1,299.980011,9.0,299.980011,4
2,4,-2,1,399.980011,20.0,399.980011,4
2,2,0,3,179.9700012,32.38999939,59.99000168,0
6,2,4,1,399.980011,20.0,399.980011,4
6,4,2,1,299.980011,12.0,299.980011,3
3,4,-1,1,299.980011,54.0,299.980011,4
6,4,2,5,299.9500122,30.0,59.99000168,1
5,4,1,5,299.9500122,12.0,59.99000168,1
3,4,-1,1,299.980011,21.0,299.980011,2
1,0,1,3,150.0,24.0,50.0,0
2,4,-2,4,200.0,8.0,50.0,2
4,4,0,1,129.9900055,13.0,129.9900055,3
6,4,2,4,399.9599915,99.98999786,99.98999786,1
2,1,1,1,49.97999954,1.5,49.97999954,0
0,0,0,2,100.0,5.0,50.0,0
2,1,1,1,199.9900055,34.0,199.9900055,0
6,4,2,1,39.99000168,2.0,39.99000168,3
1,0,1,3,149.9400024,7.5,49.97999954,0
5,4,1,1,399.980011,4.0,399.980011,4
2,4,-2,1,50.0,9.0,50.0,2
2,2,0,1,129.9900055,22.10000038,129.9900055,0
5,4,1,3,299.9700012,53.99000168,99.98999786,1
4,4,0,3,179.9700012,1.799999952,59.99000168,2
2,1,1,1,399.980011,60.0,399.980011,4
2,4,-2,2,199.9799957,40.0,99.98999786,2
6,4,2,1,299.980011,27.0,299.980011,4
4,2,2,5,249.8999939,29.98999977,49.97999954,1
0,0,0,3,150.0,24.0,50.0,0
6,4,2,5,99.94999695,19.98999977,19.98999977,1
2,1,1,5,299.9500122,9.0,59.99000168,0
6,4,2,2,100.0,3.0,50.0,3
3,4,-1,4,399.9599915,40.0,99.98999786,1
2,1,1,2,100.0,9.0,50.0,0
0,0,0,1,199.9900055,14.0,199.9900055,0
6,4,2,1,39.99000168,6.0,39.99000168,3
3,4,-1,1,299.980011,39.0,299.980011,4
4,2,2,1,129.9900055,0.0,129.9900055,3
1,0,1,3,179.9700012,9.899999619,59.99000168,0
2,2,0,2,100.0,25.0,50.0,0
4,4,0,1,199.9900055,34.0,199.9900055,2
4,4,0,1,39.75,5.960000038,39.75,3
3,4,-1,2,50.0,6.0,25.0,2
4,2,2,1,199.9900055,8.0,199.9900055,3
5,4,1,5,499.9500122,99.98999786,99.98999786,1
2,1,1,1,199.9900055,11.0,199.9900055,0
2,2,0,4,200.0,36.0,50.0,0
6,4,2,2,119.9800034,15.60000038,59.99000168,3
6,2,4,2,100.0,7.0,50.0,3
2,1,1,1,399.980011,72.0,399.980011,4
5,2,3,1,199.9900055,14.0,199.9900055,3
3,4,-1,1,129.9900055,9.100000381,129.9900055,2
2,4,-2,2,109.9400024,5.5,54.97000122,2
2,4,-2,5,199.9499969,4.0,39.99000168,2
3,4,-1,4,200.0,6.0,50.0,2
5,4,1,1,399.980011,48.0,399.980011,4
5,2,3,5,250.0,13.75,50.0,1
0,0,0,5,499.9500122,27.5,99.98999786,0
5,4,1,1,399.980011,64.0,399.980011,4
2,1,1,1,199.9900055,0.0,199.9900055,0
3,2,1,4,239.9600067,7.199999809,59.99000168,1
6,4,2,4,200.0,30.0,50.0,1
2,4,-2,4,199.9199982,35.99000168,49.97999954,2
0,0,0,1,129.9900055,32.5,129.9900055,0
5,4,1,5,250.0,42.5,50.0,1
6,4,2,5,199.9499969,11.0,39.99000168,1
2,1,1,1,199.9900055,6.0,199.9900055,0
4,4,0,4,199.9199982,49.97999954,49.97999954,1
0,0,0,1,399.980011,36.0,399.980011,4
4,4,0,5,250.0,37.5,50.0,1
5,4,1,1,399.980011,60.0,399.980011,4
4,4,0,1,31.07999992,7.769999981,31.07999992,3
4,4,0,4,99.95999908,0.0,24.98999977,1
5,4,1,1,129.9900055,9.100000381,129.9900055,3
2,1,1,1,299.980011,27.0,299.980011,0
4,4,0,5,499.9500122,50.0,99.98999786,1
3,2,1,1,461.480011,55.38000107,461.480011,4
4,2,2,3,179.9700012,44.99000168,59.99000168,1
3,4,-1,4,239.9600067,7.199999809,59.99000168,2
3,4,-1,1,50.0,1.0,50.0,2
6,4,2,2,199.9799957,8.0,99.98999786,3
2,1,1,1,129.9900055,7.150000095,129.9900055,0
5,4,1,5,199.9499969,4.0,39.99000168,1
4,4,0,1,24.98999977,0.25,24.98999977,3
1,0,1,1,199.9900055,20.0,199.9900055,0
4,4,0,1,129.9900055,7.150000095,129.9900055,3
2,2,0,1,199.9900055,30.0,199.9900055,0
6,4,2,5,199.9499969,11.0,39.99000168,1
5,2,3,5,99.94999695,9.0,19.98999977,1
4,2,2,1,399.980011,60.0,399.980011,4
5,2,3,1,50.0,8.0,50.0,3
2,4,-2,1,299.980011,45.0,299.980011,2
5,4,1,1,299.980011,54.0,299.980011,4
2,1,1,3,149.9400024,1.5,49.97999954,0
6,4,2,2,100.0,16.0,50.0,3
4,2,2,1,129.9900055,7.150000095,129.9900055,3
5,4,1,4,199.9199982,31.98999977,49.97999954,1
6,4,2,1,357.1000061,89.27999878,357.1000061,4
2,4,-2,1,99.98999786,1.0,99.98999786,2
4,4,0,1,50.0,2.0,50.0,3
5,4,1,2,99.95999908,12.98999977,49.97999954,3
5,4,1,4,159.9600067,14.39999962,39.99000168,1
2,4,-2,2,79.98000336,0.800000012,39.99000168,2
3,2,1,1,129.9900055,23.39999962,129.9900055,0
2,2,0,1,50.0,1.0,50.0,0
5,4,1,1,49.97999954,6.5,49.97999954,3
0,0,0,1,25.0,1.379999995,25.0,0
5,4,1,1,399.980011,52.0,399.980011,4
6,4,2,1,129.9900055,3.900000095,129.9900055,3
5,4,1,3,155.9700012,14.03999996,51.99000168,3
4,4,0,4,199.9199982,0.0,49.97999954,1
4,2,2,2,119.9800034,3.599999905,59.99000168,3
4,4,0,4,119.9599991,14.39999962,29.98999977,1
2,1,1,1,149.9900055,37.5,149.9900055,0
5,4,1,1,299.980011,12.0,299.980011,4
4,4,0,1,199.9900055,24.0,199.9900055,2
4,2,2,1,199.9900055,30.0,199.9900055,3
5,4,1,1,129.9900055,9.100000381,129.9900055,3
5,2,3,1,44.99000168,6.75,44.99000168,3
4,2,2,1,39.99000168,2.799999952,39.99000168,3
5,4,1,4,207.9600067,35.34999847,51.99000168,1
4,4,0,1,39.99000168,5.199999809,39.99000168,3
0,0,0,1,129.9900055,7.150000095,129.9900055,0
4,4,0,2,31.97999954,2.880000114,15.98999977,3
4,4,0,1,199.9900055,8.0,199.9900055,3
3,4,-1,5,159.9499969,31.98999977,31.98999977,1
4,4,0,4,239.9600067,28.79999924,59.99000168,1
2,2,0,1,399.980011,100.0,399.980011,4
3,2,1,1,299.980011,30.0,299.980011,4
4,4,0,1,59.99000168,0.0,59.99000168,3
4,4,0,1,99.98999786,25.0,99.98999786,3
6,4,2,1,54.97000122,2.200000048,54.97000122,3
5,2,3,1,129.9900055,11.69999981,129.9900055,3
2,4,-2,1,59.99000168,3.299999952,59.99000168,2
5,4,1,1,199.9900055,20.0,199.9900055,3
6,4,2,1,299.980011,27.0,299.980011,4
2,1,1,1,399.980011,20.0,399.980011,4
5,4,1,1,399.980011,22.0,399.980011,4
3,2,1,4,199.9199982,39.97999954,49.97999954,1
2,1,1,1,199.9900055,11.0,199.9900055,0
2,2,0,1,399.980011,20.0,399.980011,4
3,4,-1,3,149.9400024,37.49000168,49.97999954,2
4,4,0,4,200.0,2.0,50.0,1
3,4,-1,1,199.9900055,50.0,199.9900055,2
3,4,-1,1,129.9900055,16.89999962,129.9900055,2
4,4,0,2,99.95999908,9.0,49.97999954,3
5,4,1,1,49.97999954,7.5,49.97999954,3
5,4,1,5,250.0,5.0,50.0,1
3,4,-1,5,250.0,30.0,50.0,1
4,2,2,2,100.0,16.0,50.0,3
5,4,1,1,199.9900055,14.0,199.9900055,3
1,0,1,5,250.0,40.0,50.0,0
2,4,-2,1,50.0,2.0,50.0,2
4,4,0,1,129.9900055,16.89999962,129.9900055,3
5,4,1,3,149.9400024,8.25,49.97999954,3
6,4,2,5,299.9500122,30.0,59.99000168,1
5,4,1,1,39.75,6.760000229,39.75,3
4,2,2,5,299.9500122,47.99000168,59.99000168,1
3,2,1,5,174.9499969,29.73999977,34.99000168,1
1,0,1,1,399.980011,60.0,399.980011,4
2,1,1,4,200.0,26.0,50.0,0
3,4,-1,1,199.9900055,32.0,199.9900055,2
2,1,1,1,39.99000168,7.199999809,39.99000168,0
2,1,1,1,164.3800049,29.59000015,164.3800049,0
6,4,2,2,119.9800034,0.0,59.99000168,3
6,4,2,1,15.98999977,3.200000048,15.98999977,3
4,4,0,1,199.9900055,20.0,199.9900055,2
6,2,4,1,129.9900055,5.199999809,129.9900055,3
2,1,1,1,399.980011,52.0,399.980011,4
2,1,1,5,299.9500122,50.99000168,59.99000168,1
6,4,2,1,199.9900055,24.0,199.9900055,3
5,4,1,3,179.9700012,21.60000038,59.99000168,1
6,2,4,5,99.94999695,15.98999977,19.98999977,1
2,4,-2,2,50.0,5.0,25.0,2
2,4,-2,1,399.980011,60.0,399.980011,4
5,2,3,1,215.8200073,8.630000114,215.8200073,3
6,4,2,4,127.9599991,23.03000069,31.98999977,1
5,4,1,1,199.9900055,50.0,199.9900055,3
2,2,0,1,59.99000168,0.0,59.99000168,0
5,2,3,1,49.97999954,0.5,49.97999954,3
3,4,-1,1,199.9900055,0.0,199.9900055,2
5,4,1,1,299.980011,75.0,299.980011,4
3,2,1,1,129.9900055,0.0,129.9900055,0
6,4,2,1,50.0,5.0,50.0,3
6,4,2,1,129.9900055,16.89999962,129.9900055,3
4,2,2,1,399.980011,8.0,399.980011,4
6,4,2,1,129.9900055,22.10000038,129.9900055,3
3,4,-1,1,299.980011,9.0,299.980011,2
6,4,2,1,39.99000168,2.200000048,39.99000168,3
2,1,1,4,399.9599915,4.0,99.98999786,0
2,2,0,1,129.9900055,9.100000381,129.9900055,0
5,4,1,3,150.0,22.5,50.0,3
4,4,0,1,129.9900055,11.69999981,129.9900055,3
4,4,0,1,399.980011,20.0,399.980011,4
6,4,2,1,199.9900055,30.0,199.9900055,3
2,1,1,1,399.980011,60.0,399.980011,4
3,2,1,1,399.980011,22.0,399.980011,4
6,4,2,1,199.9900055,18.0,199.9900055,3
6,4,2,1,39.99000168,3.599999905,39.99000168,3
2,1,1,3,119.9700012,3.599999905,39.99000168,0
1,0,1,1,129.9900055,3.900000095,129.9900055,0
1,0,1,1,399.980011,68.0,399.980011,4
4,4,0,5,499.9500122,79.98999786,99.98999786,1
2,2,0,2,99.95999908,1.0,49.97999954,0
2,1,1,5,499.9500122,79.98999786,99.98999786,1
4,4,0,1,129.9900055,26.0,129.9900055,3
3,4,-1,5,299.9500122,53.99000168,59.99000168,1
5,2,3,1,399.980011,72.0,399.980011,4
2,4,-2,5,299.9500122,30.0,59.99000168,1
3,2,1,5,249.8999939,37.49000168,49.97999954,1
3,4,-1,1,199.9900055,24.0,199.9900055,2
5,2,3,3,299.9700012,21.0,99.98999786,1
2,4,-2,1,399.980011,0.0,399.980011,2
2,1,1,1,399.980011,20.0,399.980011,4
4,4,0,1,399.980011,12.0,399.980011,4
2,4,-2,1,299.980011,60.0,299.980011,4
5,2,3,5,299.9500122,30.0,59.99000168,1
2,2,0,1,129.9900055,23.39999962,129.9900055,0
2,1,1,1,399.980011,40.0,399.980011,4
6,4,2,1,59.99000168,3.299999952,59.99000168,3
2,4,-2,2,100.0,17.0,50.0,2
2,4,-2,5,250.0,10.0,50.0,2
2,1,1,1,31.07999992,5.590000153,31.07999992,0
5,4,1,1,49.97999954,0.0,49.97999954,3
6,4,2,5,239.9499969,43.18999863,47.99000168,1
3,4,-1,5,250.0,2.5,50.0,1
2,1,1,1,129.9900055,7.150000095,129.9900055,0
3,4,-1,1,399.980011,16.0,399.980011,4
3,4,-1,4,239.9600067,0.0,59.99000168,2
5,4,1,1,399.980011,8.0,399.980011,4
2,1,1,4,87.95999908,4.840000153,21.98999977,0
4,4,0,5,250.0,17.5,50.0,1
3,2,1,1,59.99000168,0.0,59.99000168,0
4,2,2,5,250.0,30.0,50.0,1
2,4,-2,1,299.980011,60.0,299.980011,4
3,2,1,4,200.0,8.0,50.0,1
2,4,-2,1,399.980011,80.0,399.980011,4
5,2,3,1,129.9900055,1.299999952,129.9900055,3
1,0,1,1,299.980011,48.0,299.980011,0
4,2,2,5,299.9500122,38.99000168,59.99000168,1
6,4,2,1,129.9900055,19.5,129.9900055,3
1,0,1,2,79.98000336,12.80000019,39.99000168,0
2,1,1,1,50.0,4.5,50.0,0
6,4,2,4,159.9600067,3.200000048,39.99000168,1
4,4,0,1,49.97999954,3.5,49.97999954,3
2,1,1,1,129.9900055,1.299999952,129.9900055,0
3,4,-1,2,100.0,5.5,50.0,2
3,4,-1,2,119.9800034,6.0,59.99000168,2
3,4,-1,4,399.9599915,71.98999786,99.98999786,1
6,4,2,5,299.9500122,35.99000168,59.99000168,1
2,4,-2,4,399.9599915,59.99000168,99.98999786,1
4,4,0,5,199.9499969,35.99000168,39.99000168,1
4,2,2,1,84.40000153,10.97000027,84.40000153,3
5,4,1,5,299.9500122,53.99000168,59.99000168,1
3,2,1,1,129.9900055,13.0,129.9900055,0
2,1,1,1,399.980011,22.0,399.980011,4
3,2,1,3,150.0,10.5,50.0,0
2,2,0,3,299.9700012,36.0,99.98999786,0
3,2,1,4,399.9599915,71.98999786,99.98999786,1
6,4,2,2,100.0,7.0,50.0,3
3,4,-1,1,210.8500061,31.62999916,210.8500061,2
2,4,-2,2,99.95999908,5.5,49.97999954,2
6,2,4,5,250.0,10.0,50.0,1
3,4,-1,3,299.9700012,6.0,99.98999786,2
6,4,2,1,129.9900055,6.5,129.9900055,3
2,1,1,1,399.980011,36.0,399.980011,4
3,2,1,2,43.97999954,0.439999998,21.98999977,0
2,1,1,5,199.9499969,25.98999977,39.99000168,0
2,1,1,1,399.980011,12.0,399.980011,4
4,4,0,1,299.980011,9.0,299.980011,4
3,4,-1,2,199.9799957,50.0,99.98999786,2
3,4,-1,1,15.98999977,2.079999924,15.98999977,2
3,4,-1,1,129.9900055,6.5,129.9900055,2
4,4,0,1,39.99000168,7.199999809,39.99000168,3
2,1,1,2,100.0,9.0,50.0,0
1,0,1,4,207.9600067,37.43000031,51.99000168,0
5,4,1,1,129.9900055,9.100000381,129.9900055,3
5,2,3,1,49.97999954,2.5,49.97999954,3
3,2,1,1,199.9900055,30.0,199.9900055,0
5,2,3,1,39.99000168,2.799999952,39.99000168,3
1,0,1,1,293.0400085,38.09999847,293.0400085,0
4,4,0,1,129.9900055,15.60000038,129.9900055,3
0,0,0,1,129.9900055,23.39999962,129.9900055,0
3,4,-1,1,399.980011,36.0,399.980011,4
3,4,-1,1,215.8200073,4.320000172,215.8200073,2
6,4,2,5,499.9500122,15.0,99.98999786,1
6,4,2,1,199.9900055,8.0,199.9900055,3
4,4,0,1,199.9900055,8.0,199.9900055,3
6,4,2,3,104.9700012,4.199999809,34.99000168,3
0,0,0,1,129.9900055,13.0,129.9900055,0
4,4,0,1,199.9900055,11.0,199.9900055,3
5,4,1,1,1500.0,195.0,1500.0,4
2,1,1,1,399.980011,0.0,399.980011,4
6,2,4,1,129.9900055,26.0,129.9900055,3
5,2,3,5,199.9499969,6.0,39.99000168,1
2,4,-2,1,199.9900055,10.0,199.9900055,2
3,2,1,1,399.980011,28.0,399.980011,4
2,1,1,2,100.0,15.0,50.0,0
2,1,1,5,150.0,37.5,30.0,0
2,1,1,2,100.0,2.0,50.0,0
4,4,0,1,129.9900055,32.5,129.9900055,3
1,0,1,2,119.9800034,0.0,59.99000168,0
4,4,0,1,199.9900055,36.0,199.9900055,2
2,1,1,1,129.9900055,3.900000095,129.9900055,0
2,1,1,1,299.980011,45.0,299.980011,4
6,2,4,1,129.9900055,26.0,129.9900055,3
2,1,1,1,129.9900055,20.79999924,129.9900055,0
3,2,1,1,399.980011,22.0,399.980011,4
2,1,1,4,199.9199982,8.0,49.97999954,0
5,2,3,2,99.95999908,14.98999977,49.97999954,3
5,4,1,1,47.99000168,8.640000343,47.99000168,3
5,4,1,3,119.9700012,21.59000015,39.99000168,3
2,1,1,1,50.0,7.5,50.0,0
3,2,1,4,200.0,0.0,50.0,0
5,4,1,1,129.9900055,16.89999962,129.9900055,3
2,1,1,1,49.97999954,4.5,49.97999954,0
4,4,0,1,199.0,35.8199997,199.0,2
5,4,1,4,200.0,8.0,50.0,1
3,4,-1,1,11.28999996,1.350000024,11.28999996,2
2,2,0,1,299.980011,39.0,299.980011,4
4,4,0,3,90.0,4.5,30.0,2
2,4,-2,4,239.9600067,59.99000168,59.99000168,2
2,1,1,1,129.9900055,23.39999962,129.9900055,0
4,4,0,1,299.980011,60.0,299.980011,4
5,4,1,1,49.97999954,12.5,49.97999954,3
6,4,2,1,199.9900055,20.0,199.9900055,3
2,4,-2,5,249.8999939,5.0,49.97999954,2
2,4,-2,1,299.980011,60.0,299.980011,4
5,4,1,1,299.980011,30.0,299.980011,4
3,4,-1,1,199.9900055,26.0,199.9900055,2
2,4,-2,1,49.97999954,2.0,49.97999954,2
2,1,1,1,59.99000168,6.0,59.99000168,0
2,2,0,1,327.75,9.829999924,327.75,4
2,1,1,4,399.9599915,4.0,99.98999786,0
3,4,-1,4,239.9600067,21.60000038,59.99000168,1
4,4,0,1,39.75,0.400000006,39.75,3
2,4,-2,1,293.0400085,20.51000023,293.0400085,2
6,4,2,1,129.9900055,19.5,129.9900055,3
5,4,1,1,399.980011,22.0,399.980011,4
5,4,1,1,50.0,4.5,50.0,3
2,1,1,1,129.9900055,22.10000038,129.9900055,0
2,4,-2,1,399.980011,64.0,399.980011,4
2,1,1,1,199.9900055,50.0,199.9900055,0
1,0,1,1,24.98999977,6.25,24.98999977,0
2,1,1,5,250.0,40.0,50.0,1
5,2,3,1,59.99000168,9.0,59.99000168,3
4,2,2,1,50.0,2.0,50.0,3
2,2,0,1,399.980011,16.0,399.980011,4
2,1,1,1,199.9900055,30.0,199.9900055,0
1,0,1,4,99.95999908,24.98999977,24.98999977,0
5,4,1,1,108.0,1.080000043,108.0,3
3,4,-1,1,50.0,6.5,50.0,2
2,1,1,1,452.0400085,13.56000042,452.0400085,4
2,4,-2,1,199.9900055,24.0,199.9900055,2
6,4,2,1,199.9900055,20.0,199.9900055,3
4,4,0,5,249.8999939,17.48999977,49.97999954,1
5,4,1,1,11.28999996,0.230000004,11.28999996,3
3,4,-1,3,179.9700012,18.0,59.99000168,2
2,1,1,1,189.0,47.25,189.0,0
2,4,-2,4,199.9199982,35.99000168,49.97999954,2
4,2,2,1,199.9900055,10.0,199.9900055,3
6,4,2,4,200.0,10.0,50.0,1
6,4,2,1,299.980011,51.0,299.980011,4
3,4,-1,1,59.99000168,7.800000191,59.99000168,2
2,1,1,1,399.980011,4.0,399.980011,4
1,0,1,3,299.9700012,12.0,99.98999786,0
5,4,1,2,79.98000336,0.0,39.99000168,3
4,4,0,2,99.95999908,2.0,49.97999954,3
5,4,1,4,199.9199982,13.98999977,49.97999954,1
6,2,4,1,399.980011,64.0,399.980011,4
6,4,2,5,250.0,5.0,50.0,1
5,4,1,4,239.9600067,24.0,59.99000168,1
6,4,2,1,59.99000168,3.299999952,59.99000168,3
2,1,1,1,129.9900055,7.150000095,129.9900055,0
6,4,2,3,119.9700012,2.400000095,39.99000168,3
3,2,1,4,199.9199982,13.98999977,49.97999954,1
3,4,-1,3,150.0,27.0,50.0,2
2,4,-2,1,129.9900055,32.5,129.9900055,2
4,2,2,1,50.0,2.75,50.0,3
4,2,2,5,250.0,13.75,50.0,1
2,4,-2,1,129.9900055,1.299999952,129.9900055,2
6,4,2,1,299.980011,3.0,299.980011,3
2,4,-2,5,250.0,30.0,50.0,2
1,0,1,1,129.9900055,6.5,129.9900055,0
2,4,-2,4,200.0,10.0,50.0,2
6,2,4,2,199.9799957,4.0,99.98999786,3
3,2,1,5,250.0,2.5,50.0,1
3,4,-1,1,129.9900055,6.5,129.9900055,2
6,4,2,1,129.9900055,0.0,129.9900055,3
4,4,0,1,357.1000061,53.5699997,357.1000061,4
3,4,-1,1,99.98999786,5.5,99.98999786,2
0,0,0,1,49.97999954,6.0,49.97999954,0
4,4,0,4,199.9199982,2.0,49.97999954,1
1,0,1,4,199.9199982,10.0,49.97999954,0
5,4,1,3,119.9700012,6.0,39.99000168,3
6,2,4,3,150.0,25.5,50.0,3
2,1,1,3,179.9700012,1.799999952,59.99000168,0
2,1,1,4,239.9600067,35.99000168,59.99000168,0
2,4,-2,1,39.99000168,0.800000012,39.99000168,2
4,4,0,5,250.0,17.5,50.0,1
6,2,4,1,179.9900055,32.40000153,179.9900055,3
2,4,-2,2,199.9799957,20.0,99.98999786,2
4,2,2,1,399.980011,48.0,399.980011,4
4,4,0,2,100.0,20.0,50.0,3
6,4,2,1,399.980011,36.0,399.980011,4
3,4,-1,1,50.0,9.0,50.0,2
4,4,0,3,179.9700012,28.79999924,59.99000168,1
3,4,-1,2,99.95999908,5.5,49.97999954,2
4,4,0,5,299.9500122,21.0,59.99000168,1
2,1,1,3,149.9400024,26.98999977,49.97999954,0
2,1,1,1,299.980011,27.0,299.980011,0
2,4,-2,2,99.95999908,12.98999977,49.97999954,2
2,4,-2,1,129.9900055,9.100000381,129.9900055,2
4,4,0,1,199.9900055,30.0,199.9900055,2
2,4,-2,5,250.0,5.0,50.0,2
3,2,1,1,199.9900055,20.0,199.9900055,0
3,4,-1,1,260.6499939,0.0,260.6499939,2
6,4,2,1,399.980011,8.0,399.980011,4
5,4,1,5,249.8999939,22.48999977,49.97999954,1
3,4,-1,1,299.980011,30.0,299.980011,4
6,4,2,1,129.9900055,26.0,129.9900055,3
2,2,0,1,49.97999954,2.5,49.97999954,0
2,1,1,5,249.8999939,24.98999977,49.97999954,0
3,2,1,5,199.9499969,0.0,39.99000168,1
4,4,0,2,100.0,12.0,50.0,3
2,1,1,1,399.980011,68.0,399.980011,4
4,4,0,1,129.9900055,9.100000381,129.9900055,3
6,4,2,1,199.9900055,10.0,199.9900055,3
5,4,1,1,199.9900055,50.0,199.9900055,3
2,4,-2,1,49.97999954,6.5,49.97999954,2
6,4,2,1,129.9900055,6.5,129.9900055,3
4,2,2,1,299.980011,30.0,299.980011,4
6,4,2,5,499.9500122,124.9899979,99.98999786,1
3,2,1,5,249.8999939,62.47999954,49.97999954,1
3,4,-1,1,399.980011,36.0,399.980011,4
2,1,1,1,199.9900055,30.0,199.9900055,0
3,2,1,1,129.9900055,0.0,129.9900055,0
3,4,-1,5,124.9499969,2.5,24.98999977,1
6,2,4,1,129.9900055,6.5,129.9900055,3
5,4,1,1,129.9900055,26.0,129.9900055,3
2,2,0,1,129.9900055,20.79999924,129.9900055,0
2,4,-2,4,159.9600067,14.39999962,39.99000168,2
2,1,1,1,399.980011,40.0,399.980011,4
4,4,0,1,199.9900055,26.0,199.9900055,2
6,4,2,3,179.9700012,32.38999939,59.99000168,3
2,4,-2,4,200.0,26.0,50.0,2
4,4,0,1,129.9900055,13.0,129.9900055,3
6,4,2,1,129.9900055,1.299999952,129.9900055,3
3,4,-1,1,49.97999954,8.0,49.97999954,2
5,4,1,1,399.980011,4.0,399.980011,4
4,4,0,5,150.0,10.5,30.0,1
4,4,0,1,399.980011,12.0,399.980011,4
6,4,2,3,179.9700012,12.60000038,59.99000168,3
3,2,1,1,39.99000168,3.599999905,39.99000168,0
2,4,-2,1,199.9900055,34.0,199.9900055,2
3,4,-1,2,99.95999908,12.98999977,49.97999954,2
2,4,-2,4,199.9199982,33.99000168,49.97999954,2
3,2,1,1,129.9900055,7.150000095,129.9900055,0
5,2,3,1,199.9900055,11.0,199.9900055,3
6,2,4,1,199.9900055,4.0,199.9900055,3
3,4,-1,3,95.97000122,17.27000046,31.98999977,2
5,2,3,5,250.0,2.5,50.0,1
3,4,-1,5,499.9500122,27.5,99.98999786,1
2,1,1,1,299.980011,60.0,299.980011,4
0,0,0,4,199.9199982,49.97999954,49.97999954,0
5,4,1,3,89.97000122,10.80000019,29.98999977,3
4,4,0,1,199.9900055,20.0,199.9900055,2
1,0,1,1,129.9900055,6.5,129.9900055,0
5,4,1,1,129.9900055,2.599999905,129.9900055,3
3,4,-1,1,199.9900055,36.0,199.9900055,2
5,2,3,4,239.9600067,9.600000381,59.99000168,1
4,2,2,1,399.980011,100.0,399.980011,4
4,4,0,1,199.9900055,0.0,199.9900055,3
6,4,2,1,399.980011,40.0,399.980011,4
3,4,-1,3,179.9700012,30.59000015,59.99000168,2
3,2,1,5,250.0,13.75,50.0,1
4,4,0,3,149.9400024,17.98999977,49.97999954,1
6,4,2,1,252.8800049,37.93000031,252.8800049,3
4,4,0,3,179.9700012,1.799999952,59.99000168,2
2,1,1,5,499.9500122,99.98999786,99.98999786,1
6,4,2,3,150.0,22.5,50.0,3
6,2,4,1,129.9900055,7.150000095,129.9900055,3
2,4,-2,1,399.980011,4.0,399.980011,4
2,2,0,1,99.98999786,25.0,99.98999786,0
2,4,-2,4,399.9599915,99.98999786,99.98999786,1
2,1,1,1,39.99000168,6.800000191,39.99000168,0
2,1,1,5,299.9500122,30.0,59.99000168,1
4,4,0,3,299.9700012,36.0,99.98999786,1
5,4,1,2,100.0,10.0,50.0,3
2,4,-2,1,129.9900055,26.0,129.9900055,2
6,4,2,4,159.9600067,31.98999977,39.99000168,1
4,4,0,3,149.9400024,23.98999977,49.97999954,1
2,1,1,1,199.9900055,6.0,199.9900055,0
4,4,0,3,95.97000122,3.839999914,31.98999977,2
5,4,1,5,249.8999939,22.48999977,49.97999954,1
2,4,-2,5,250.0,62.5,50.0,1
2,4,-2,1,164.3800049,27.94000053,164.3800049,2
6,4,2,4,99.95999908,12.0,24.98999977,1
3,4,-1,5,499.9500122,27.5,99.98999786,1
6,4,2,3,179.9700012,16.20000076,59.99000168,3
2,4,-2,4,159.9600067,23.98999977,39.99000168,2
5,2,3,2,99.95999908,2.0,49.97999954,3
2,1,1,4,199.9199982,29.98999977,49.97999954,0
4,4,0,1,129.9900055,1.299999952,129.9900055,3
6,4,2,2,100.0,3.0,50.0,3
6,4,2,4,399.9599915,63.99000168,99.98999786,1
2,4,-2,1,129.9900055,2.599999905,129.9900055,2
5,4,1,5,79.94999695,9.590000153,15.98999977,1
6,4,2,1,39.75,9.93999958,39.75,3
6,4,2,1,99.98999786,18.0,99.98999786,3
5,4,1,3,299.9700012,9.0,99.98999786,1
2,4,-2,1,299.9899902,15.0,299.9899902,2
4,2,2,1,59.99000168,6.0,59.99000168,3
3,4,-1,3,119.9700012,3.599999905,39.99000168,2
0,0,0,1,129.9900055,15.60000038,129.9900055,0
5,4,1,1,49.97999954,3.5,49.97999954,3
5,4,1,4,199.9199982,6.0,49.97999954,1
5,4,1,1,129.9900055,11.69999981,129.9900055,3
6,4,2,4,199.9199982,35.99000168,49.97999954,1
3,2,1,1,14.98999977,1.5,14.98999977,0
2,2,0,5,249.8999939,22.48999977,49.97999954,1
2,1,1,1,299.980011,27.0,299.980011,0
5,4,1,1,129.9900055,32.5,129.9900055,3
4,4,0,1,11.28999996,1.690000057,11.28999996,3
2,1,1,5,250.0,5.0,50.0,0
6,4,2,1,109.9499969,4.400000095,109.9499969,3
3,2,1,1,452.0400085,31.63999939,452.0400085,4
5,4,1,5,299.9500122,47.99000168,59.99000168,1
4,4,0,1,199.9900055,11.0,199.9900055,3
4,4,0,5,250.0,22.5,50.0,1
3,2,1,2,119.9800034,8.399999619,59.99000168,0
6,4,2,1,129.9900055,1.299999952,129.9900055,3
6,2,4,1,399.980011,36.0,399.980011,4
2,1,1,2,63.97999954,5.760000229,31.98999977,0
5,4,1,1,399.980011,0.0,399.980011,4
3,4,-1,1,129.9900055,13.0,129.9900055,2
3,4,-1,3,104.9700012,3.150000095,34.99000168,2
3,4,-1,1,129.9900055,32.5,129.9900055,2
6,2,4,1,59.99000168,9.0,59.99000168,3
2,4,-2,1,50.0,2.75,50.0,2
2,1,1,2,100.0,0.0,50.0,0
6,4,2,1,199.9900055,14.0,199.9900055,3
2,1,1,5,159.9499969,8.800000191,31.98999977,0
4,4,0,3,119.9700012,6.0,39.99000168,2
3,4,-1,1,129.9900055,5.199999809,129.9900055,2
2,1,1,1,129.9900055,16.89999962,129.9900055,0
4,2,2,1,199.9900055,50.0,199.9900055,4
5,2,3,1,199.9900055,20.0,199.9900055,3
2,1,1,1,129.9900055,11.69999981,129.9900055,0
2,1,1,1,59.99000168,3.299999952,59.99000168,0
6,4,2,3,179.9700012,3.599999905,59.99000168,3
2,4,-2,4,200.0,30.0,50.0,2
3,4,-1,1,99.98999786,5.0,99.98999786,2
2,1,1,1,199.9900055,40.0,199.9900055,0
6,4,2,1,461.480011,23.0699997,461.480011,4
4,4,0,1,299.980011,51.0,299.980011,4
2,4,-2,5,299.9500122,50.99000168,59.99000168,1
3,4,-1,4,239.9600067,13.19999981,59.99000168,2
6,4,2,1,50.0,0.0,50.0,3
4,4,0,1,399.980011,28.0,399.980011,4
3,4,-1,2,99.95999908,12.0,49.97999954,2
6,4,2,2,119.9800034,2.400000095,59.99000168,3
3,2,1,1,199.9900055,2.0,199.9900055,0
6,4,2,4,207.9600067,35.34999847,51.99000168,1
5,2,3,5,199.9499969,31.98999977,39.99000168,1
0,0,0,3,149.9400024,19.48999977,49.97999954,0
6,4,2,5,159.9499969,14.39999962,31.98999977,1
2,4,-2,3,299.9700012,12.0,99.98999786,2
4,2,2,1,129.9900055,5.199999809,129.9900055,3
5,2,3,3,149.9400024,17.98999977,49.97999954,3
5,4,1,1,299.980011,54.0,299.980011,4
4,2,2,4,191.9600067,38.38999939,47.99000168,1
0,0,0,3,149.9400024,22.48999977,49.97999954,0
2,1,1,1,129.9900055,16.89999962,129.9900055,0
2,2,0,4,399.9599915,48.0,99.98999786,1
5,2,3,1,129.9900055,1.299999952,129.9900055,3
2,1,1,1,129.9900055,0.0,129.9900055,0
6,4,2,1,199.9900055,40.0,199.9900055,3
2,1,1,2,119.9800034,21.60000038,59.99000168,0
2,4,-2,5,299.9500122,9.0,59.99000168,2
3,2,1,1,129.9900055,20.79999924,129.9900055,0
5,4,1,1,49.97999954,2.75,49.97999954,3
6,4,2,3,149.9400024,22.48999977,49.97999954,3
2,2,0,1,129.9900055,9.100000381,129.9900055,0
2,4,-2,1,199.9900055,26.0,199.9900055,2
5,2,3,1,129.9900055,13.0,129.9900055,3
6,4,2,1,199.9900055,14.0,199.9900055,3
2,4,-2,1,299.980011,54.0,299.980011,4
3,4,-1,2,89.98000336,16.20000076,44.99000168,2
3,4,-1,1,11.53999996,0.0,11.53999996,2
5,4,1,1,129.9900055,2.599999905,129.9900055,3
0,0,0,1,260.6499939,39.09999847,260.6499939,0
4,4,0,1,50.0,2.75,50.0,3
4,4,0,1,299.980011,45.0,299.980011,4
5,4,1,1,99.98999786,15.0,99.98999786,3
6,4,2,1,129.9900055,5.199999809,129.9900055,3
4,4,0,1,129.9900055,7.150000095,129.9900055,3
5,4,1,1,129.9900055,32.5,129.9900055,3
3,2,1,1,399.980011,72.0,399.980011,4
1,0,1,1,24.98999977,3.25,24.98999977,0
5,4,1,1,357.1000061,35.70999908,357.1000061,4
4,4,0,1,299.980011,48.0,299.980011,4
1,0,1,2,199.9799957,10.0,99.98999786,0
6,4,2,1,399.980011,64.0,399.980011,4
2,4,-2,1,129.9900055,26.0,129.9900055,2
4,4,0,1,59.99000168,1.799999952,59.99000168,3
5,4,1,5,250.0,42.5,50.0,1
5,4,1,1,84.40000153,5.909999847,84.40000153,3
2,1,1,2,119.9800034,1.200000048,59.99000168,0
6,4,2,1,129.9900055,7.150000095,129.9900055,3
3,4,-1,3,210.0,8.399999619,70.0,2
6,4,2,1,299.980011,45.0,299.980011,4
4,4,0,1,22.0,0.439999998,22.0,3
2,1,1,5,250.0,10.0,50.0,0
3,4,-1,1,129.9900055,23.39999962,129.9900055,2
6,4,2,3,239.9700012,24.0,79.98999786,3
4,2,2,4,200.0,0.0,50.0,1
3,2,1,1,299.980011,9.0,299.980011,4
4,2,2,1,199.9900055,0.0,199.9900055,3
2,2,0,5,249.8999939,39.97999954,49.97999954,1
6,2,4,1,129.9900055,26.0,129.9900055,3
4,4,0,3,179.9700012,18.0,59.99000168,1
2,4,-2,1,129.9900055,22.10000038,129.9900055,2
6,4,2,4,199.9199982,25.98999977,49.97999954,1
6,2,4,4,159.9600067,23.98999977,39.99000168,1
4,2,2,1,59.99000168,2.400000095,59.99000168,3
3,2,1,1,129.9900055,7.150000095,129.9900055,0
2,1,1,1,39.99000168,6.800000191,39.99000168,0
3,4,-1,3,179.9700012,9.0,59.99000168,2
2,1,1,4,200.0,50.0,50.0,0
6,4,2,5,299.9500122,30.0,59.99000168,1
3,4,-1,1,399.980011,64.0,399.980011,4
5,4,1,1,199.9900055,0.0,199.9900055,3
5,4,1,1,11.53999996,1.5,11.53999996,3
5,4,1,1,39.99000168,6.0,39.99000168,3
2,1,1,1,199.9900055,14.0,199.9900055,0
2,4,-2,1,129.9900055,15.60000038,129.9900055,2
2,1,1,1,39.99000168,3.599999905,39.99000168,0
4,4,0,1,22.0,0.879999995,22.0,3
3,4,-1,1,299.980011,9.0,299.980011,2
4,4,0,1,299.980011,60.0,299.980011,4
3,4,-1,1,129.9900055,20.79999924,129.9900055,2
1,0,1,5,250.0,5.0,50.0,0
3,4,-1,1,399.980011,60.0,399.980011,4
2,1,1,5,299.9500122,50.99000168,59.99000168,1
3,4,-1,1,31.98999977,0.959999979,31.98999977,2
4,2,2,4,159.9600067,23.98999977,39.99000168,1
5,4,1,2,49.97999954,3.5,24.98999977,3
5,4,1,5,499.9500122,35.0,99.98999786,1
3,4,-1,1,199.9900055,8.0,199.9900055,2
3,4,-1,1,129.9900055,19.5,129.9900055,2
2,2,0,4,239.9600067,16.79999924,59.99000168,0
3,4,-1,2,199.9799957,40.0,99.98999786,2
5,4,1,3,74.97000122,2.25,24.98999977,3
1,0,1,2,199.9799957,24.0,99.98999786,0
1,0,1,5,499.9500122,20.0,99.98999786,0
1,0,1,2,100.0,25.0,50.0,0
2,4,-2,2,119.9800034,0.0,59.99000168,2
3,4,-1,1,49.97999954,0.0,49.97999954,2
2,1,1,1,299.980011,21.0,299.980011,0
2,1,1,1,49.97999954,6.5,49.97999954,0
6,4,2,1,59.99000168,10.80000019,59.99000168,3
3,4,-1,3,299.9700012,9.0,99.98999786,2
2,4,-2,3,149.9400024,22.48999977,49.97999954,2
2,1,1,5,299.9500122,6.0,59.99000168,0
5,4,1,4,200.0,14.0,50.0,1
2,1,1,2,99.95999908,12.0,49.97999954,0
2,1,1,1,129.9900055,16.89999962,129.9900055,0
3,4,-1,3,150.0,0.0,50.0,2
5,4,1,2,119.9800034,10.80000019,59.99000168,3
4,2,2,1,399.980011,22.0,399.980011,4
5,2,3,3,119.9700012,19.20000076,39.99000168,3
3,4,-1,1,299.980011,21.0,299.980011,2
4,4,0,1,215.8200073,21.57999992,215.8200073,2
5,4,1,2,119.9800034,4.800000191,59.99000168,3
4,4,0,1,39.99000168,6.400000095,39.99000168,3
2,2,0,3,179.9700012,35.99000168,59.99000168,0
6,4,2,2,119.9800034,18.0,59.99000168,3
6,4,2,1,399.980011,100.0,399.980011,4
2,1,1,1,99.98999786,2.0,99.98999786,0
5,4,1,4,200.0,26.0,50.0,1
5,4,1,2,119.9800034,12.0,59.99000168,3
4,2,2,4,199.9199982,17.98999977,49.97999954,1
2,2,0,1,129.9900055,5.199999809,129.9900055,0
2,1,1,2,44.0,2.200000048,22.0,0
2,4,-2,4,200.0,24.0,50.0,2
2,1,1,1,129.9900055,6.5,129.9900055,0
2,4,-2,1,99.98999786,20.0,99.98999786,2
6,4,2,1,199.9900055,26.0,199.9900055,3
2,1,1,1,129.9900055,9.100000381,129.9900055,0
3,4,-1,1,399.980011,0.0,399.980011,4
5,4,1,1,129.9900055,9.100000381,129.9900055,3
2,1,1,5,250.0,0.0,50.0,0
0,0,0,1,31.07999992,1.24000001,31.07999992,0
4,2,2,1,49.97999954,1.5,49.97999954,3
6,2,4,1,59.99000168,3.0,59.99000168,3
6,4,2,5,299.9500122,15.0,59.99000168,1
3,2,1,2,99.95999908,2.0,49.97999954,0
5,4,1,1,19.98999977,1.799999952,19.98999977,3
4,4,0,3,149.9400024,14.98999977,49.97999954,1
1,0,1,1,299.980011,60.0,299.980011,0
6,2,4,5,499.9500122,35.0,99.98999786,1
5,4,1,1,299.980011,15.0,299.980011,4
2,1,1,5,350.0,42.0,70.0,1
6,4,2,2,100.0,5.0,50.0,3
5,4,1,1,39.99000168,2.200000048,39.99000168,3
4,4,0,5,299.9500122,12.0,59.99000168,1
3,4,-1,1,399.980011,8.0,399.980011,4
3,2,1,2,79.98000336,1.600000024,39.99000168,0
6,2,4,1,129.9900055,23.39999962,129.9900055,3
4,4,0,1,399.980011,36.0,399.980011,4
4,4,0,1,50.0,7.5,50.0,3
2,1,1,1,399.980011,16.0,399.980011,4
4,4,0,1,59.99000168,0.600000024,59.99000168,3
2,2,0,2,79.98000336,3.200000048,39.99000168,0
5,4,1,1,299.980011,51.0,299.980011,4
5,4,1,2,100.0,3.0,50.0,3
2,1,1,1,299.980011,51.0,299.980011,4
2,1,1,5,499.9500122,79.98999786,99.98999786,1
3,4,-1,1,129.9900055,9.100000381,129.9900055,2
3,2,1,3,179.9700012,23.39999962,59.99000168,0
3,2,1,1,299.980011,30.0,299.980011,4
2,4,-2,3,149.9400024,7.5,49.97999954,2
6,4,2,5,199.9499969,0.0,39.99000168,1
6,4,2,1,11.28999996,2.819999933,11.28999996,3
6,4,2,1,129.9900055,3.900000095,129.9900055,3
4,4,0,1,199.9900055,34.0,199.9900055,2
6,2,4,5,299.9500122,30.0,59.99000168,1
2,4,-2,1,299.980011,3.0,299.980011,2
3,4,-1,1,49.97999954,4.5,49.97999954,2
6,2,4,1,129.9900055,19.5,129.9900055,3
2,1,1,1,50.0,3.5,50.0,0
6,4,2,4,399.9599915,8.0,99.98999786,1
2,4,-2,5,299.9500122,30.0,59.99000168,1
6,4,2,4,200.0,36.0,50.0,1
4,4,0,1,199.9900055,6.0,199.9900055,3
2,1,1,1,299.980011,39.0,299.980011,4
2,2,0,1,399.980011,72.0,399.980011,4
4,4,0,3,150.0,1.5,50.0,2
1,0,1,2,31.97999954,3.200000048,15.98999977,0
5,4,1,2,199.9799957,26.0,99.98999786,3
3,2,1,2,199.9799957,10.0,99.98999786,0
6,4,2,1,299.980011,60.0,299.980011,4
2,2,0,1,399.980011,68.0,399.980011,4
6,4,2,1,129.9900055,19.5,129.9900055,3
2,4,-2,1,129.9900055,32.5,129.9900055,2
3,4,-1,4,399.9599915,63.99000168,99.98999786,1
1,0,1,4,239.9600067,59.99000168,59.99000168,0
6,2,4,1,215.8200073,43.15999985,215.8200073,3
5,4,1,1,164.3800049,4.929999828,164.3800049,3
2,2,0,1,129.9900055,11.69999981,129.9900055,0
2,1,1,1,59.99000168,4.199999809,59.99000168,0
6,4,2,1,50.0,0.5,50.0,3
4,4,0,3,119.9700012,3.599999905,39.99000168,2
2,4,-2,1,59.99000168,9.600000381,59.99000168,2
2,1,1,4,239.9600067,7.199999809,59.99000168,0
6,2,4,1,299.980011,0.0,299.980011,3
2,4,-2,1,399.980011,100.0,399.980011,4
5,4,1,1,129.9900055,1.299999952,129.9900055,3
5,4,1,1,129.9900055,2.599999905,129.9900055,3
3,2,1,1,19.98999977,4.0,19.98999977,0
3,4,-1,4,127.9599991,12.80000019,31.98999977,2
4,4,0,1,199.9900055,36.0,199.9900055,2
4,4,0,4,400.0,36.0,100.0,1
4,4,0,1,59.99000168,3.299999952,59.99000168,3
5,4,1,4,239.9600067,40.79000092,59.99000168,1
4,4,0,3,59.97000122,2.400000095,19.98999977,3
1,0,1,1,59.99000168,10.19999981,59.99000168,0
2,1,1,3,149.9400024,7.5,49.97999954,0
6,4,2,5,250.0,13.75,50.0,1
5,4,1,2,99.95999908,9.0,49.97999954,3
3,4,-1,1,299.980011,39.0,299.980011,4
2,1,1,5,249.8999939,17.48999977,49.97999954,0
2,4,-2,3,210.0,14.69999981,70.0,2
2,4,-2,5,249.8999939,12.5,49.97999954,2
3,4,-1,1,399.980011,100.0,399.980011,4
3,2,1,1,129.9900055,19.5,129.9900055,0
6,4,2,3,150.0,18.0,50.0,3
2,4,-2,4,399.9599915,16.0,99.98999786,2
2,1,1,1,399.980011,36.0,399.980011,4
2,4,-2,1,199.9900055,10.0,199.9900055,2
5,4,1,1,199.9900055,10.0,199.9900055,3
6,4,2,1,299.980011,12.0,299.980011,3
3,4,-1,1,31.07999992,4.96999979,31.07999992,2
3,4,-1,1,50.0,2.75,50.0,2
3,4,-1,4,59.95999908,0.600000024,14.98999977,2
4,2,2,1,59.99000168,3.0,59.99000168,3
2,4,-2,1,199.9900055,50.0,199.9900055,2
2,4,-2,1,129.9900055,32.5,129.9900055,2
3,4,-1,1,199.9900055,36.0,199.9900055,2
4,4,0,2,100.0,1.0,50.0,3
4,2,2,1,199.9900055,26.0,199.9900055,3
0,0,0,5,199.9499969,0.0,39.99000168,0
2,4,-2,2,39.97999954,2.799999952,19.98999977,2
2,4,-2,3,179.9700012,28.79999924,59.99000168,2
4,4,0,1,34.99000168,0.349999994,34.99000168,3
6,4,2,3,299.9700012,59.99000168,99.98999786,1
3,4,-1,1,129.9900055,20.79999924,129.9900055,2
5,2,3,3,179.9700012,16.20000076,59.99000168,3
2,4,-2,1,129.9900055,9.100000381,129.9900055,2
6,4,2,1,129.9900055,13.0,129.9900055,3
6,4,2,1,99.98999786,3.0,99.98999786,3
6,4,2,4,200.0,30.0,50.0,1
2,1,1,1,299.980011,48.0,299.980011,4
1,0,1,5,299.9500122,38.99000168,59.99000168,0
2,1,1,4,99.95999908,19.98999977,24.98999977,0
6,4,2,1,49.97999954,10.0,49.97999954,3
2,2,0,1,59.99000168,1.200000048,59.99000168,0
5,4,1,1,199.9900055,40.0,199.9900055,3
6,4,2,4,159.9600067,31.98999977,39.99000168,1
4,2,2,1,129.9900055,7.150000095,129.9900055,3
3,4,-1,1,59.99000168,5.400000095,59.99000168,2
5,2,3,1,399.980011,8.0,399.980011,4
3,4,-1,4,200.0,6.0,50.0,2
6,2,4,1,299.980011,54.0,299.980011,4
1,0,1,1,129.9900055,11.69999981,129.9900055,0
2,1,1,1,129.9900055,1.299999952,129.9900055,0
6,4,2,2,119.9800034,12.0,59.99000168,3
0,0,0,1,129.9900055,1.299999952,129.9900055,0
2,2,0,5,249.8999939,10.0,49.97999954,1
2,4,-2,2,99.95999908,17.98999977,49.97999954,2
2,1,1,4,200.0,18.0,50.0,0
3,4,-1,3,150.0,27.0,50.0,2
4,4,0,3,155.9700012,4.679999828,51.99000168,2
3,4,-1,1,129.9900055,3.900000095,129.9900055,2
6,4,2,1,399.980011,40.0,399.980011,4
2,4,-2,1,59.99000168,15.0,59.99000168,2
6,4,2,5,299.9500122,38.99000168,59.99000168,1
5,4,1,1,129.9900055,7.150000095,129.9900055,3
6,4,2,1,299.980011,45.0,299.980011,4
2,4,-2,1,129.9900055,23.39999962,129.9900055,2
6,4,2,1,19.98999977,2.599999905,19.98999977,3
1,0,1,2,100.0,10.0,50.0,0
3,4,-1,4,399.9599915,71.98999786,99.98999786,1
5,4,1,1,129.9900055,16.89999962,129.9900055,3
2,1,1,1,399.980011,16.0,399.980011,4
2,1,1,1,299.980011,16.5,299.980011,0
3,4,-1,5,250.0,0.0,50.0,1
4,4,0,2,119.9800034,15.60000038,59.99000168,3
6,4,2,3,134.9700012,13.5,44.99000168,3
4,4,0,1,129.9900055,19.5,129.9900055,3
4,4,0,1,39.75,3.980000019,39.75,3
6,2,4,1,299.980011,15.0,299.980011,3
3,4,-1,2,79.98000336,4.0,39.99000168,2
4,4,0,1,29.98999977,3.599999905,29.98999977,3
6,4,2,4,239.9600067,24.0,59.99000168,1
1,0,1,5,249.8999939,13.73999977,49.97999954,0
5,2,3,1,199.9900055,2.0,199.9900055,3
2,4,-2,2,199.9799957,0.0,99.98999786,2
5,4,1,1,299.980011,30.0,299.980011,4
2,4,-2,1,399.980011,0.0,399.980011,2
5,4,1,3,299.9700012,12.0,99.98999786,1
2,1,1,5,199.9499969,6.0,39.99000168,0
6,4,2,4,199.9199982,2.0,49.97999954,1
6,4,2,1,299.980011,27.0,299.980011,4
2,1,1,4,199.9199982,6.0,49.97999954,0
6,4,2,4,200.0,18.0,50.0,1
4,4,0,3,149.9400024,29.98999977,49.97999954,1
2,2,0,5,499.9500122,15.0,99.98999786,1
2,4,-2,1,199.9900055,34.0,199.9900055,2
5,4,1,1,129.9900055,2.599999905,129.9900055,3
5,4,1,1,399.980011,60.0,399.980011,4
3,4,-1,1,299.980011,60.0,299.980011,4
5,4,1,1,399.980011,0.0,399.980011,4
4,2,2,2,119.9800034,2.400000095,59.99000168,3
6,2,4,2,79.98000336,20.0,39.99000168,3
6,4,2,1,299.980011,12.0,299.980011,3
2,1,1,1,59.99000168,3.0,59.99000168,0
5,4,1,2,99.95999908,0.0,49.97999954,3
4,4,0,1,39.75,1.99000001,39.75,3
2,1,1,4,239.9600067,9.600000381,59.99000168,0
3,4,-1,1,299.980011,51.0,299.980011,4
2,4,-2,5,299.9500122,9.0,59.99000168,2
4,4,0,2,100.0,17.0,50.0,3
5,4,1,2,29.97999954,1.649999976,14.98999977,3
6,4,2,1,59.99000168,9.0,59.99000168,3
2,4,-2,1,399.980011,28.0,399.980011,4
2,2,0,2,119.9800034,6.0,59.99000168,0
3,4,-1,3,149.9400024,8.25,49.97999954,2
5,4,1,1,199.9900055,36.0,199.9900055,3
4,2,2,1,399.980011,0.0,399.980011,4
6,2,4,1,399.980011,60.0,399.980011,4
6,4,2,1,59.99000168,10.19999981,59.99000168,3
3,2,1,1,399.980011,60.0,399.980011,4
5,2,3,1,199.9900055,14.0,199.9900055,3
5,4,1,4,200.0,30.0,50.0,1
2,4,-2,3,179.9700012,28.79999924,59.99000168,2
3,4,-1,5,199.9499969,14.0,39.99000168,1
2,1,1,1,399.980011,36.0,399.980011,4
4,4,0,4,200.0,0.0,50.0,1
5,2,3,1,399.980011,100.0,399.980011,4
6,4,2,5,299.9500122,12.0,59.99000168,1
2,1,1,1,299.980011,12.0,299.980011,0
2,2,0,4,199.9199982,39.97999954,49.97999954,0
5,4,1,5,199.9499969,49.99000168,39.99000168,1
2,4,-2,3,150.0,22.5,50.0,2
5,4,1,5,149.9499969,8.25,29.98999977,1
2,4,-2,1,109.9499969,0.0,109.9499969,2
2,4,-2,4,199.9199982,39.97999954,49.97999954,2
6,4,2,3,179.9700012,16.20000076,59.99000168,3
2,4,-2,3,66.0,2.640000105,22.0,2
3,4,-1,1,179.9900055,36.0,179.9900055,2
5,2,3,1,108.0,3.24000001,108.0,3
6,4,2,1,59.99000168,7.199999809,59.99000168,3
3,2,1,4,159.9600067,11.19999981,39.99000168,1
6,4,2,5,250.0,37.5,50.0,1
6,4,2,3,179.9700012,18.0,59.99000168,3
5,2,3,2,119.9800034,8.399999619,59.99000168,3
5,2,3,5,249.8999939,17.48999977,49.97999954,1
4,4,0,3,150.0,22.5,50.0,1
4,2,2,1,399.980011,52.0,399.980011,4
4,4,0,1,164.3800049,41.09999847,164.3800049,2
2,1,1,1,399.980011,12.0,399.980011,4
5,4,1,5,499.9500122,10.0,99.98999786,1
2,1,1,1,49.97999954,3.5,49.97999954,0
4,4,0,1,399.980011,4.0,399.980011,4
3,2,1,2,100.0,13.0,50.0,0
6,4,2,4,239.9600067,16.79999924,59.99000168,1
2,1,1,1,129.9900055,13.0,129.9900055,0
6,2,4,4,199.9199982,17.98999977,49.97999954,1
6,4,2,1,129.9900055,6.5,129.9900055,3
1,0,1,1,199.9900055,24.0,199.9900055,0
2,4,-2,1,129.9900055,0.0,129.9900055,2
3,4,-1,3,240.0,40.79999924,80.0,2
2,1,1,1,327.75,39.33000183,327.75,4
2,1,1,3,179.9700012,7.199999809,59.99000168,0
3,4,-1,1,129.9900055,15.60000038,129.9900055,2
3,4,-1,1,399.980011,64.0,399.980011,4
2,4,-2,1,399.980011,28.0,399.980011,4
6,4,2,1,299.980011,48.0,299.980011,4
5,2,3,1,293.0400085,29.29999924,293.0400085,4
4,4,0,1,129.9900055,3.900000095,129.9900055,3
2,4,-2,4,179.9600067,23.38999939,44.99000168,2
6,4,2,3,119.9700012,18.0,39.99000168,3
3,2,1,1,129.9900055,1.299999952,129.9900055,0
3,2,1,2,119.9800034,6.0,59.99000168,0
4,4,0,4,200.0,26.0,50.0,1
3,4,-1,1,129.9900055,1.299999952,129.9900055,2
3,4,-1,1,39.99000168,2.200000048,39.99000168,2
2,1,1,3,150.0,8.25,50.0,0
3,4,-1,1,49.97999954,10.0,49.97999954,2
2,2,0,1,399.980011,80.0,399.980011,4
6,2,4,5,250.0,10.0,50.0,1
2,1,1,1,50.0,0.5,50.0,0
6,4,2,4,200.0,10.0,50.0,1
4,4,0,2,59.97999954,0.600000024,29.98999977,3
2,1,1,4,200.0,8.0,50.0,0
6,4,2,4,71.95999908,3.960000038,17.98999977,3
3,4,-1,1,399.980011,80.0,399.980011,4
4,2,2,2,63.97999954,3.200000048,31.98999977,3
2,2,0,5,299.9500122,15.0,59.99000168,1
4,2,2,1,129.9900055,3.900000095,129.9900055,3
2,1,1,1,49.97999954,9.0,49.97999954,0
2,1,1,1,199.9900055,11.0,199.9900055,0
6,4,2,3,74.97000122,1.5,24.98999977,3
6,4,2,3,149.9400024,7.5,49.97999954,3
3,4,-1,1,299.980011,54.0,299.980011,4
6,4,2,1,215.8200073,0.0,215.8200073,3
2,2,0,1,399.980011,100.0,399.980011,4
2,4,-2,1,299.980011,27.0,299.980011,2
2,1,1,3,150.0,10.5,50.0,0
5,4,1,1,30.0,2.700000048,30.0,3
4,4,0,1,129.9900055,23.39999962,129.9900055,3
5,4,1,5,249.8999939,62.47999954,49.97999954,1
2,1,1,1,399.980011,72.0,399.980011,4
6,4,2,5,299.9500122,30.0,59.99000168,1
4,4,0,2,119.9800034,12.0,59.99000168,3
6,4,2,3,149.9400024,17.98999977,49.97999954,3
4,2,2,5,299.9500122,53.99000168,59.99000168,1
2,4,-2,1,532.5800171,5.329999924,532.5800171,4
2,1,1,1,299.980011,9.0,299.980011,0
2,4,-2,2,63.97999954,12.80000019,31.98999977,2
2,1,1,1,299.980011,45.0,299.980011,4
3,4,-1,3,299.9700012,27.0,99.98999786,2
4,4,0,1,299.980011,36.0,299.980011,4
2,1,1,1,199.9900055,32.0,199.9900055,0
2,1,1,5,499.9500122,10.0,99.98999786,1
5,2,3,1,129.9900055,2.599999905,129.9900055,3
2,4,-2,1,129.9900055,19.5,129.9900055,2
5,4,1,1,129.9900055,5.199999809,129.9900055,3
4,4,0,1,39.99000168,0.0,39.99000168,3
5,4,1,2,119.9800034,3.599999905,59.99000168,3
6,2,4,3,149.9400024,29.98999977,49.97999954,3
6,2,4,1,129.9900055,16.89999962,129.9900055,3
2,1,1,2,99.95999908,1.0,49.97999954,0
4,4,0,1,129.9900055,15.60000038,129.9900055,3
4,4,0,2,119.9800034,18.0,59.99000168,3
6,4,2,2,99.95999908,12.98999977,49.97999954,3
5,4,1,1,129.9900055,32.5,129.9900055,3
2,1,1,1,532.5800171,63.90999985,532.5800171,4
2,2,0,5,99.94999695,3.0,19.98999977,0
6,2,4,1,129.9900055,13.0,129.9900055,3
5,2,3,2,79.98000336,5.599999905,39.99000168,3
4,4,0,2,100.0,20.0,50.0,3
6,4,2,3,299.9700012,74.98999786,99.98999786,1
3,4,-1,1,129.9900055,13.0,129.9900055,2
6,4,2,2,99.95999908,5.5,49.97999954,3
2,1,1,5,159.9499969,31.98999977,31.98999977,0
3,4,-1,1,199.9900055,40.0,199.9900055,2
6,4,2,1,59.99000168,10.19999981,59.99000168,3
6,4,2,1,50.0,0.0,50.0,3
3,4,-1,1,39.99000168,4.800000191,39.99000168,2
4,4,0,2,100.0,18.0,50.0,3
6,2,4,5,249.8999939,32.49000168,49.97999954,1
6,4,2,3,179.9700012,35.99000168,59.99000168,3
4,4,0,2,100.0,16.0,50.0,3
3,2,1,1,129.9900055,5.199999809,129.9900055,0
2,1,1,5,250.0,42.5,50.0,1
3,4,-1,3,179.9700012,12.60000038,59.99000168,2
3,2,1,1,129.9900055,3.900000095,129.9900055,0
5,4,1,3,299.9700012,59.99000168,99.98999786,1
3,4,-1,1,50.0,2.5,50.0,2
5,4,1,3,150.0,3.0,50.0,3
6,4,2,1,299.980011,30.0,299.980011,4
6,4,2,2,43.97999954,5.71999979,21.98999977,3
6,2,4,4,200.0,34.0,50.0,1
3,4,-1,5,199.9499969,8.0,39.99000168,1
2,4,-2,4,200.0,30.0,50.0,2
2,1,1,5,499.9500122,45.0,99.98999786,1
3,4,-1,1,299.980011,27.0,299.980011,4
4,4,0,3,179.9700012,21.60000038,59.99000168,1
2,1,1,5,249.8999939,49.97999954,49.97999954,1
4,4,0,1,199.9900055,32.0,199.9900055,2
5,4,1,4,199.9199982,17.98999977,49.97999954,1
4,2,2,5,249.8999939,24.98999977,49.97999954,1
4,4,0,1,399.980011,52.0,399.980011,4
3,4,-1,1,199.9900055,36.0,199.9900055,2
4,2,2,1,299.980011,39.0,299.980011,4
5,4,1,1,299.980011,21.0,299.980011,4
5,4,1,1,399.980011,12.0,399.980011,4
2,1,1,2,100.0,0.0,50.0,0
4,2,2,1,129.9900055,32.5,129.9900055,3
2,2,0,4,399.9599915,0.0,99.98999786,0
2,2,0,1,129.9900055,20.79999924,129.9900055,0
2,1,1,1,129.9900055,23.39999962,129.9900055,0
5,2,3,2,199.9799957,6.0,99.98999786,3
5,4,1,3,75.0,12.75,25.0,3
2,4,-2,1,129.9900055,0.0,129.9900055,2
4,2,2,1,129.9900055,32.5,129.9900055,3
2,1,1,1,399.980011,16.0,399.980011,4
3,4,-1,1,99.98999786,18.0,99.98999786,2
6,4,2,1,399.980011,20.0,399.980011,4
4,4,0,5,250.0,13.75,50.0,1
4,4,0,5,299.9500122,50.99000168,59.99000168,1
6,4,2,1,50.0,4.5,50.0,3
2,1,1,5,299.9500122,3.0,59.99000168,0
2,2,0,3,299.9700012,0.0,99.98999786,0
3,4,-1,1,199.9900055,8.0,199.9900055,2
2,4,-2,2,63.97999954,3.519999981,31.98999977,2
3,2,1,1,59.99000168,6.0,59.99000168,0
4,4,0,5,250.0,13.75,50.0,1
2,1,1,2,50.0,9.0,25.0,0
2,2,0,1,49.97999954,0.5,49.97999954,0
2,4,-2,1,50.0,12.5,50.0,2
2,4,-2,1,452.0400085,18.07999992,452.0400085,4
5,2,3,2,99.95999908,1.0,49.97999954,3
4,2,2,1,199.9900055,10.0,199.9900055,3
2,1,1,1,129.9900055,22.10000038,129.9900055,0
0,0,0,1,399.980011,100.0,399.980011,4
0,0,0,1,129.9900055,2.599999905,129.9900055,0
5,4,1,2,100.0,2.0,50.0,3
2,1,1,4,239.9600067,2.400000095,59.99000168,0
2,4,-2,2,199.9799957,8.0,99.98999786,2
4,4,0,1,129.9900055,20.79999924,129.9900055,3
2,4,-2,2,100.0,16.0,50.0,2
6,4,2,1,49.97999954,2.75,49.97999954,3
2,1,1,1,129.9900055,7.150000095,129.9900055,0
6,4,2,1,129.9900055,16.89999962,129.9900055,3
2,4,-2,4,199.9199982,6.0,49.97999954,2
5,4,1,1,199.9900055,6.0,199.9900055,3
2,4,-2,1,399.980011,36.0,399.980011,4
2,1,1,1,199.9900055,30.0,199.9900055,0
4,2,2,1,129.9900055,15.60000038,129.9900055,3
6,2,4,5,159.9499969,6.400000095,31.98999977,1
5,4,1,1,129.9900055,22.10000038,129.9900055,3
2,4,-2,1,59.99000168,0.600000024,59.99000168,2
5,2,3,1,99.98999786,18.0,99.98999786,3
4,4,0,4,239.9600067,47.99000168,59.99000168,1
2,1,1,1,99.98999786,5.5,99.98999786,0
3,4,-1,1,199.9900055,40.0,199.9900055,2
0,0,0,3,150.0,7.5,50.0,0
6,4,2,2,119.9800034,19.20000076,59.99000168,3
0,0,0,4,239.9600067,35.99000168,59.99000168,0
6,2,4,1,249.9900055,17.5,249.9900055,3
2,4,-2,1,299.980011,60.0,299.980011,4
2,1,1,3,150.0,7.5,50.0,0
3,4,-1,2,119.9800034,24.0,59.99000168,2
4,4,0,1,199.9900055,14.0,199.9900055,3
4,4,0,1,199.9900055,34.0,199.9900055,2
5,4,1,4,239.9600067,16.79999924,59.99000168,1
2,1,1,1,399.980011,60.0,399.980011,4
3,4,-1,2,100.0,0.0,50.0,2
4,4,0,1,199.9900055,34.0,199.9900055,2
6,2,4,1,399.980011,8.0,399.980011,4
2,4,-2,5,249.8999939,12.5,49.97999954,2
3,4,-1,3,179.9700012,32.38999939,59.99000168,2
2,1,1,1,399.980011,8.0,399.980011,4
3,4,-1,1,129.9900055,16.89999962,129.9900055,2
2,1,1,1,299.980011,60.0,299.980011,4
5,2,3,1,199.9900055,32.0,199.9900055,3
5,4,1,4,200.0,2.0,50.0,1
4,2,2,1,39.99000168,0.400000006,39.99000168,3
3,4,-1,1,164.3800049,41.09999847,164.3800049,2
2,4,-2,3,299.9700012,0.0,99.98999786,2
2,4,-2,1,299.980011,21.0,299.980011,2
2,4,-2,1,39.99000168,0.800000012,39.99000168,2
6,4,2,2,79.98000336,7.199999809,39.99000168,3
5,4,1,4,200.0,40.0,50.0,1
6,2,4,3,149.9400024,0.0,49.97999954,3
0,0,0,3,179.9700012,9.899999619,59.99000168,0
2,4,-2,1,129.9900055,3.900000095,129.9900055,2
6,4,2,1,59.99000168,0.0,59.99000168,3
4,4,0,1,299.980011,21.0,299.980011,4
6,2,4,1,399.980011,28.0,399.980011,4
4,2,2,1,299.980011,9.0,299.980011,4
2,4,-2,5,499.9500122,45.0,99.98999786,1
3,4,-1,1,129.9900055,23.39999962,129.9900055,2
2,4,-2,1,299.980011,54.0,299.980011,4
6,4,2,3,150.0,10.5,50.0,3
6,4,2,1,299.980011,12.0,299.980011,3
2,4,-2,1,199.9900055,50.0,199.9900055,2
2,1,1,2,99.95999908,24.98999977,49.97999954,0
4,4,0,1,199.9900055,24.0,199.9900055,2
4,4,0,1,199.9900055,0.0,199.9900055,3
2,4,-2,1,299.980011,12.0,299.980011,2
4,4,0,3,150.0,1.5,50.0,2
2,1,1,4,159.9600067,16.0,39.99000168,0
2,4,-2,5,499.9500122,79.98999786,99.98999786,1
2,4,-2,1,129.9900055,32.5,129.9900055,2
5,4,1,1,129.9900055,7.150000095,129.9900055,3
2,4,-2,1,199.9900055,18.0,199.9900055,2
2,4,-2,1,399.980011,12.0,399.980011,4
2,4,-2,1,129.9900055,15.60000038,129.9900055,2
5,4,1,1,399.980011,60.0,399.980011,4
3,2,1,5,499.9500122,59.99000168,99.98999786,1
1,0,1,4,239.9600067,38.38999939,59.99000168,0
3,4,-1,2,100.0,9.0,50.0,2
6,4,2,1,129.9900055,13.0,129.9900055,3
2,1,1,2,100.0,16.0,50.0,0
4,4,0,1,199.9900055,36.0,199.9900055,2
2,4,-2,1,199.9900055,6.0,199.9900055,2
2,1,1,1,399.980011,28.0,399.980011,4
2,1,1,1,199.9900055,36.0,199.9900055,0
2,1,1,5,99.94999695,3.0,19.98999977,0
0,0,0,3,149.9400024,8.25,49.97999954,0
4,4,0,3,150.0,1.5,50.0,2
5,4,1,1,399.980011,16.0,399.980011,4
5,2,3,3,119.9700012,21.59000015,39.99000168,3
6,4,2,1,199.9900055,24.0,199.9900055,3
3,4,-1,1,299.980011,39.0,299.980011,4
6,4,2,1,129.9900055,9.100000381,129.9900055,3
5,4,1,2,119.9800034,30.0,59.99000168,3
3,2,1,3,74.97000122,9.75,24.98999977,0
4,4,0,2,99.95999908,5.5,49.97999954,3
6,4,2,1,99.98999786,12.0,99.98999786,3
5,4,1,4,399.9599915,20.0,99.98999786,1
3,4,-1,1,49.97999954,2.0,49.97999954,2
5,2,3,5,199.9499969,49.99000168,39.99000168,1
2,1,1,1,299.980011,21.0,299.980011,0
2,1,1,5,250.0,0.0,50.0,0
6,2,4,1,59.99000168,4.199999809,59.99000168,3
3,4,-1,1,129.9900055,3.900000095,129.9900055,2
3,2,1,2,119.9800034,18.0,59.99000168,0
6,4,2,1,39.99000168,4.800000191,39.99000168,3
2,4,-2,2,100.0,17.0,50.0,2
3,4,-1,1,199.9900055,34.0,199.9900055,2
5,2,3,1,399.980011,80.0,399.980011,4
5,4,1,2,39.97999954,2.799999952,19.98999977,3
2,4,-2,5,110.0,2.200000048,22.0,2
5,4,1,1,129.9900055,13.0,129.9900055,3
2,1,1,4,239.9600067,16.79999924,59.99000168,0
4,2,2,1,299.980011,21.0,299.980011,4
2,1,1,2,99.95999908,16.98999977,49.97999954,0
6,2,4,5,199.9499969,20.0,39.99000168,1
5,4,1,4,239.9600067,2.400000095,59.99000168,1
2,4,-2,2,79.98000336,14.39999962,39.99000168,2
2,1,1,1,299.980011,48.0,299.980011,4
2,1,1,1,129.9900055,26.0,129.9900055,0
3,2,1,3,119.9700012,20.38999939,39.99000168,0
5,4,1,1,199.9900055,26.0,199.9900055,3
2,1,1,1,260.6499939,23.45999908,260.6499939,0
5,2,3,3,149.9400024,29.98999977,49.97999954,3
4,4,0,1,129.9900055,22.10000038,129.9900055,3
2,4,-2,4,199.9199982,39.97999954,49.97999954,2
2,4,-2,5,250.0,12.5,50.0,2
2,1,1,1,99.98999786,5.0,99.98999786,0
6,4,2,5,109.9499969,21.98999977,21.98999977,1
2,1,1,3,119.9700012,2.400000095,39.99000168,0
4,4,0,3,119.9700012,8.399999619,39.99000168,2
6,4,2,2,100.0,0.0,50.0,3
4,4,0,2,100.0,4.0,50.0,3
6,4,2,1,199.9900055,2.0,199.9900055,3
3,4,-1,3,179.9700012,18.0,59.99000168,2
4,2,2,1,299.980011,39.0,299.980011,4
2,1,1,1,399.980011,48.0,399.980011,4
3,4,-1,1,199.9900055,24.0,199.9900055,2
4,4,0,1,215.8200073,2.160000086,215.8200073,3
2,4,-2,5,250.0,45.0,50.0,1
6,4,2,2,49.97999954,2.5,24.98999977,3
2,4,-2,4,399.9599915,51.99000168,99.98999786,1
4,4,0,1,210.8500061,4.21999979,210.8500061,3
5,4,1,1,39.75,4.769999981,39.75,3
2,4,-2,1,299.980011,9.0,299.980011,2
3,4,-1,1,299.980011,51.0,299.980011,4
6,4,2,1,299.980011,48.0,299.980011,4
3,4,-1,1,299.980011,16.5,299.980011,2
2,4,-2,1,50.0,2.0,50.0,2
2,4,-2,2,100.0,5.5,50.0,2
6,2,4,1,299.980011,16.5,299.980011,3
4,2,2,1,49.97999954,12.5,49.97999954,3
6,2,4,3,150.0,25.5,50.0,3
6,2,4,3,90.0,2.700000048,30.0,3
5,4,1,1,80.0,5.599999905,80.0,3
4,4,0,1,129.9900055,0.0,129.9900055,3
2,2,0,1,99.98999786,7.0,99.98999786,0
4,4,0,3,299.9700012,27.0,99.98999786,1
3,2,1,3,179.9700012,21.60000038,59.99000168,0
6,4,2,2,119.9800034,24.0,59.99000168,3
4,4,0,1,129.9900055,16.89999962,129.9900055,3
2,1,1,1,199.9900055,2.0,199.9900055,0
2,1,1,1,50.0,4.5,50.0,0
4,2,2,2,100.0,13.0,50.0,3
5,4,1,1,129.9900055,7.150000095,129.9900055,3
5,4,1,1,199.9900055,6.0,199.9900055,3
2,1,1,2,119.9800034,15.60000038,59.99000168,0
3,2,1,3,179.9700012,9.899999619,59.99000168,0
5,4,1,1,399.980011,28.0,399.980011,4
4,4,0,1,199.9900055,36.0,199.9900055,2
3,4,-1,3,299.9700012,0.0,99.98999786,2
4,2,2,3,150.0,8.25,50.0,3
2,1,1,2,79.98000336,16.0,39.99000168,0
3,2,1,3,179.9700012,9.0,59.99000168,0
1,0,1,1,129.9900055,19.5,129.9900055,0
6,4,2,1,129.9900055,26.0,129.9900055,3
0,0,0,1,199.9900055,30.0,199.9900055,0
6,4,2,1,199.9900055,11.0,199.9900055,3
4,2,2,1,199.9900055,50.0,199.9900055,4
4,4,0,3,179.9700012,9.0,59.99000168,1
5,4,1,5,299.9500122,35.99000168,59.99000168,1
2,1,1,1,399.980011,0.0,399.980011,4
2,4,-2,1,399.980011,60.0,399.980011,4
5,2,3,1,252.8800049,50.58000183,252.8800049,4
4,4,0,1,199.9900055,50.0,199.9900055,4
3,4,-1,4,399.9599915,67.98999786,99.98999786,1
3,2,1,2,99.95999908,5.5,49.97999954,0
2,1,1,4,399.9599915,99.98999786,99.98999786,1
4,2,2,4,111.9599991,4.480000019,27.98999977,1
4,4,0,1,399.980011,0.0,399.980011,4
4,4,0,3,179.9700012,1.799999952,59.99000168,2
2,4,-2,5,299.9500122,50.99000168,59.99000168,1
2,4,-2,1,399.980011,40.0,399.980011,4
6,4,2,2,79.98000336,10.39999962,39.99000168,3
2,4,-2,5,199.9499969,29.98999977,39.99000168,2
6,2,4,3,74.97000122,7.5,24.98999977,3
4,4,0,1,129.9900055,5.199999809,129.9900055,3
2,1,1,2,199.9799957,26.0,99.98999786,0
3,2,1,1,399.980011,12.0,399.980011,4
2,4,-2,1,399.980011,28.0,399.980011,4
4,2,2,3,119.9700012,12.0,39.99000168,3
6,4,2,1,59.99000168,6.0,59.99000168,3
5,2,3,5,299.9500122,35.99000168,59.99000168,1
2,4,-2,1,399.980011,20.0,399.980011,4
6,4,2,1,129.9900055,0.0,129.9900055,3
2,4,-2,5,499.9500122,59.99000168,99.98999786,1
1,0,1,2,39.97999954,3.599999905,19.98999977,0
3,4,-1,5,199.9499969,39.99000168,39.99000168,1
2,4,-2,3,143.9700012,5.760000229,47.99000168,2
3,4,-1,1,50.0,0.5,50.0,2
6,4,2,1,50.0,0.5,50.0,3
6,4,2,4,399.9599915,59.99000168,99.98999786,1
0,0,0,2,100.0,16.0,50.0,0
4,4,0,3,179.9700012,3.599999905,59.99000168,2
6,2,4,4,127.9599991,31.98999977,31.98999977,1
2,1,1,4,399.9599915,79.98999786,99.98999786,1
6,4,2,1,30.0,4.800000191,30.0,3
2,4,-2,1,59.99000168,12.0,59.99000168,2
2,4,-2,1,199.9900055,2.0,199.9900055,2
2,2,0,3,299.9700012,74.98999786,99.98999786,1
6,4,2,1,210.8500061,2.109999895,210.8500061,3
6,4,2,4,399.9599915,8.0,99.98999786,1
3,4,-1,4,199.9199982,11.0,49.97999954,2
5,4,1,1,199.9900055,32.0,199.9900055,3
4,4,0,1,59.99000168,7.199999809,59.99000168,3
2,2,0,4,199.9199982,33.99000168,49.97999954,0
6,4,2,4,200.0,2.0,50.0,1
2,1,1,1,399.980011,72.0,399.980011,4
2,1,1,3,149.9400024,8.25,49.97999954,0
5,4,1,1,399.980011,64.0,399.980011,4
3,4,-1,1,59.99000168,9.600000381,59.99000168,2
2,1,1,4,207.9600067,41.59000015,51.99000168,0
4,4,0,1,199.9900055,30.0,199.9900055,2
4,4,0,4,99.95999908,15.98999977,24.98999977,1
6,4,2,3,119.9700012,20.38999939,39.99000168,3
3,4,-1,1,99.98999786,13.0,99.98999786,2
2,1,1,1,129.9900055,1.299999952,129.9900055,0
4,4,0,1,99.98999786,13.0,99.98999786,3
5,4,1,1,129.9900055,5.199999809,129.9900055,3
6,2,4,3,119.9700012,6.599999905,39.99000168,3
2,4,-2,1,299.980011,39.0,299.980011,2
3,4,-1,1,215.8200073,15.10999966,215.8200073,2
5,2,3,1,399.980011,68.0,399.980011,4
6,4,2,1,129.9900055,19.5,129.9900055,3
6,4,2,3,119.9700012,12.0,39.99000168,3
2,1,1,4,127.9599991,23.03000069,31.98999977,0
2,1,1,3,65.97000122,11.21000004,21.98999977,0
5,4,1,1,129.9900055,20.79999924,129.9900055,3
3,4,-1,1,129.9900055,1.299999952,129.9900055,2
6,4,2,1,299.980011,0.0,299.980011,3
5,4,1,1,199.9900055,26.0,199.9900055,3
6,4,2,1,164.3800049,3.289999962,164.3800049,3
6,4,2,1,399.980011,48.0,399.980011,4
2,4,-2,2,119.9800034,21.60000038,59.99000168,2
6,4,2,1,129.9900055,23.39999962,129.9900055,3
6,4,2,3,179.9700012,9.0,59.99000168,3
5,2,3,2,119.9800034,8.399999619,59.99000168,3
3,4,-1,4,200.0,32.0,50.0,1
3,4,-1,2,100.0,5.5,50.0,2
2,1,1,1,129.9900055,7.150000095,129.9900055,0
5,4,1,1,129.9900055,16.89999962,129.9900055,3
2,1,1,4,127.9599991,5.119999886,31.98999977,0
1,0,1,1,299.980011,16.5,299.980011,0
6,4,2,1,399.980011,40.0,399.980011,4
2,4,-2,1,199.9900055,26.0,199.9900055,2
3,4,-1,1,50.0,2.0,50.0,2
2,1,1,3,119.9700012,6.0,39.99000168,0
2,1,1,3,179.9700012,1.799999952,59.99000168,0
3,4,-1,4,399.9599915,0.0,99.98999786,1
1,0,1,1,164.3800049,32.88000107,164.3800049,0
6,4,2,1,129.9900055,2.599999905,129.9900055,3
2,2,0,1,14.98999977,1.799999952,14.98999977,0
4,4,0,1,129.9900055,19.5,129.9900055,3
2,4,-2,5,299.9500122,21.0,59.99000168,2
5,4,1,1,357.1000061,7.139999866,357.1000061,4
3,2,1,3,299.9700012,15.0,99.98999786,0
5,4,1,1,299.980011,6.0,299.980011,3
4,4,0,1,299.980011,48.0,299.980011,4
3,4,-1,5,174.9499969,8.75,34.99000168,1
5,4,1,2,79.98000336,4.400000095,39.99000168,3
2,1,1,3,179.9700012,12.60000038,59.99000168,0
2,1,1,1,452.0400085,72.33000183,452.0400085,4
6,4,2,2,119.9800034,20.39999962,59.99000168,3
6,4,2,4,159.9600067,11.19999981,39.99000168,1
2,1,1,1,299.980011,12.0,299.980011,0
4,2,2,2,119.9800034,14.39999962,59.99000168,3
3,4,-1,1,59.99000168,12.0,59.99000168,2
2,1,1,1,129.9900055,2.599999905,129.9900055,0
2,2,0,1,39.99000168,2.200000048,39.99000168,0
0,0,0,1,47.99000168,1.440000057,47.99000168,0
3,2,1,1,252.8800049,2.529999971,252.8800049,0
2,4,-2,1,399.980011,80.0,399.980011,4
2,1,1,1,299.980011,12.0,299.980011,0
2,4,-2,2,79.98000336,10.39999962,39.99000168,2
5,4,1,1,293.0400085,5.860000134,293.0400085,3
2,1,1,2,99.95999908,0.0,49.97999954,0
5,4,1,3,179.9700012,7.199999809,59.99000168,3
2,2,0,1,399.980011,8.0,399.980011,4
5,2,3,1,129.9900055,26.0,129.9900055,3
5,4,1,3,150.0,37.5,50.0,1
2,4,-2,1,399.980011,8.0,399.980011,4
5,4,1,5,499.9500122,10.0,99.98999786,1
2,1,1,1,299.980011,54.0,299.980011,4
6,4,2,1,49.97999954,0.0,49.97999954,3
5,4,1,3,150.0,22.5,50.0,3
4,2,2,3,179.9700012,12.60000038,59.99000168,3
6,2,4,2,100.0,1.0,50.0,3
6,4,2,2,100.0,20.0,50.0,3
5,4,1,3,59.97000122,2.400000095,19.98999977,3
5,4,1,1,199.9900055,4.0,199.9900055,3
5,4,1,1,199.9900055,40.0,199.9900055,3
5,2,3,1,129.9900055,5.199999809,129.9900055,3
2,4,-2,5,250.0,0.0,50.0,2
3,4,-1,1,399.980011,60.0,399.980011,4
3,4,-1,1,11.53999996,0.810000002,11.53999996,2
6,4,2,4,159.9600067,25.59000015,39.99000168,1
2,2,0,1,199.9900055,24.0,199.9900055,0
6,4,2,4,239.9600067,35.99000168,59.99000168,1
3,2,1,1,11.28999996,2.25999999,11.28999996,0
3,2,1,1,129.9900055,23.39999962,129.9900055,0
2,1,1,3,95.97000122,14.39999962,31.98999977,0
5,4,1,4,239.9600067,35.99000168,59.99000168,1
6,4,2,2,103.9800034,4.159999847,51.99000168,3
2,1,1,5,249.8999939,29.98999977,49.97999954,0
5,4,1,5,299.9500122,44.99000168,59.99000168,1
3,4,-1,1,299.980011,21.0,299.980011,2
6,4,2,1,199.9900055,50.0,199.9900055,3
2,2,0,4,239.9600067,40.79000092,59.99000168,1
5,2,3,1,129.9900055,11.69999981,129.9900055,3
2,1,1,1,199.9900055,24.0,199.9900055,0
4,4,0,3,179.9700012,30.59000015,59.99000168,1
6,4,2,5,299.9500122,16.5,59.99000168,1
5,2,3,5,299.9500122,9.0,59.99000168,1
3,4,-1,3,179.9700012,28.79999924,59.99000168,2
2,1,1,1,59.99000168,10.80000019,59.99000168,0
6,4,2,1,299.980011,51.0,299.980011,4
5,2,3,1,84.40000153,5.909999847,84.40000153,3
2,1,1,4,127.9599991,11.52000046,31.98999977,0
2,2,0,1,299.980011,15.0,299.980011,4
2,1,1,1,199.9900055,18.0,199.9900055,0
5,4,1,1,129.9900055,9.100000381,129.9900055,3
2,1,1,4,399.9599915,12.0,99.98999786,0
6,2,4,1,129.9900055,7.150000095,129.9900055,3
4,4,0,1,129.9900055,13.0,129.9900055,3
2,4,-2,1,129.9900055,22.10000038,129.9900055,2
6,4,2,1,129.9900055,13.0,129.9900055,3
2,1,1,4,199.9199982,49.97999954,49.97999954,0
2,4,-2,5,399.9500122,63.99000168,79.98999786,1
5,4,1,2,199.9799957,36.0,99.98999786,3
5,4,1,3,149.9400024,25.48999977,49.97999954,1
2,4,-2,5,249.8999939,5.0,49.97999954,2
5,2,3,1,199.9900055,6.0,199.9900055,3
2,4,-2,4,199.9199982,23.98999977,49.97999954,2
4,4,0,2,119.9800034,30.0,59.99000168,2
3,4,-1,5,299.9500122,59.99000168,59.99000168,1
5,4,1,5,299.9500122,12.0,59.99000168,1
4,4,0,5,299.9500122,47.99000168,59.99000168,1
2,4,-2,1,357.1000061,42.84999847,357.1000061,4
0,0,0,1,399.980011,60.0,399.980011,4
2,2,0,1,84.40000153,21.10000038,84.40000153,0
2,2,0,1,357.1000061,35.70999908,357.1000061,4
3,2,1,3,149.9400024,25.48999977,49.97999954,0
2,2,0,3,299.9700012,36.0,99.98999786,0
6,4,2,1,299.980011,45.0,299.980011,4
4,4,0,3,150.0,25.5,50.0,1
2,1,1,4,399.9599915,22.0,99.98999786,0
2,4,-2,3,150.0,13.5,50.0,2
4,4,0,1,31.98999977,1.279999971,31.98999977,3
0,0,0,5,249.8999939,2.5,49.97999954,0
5,4,1,1,129.9900055,7.150000095,129.9900055,3
0,0,0,1,299.980011,51.0,299.980011,0
2,4,-2,2,100.0,15.0,50.0,2
5,4,1,2,199.9799957,20.0,99.98999786,3
4,4,0,1,129.9900055,20.79999924,129.9900055,3
3,4,-1,1,129.9900055,23.39999962,129.9900055,2
6,2,4,3,149.9400024,25.48999977,49.97999954,3
6,4,2,5,499.9500122,64.98999786,99.98999786,1
6,2,4,1,199.9900055,30.0,199.9900055,3
6,4,2,1,199.9900055,4.0,199.9900055,3
6,4,2,5,239.9499969,59.99000168,47.99000168,1
2,1,1,1,299.980011,0.0,299.980011,0
6,4,2,1,59.99000168,1.200000048,59.99000168,3
4,4,0,2,49.97999954,8.0,24.98999977,3
6,2,4,5,299.9500122,9.0,59.99000168,1
6,4,2,4,239.9600067,9.600000381,59.99000168,1
2,4,-2,5,124.9499969,1.25,24.98999977,2
6,4,2,2,79.98000336,12.80000019,39.99000168,3
1,0,1,1,399.980011,20.0,399.980011,4
2,4,-2,1,199.9900055,20.0,199.9900055,2
3,4,-1,1,129.9900055,7.150000095,129.9900055,2
4,2,2,1,199.9900055,26.0,199.9900055,3
3,4,-1,5,499.9500122,84.98999786,99.98999786,1
5,4,1,5,199.9499969,31.98999977,39.99000168,1
4,4,0,1,199.9900055,18.0,199.9900055,2
2,2,0,5,299.9500122,53.99000168,59.99000168,1
2,4,-2,2,100.0,1.0,50.0,2
3,4,-1,5,250.0,25.0,50.0,1
6,4,2,1,129.9900055,19.5,129.9900055,3
6,4,2,1,399.980011,64.0,399.980011,4
5,4,1,1,299.980011,48.0,299.980011,4
2,1,1,5,249.8999939,22.48999977,49.97999954,0
6,2,4,1,49.97999954,6.5,49.97999954,3
2,4,-2,2,199.9799957,20.0,99.98999786,2
2,1,1,1,399.980011,0.0,399.980011,4
5,4,1,5,199.9499969,18.0,39.99000168,1
4,4,0,1,199.9900055,36.0,199.9900055,2
3,4,-1,1,14.98999977,0.600000024,14.98999977,2
5,4,1,2,99.95999908,16.98999977,49.97999954,3
4,4,0,1,59.99000168,9.0,59.99000168,3
6,4,2,1,99.98999786,17.0,99.98999786,3
5,4,1,5,250.0,5.0,50.0,1
0,0,0,1,129.9900055,20.79999924,129.9900055,0
3,4,-1,1,99.98999786,16.0,99.98999786,2
3,4,-1,4,239.9600067,13.19999981,59.99000168,2
6,4,2,1,129.9900055,22.10000038,129.9900055,3
1,0,1,1,199.9900055,4.0,199.9900055,0
5,4,1,2,79.98000336,0.0,39.99000168,3
2,1,1,2,109.9400024,17.59000015,54.97000122,0
6,2,4,1,399.980011,0.0,399.980011,4
2,1,1,5,499.9500122,74.98999786,99.98999786,1
5,2,3,4,159.9600067,4.800000191,39.99000168,1
3,4,-1,1,149.9900055,27.0,149.9900055,2
2,4,-2,1,199.9900055,26.0,199.9900055,2
3,4,-1,1,399.980011,68.0,399.980011,4
4,2,2,1,129.9900055,19.5,129.9900055,3
2,4,-2,1,99.98999786,10.0,99.98999786,2
2,4,-2,4,200.0,40.0,50.0,2
5,2,3,1,299.980011,9.0,299.980011,3
3,4,-1,3,150.0,24.0,50.0,2
6,2,4,3,179.9700012,9.0,59.99000168,3
6,4,2,4,239.9600067,12.0,59.99000168,1
3,4,-1,1,357.1000061,7.139999866,357.1000061,4
2,1,1,2,99.95999908,17.98999977,49.97999954,0
2,4,-2,4,200.0,36.0,50.0,2
2,1,1,1,129.9900055,0.0,129.9900055,0
3,2,1,5,250.0,13.75,50.0,1
2,1,1,2,100.0,12.0,50.0,0
4,2,2,1,129.9900055,6.5,129.9900055,3
2,1,1,3,179.9700012,28.79999924,59.99000168,0
3,4,-1,1,129.9900055,13.0,129.9900055,2
3,4,-1,3,179.9700012,5.400000095,59.99000168,2
2,1,1,3,150.0,25.5,50.0,0
0,0,0,4,200.0,50.0,50.0,0
5,4,1,3,149.9400024,1.5,49.97999954,3
4,4,0,1,299.980011,21.0,299.980011,4
3,2,1,1,59.99000168,7.800000191,59.99000168,0
4,2,2,2,119.9800034,24.0,59.99000168,3
2,4,-2,1,199.9900055,26.0,199.9900055,2
2,4,-2,1,129.9900055,3.900000095,129.9900055,2
6,4,2,1,199.9900055,24.0,199.9900055,3
2,1,1,5,249.8999939,29.98999977,49.97999954,0
2,4,-2,1,199.9900055,40.0,199.9900055,2
3,4,-1,1,399.980011,0.0,399.980011,4
2,1,1,1,99.98999786,17.0,99.98999786,0
3,2,1,1,299.980011,45.0,299.980011,4
3,4,-1,1,299.980011,39.0,299.980011,4
5,4,1,1,129.9900055,22.10000038,129.9900055,3
6,2,4,1,199.9900055,18.0,199.9900055,3
1,0,1,1,129.9900055,23.39999962,129.9900055,0
2,4,-2,2,119.9800034,15.60000038,59.99000168,2
2,4,-2,3,119.9700012,12.0,39.99000168,2
6,4,2,1,199.9900055,20.0,199.9900055,3
5,4,1,1,399.980011,12.0,399.980011,4
3,4,-1,1,299.980011,21.0,299.980011,2
2,1,1,1,129.9900055,26.0,129.9900055,0
2,2,0,4,39.95999908,1.200000048,9.989999771,0
2,1,1,4,200.0,8.0,50.0,0
2,4,-2,1,129.9900055,16.89999962,129.9900055,2
3,4,-1,1,399.980011,68.0,399.980011,4
5,2,3,2,119.9800034,15.60000038,59.99000168,3
1,0,1,2,79.98000336,16.0,39.99000168,0
6,2,4,1,399.980011,100.0,399.980011,4
6,4,2,2,100.0,12.0,50.0,3
5,4,1,2,100.0,15.0,50.0,3
5,4,1,4,200.0,8.0,50.0,1
5,4,1,1,299.980011,9.0,299.980011,3
4,4,0,2,95.98000336,17.28000069,47.99000168,3
5,4,1,1,399.980011,8.0,399.980011,4
4,2,2,1,59.99000168,7.199999809,59.99000168,3
6,2,4,1,399.980011,4.0,399.980011,4
5,4,1,1,293.0400085,0.0,293.0400085,3
5,2,3,1,50.0,8.5,50.0,3
6,4,2,1,50.0,10.0,50.0,3
2,1,1,1,129.9900055,16.89999962,129.9900055,0
6,4,2,5,325.0,9.75,65.0,1
2,4,-2,1,59.99000168,9.0,59.99000168,2
5,4,1,4,200.0,40.0,50.0,1
5,2,3,4,200.0,32.0,50.0,1
2,2,0,1,99.98999786,3.0,99.98999786,0
2,1,1,1,129.9900055,3.900000095,129.9900055,0
5,4,1,1,129.9900055,13.0,129.9900055,3
3,4,-1,1,299.980011,30.0,299.980011,4
2,1,1,1,199.9900055,14.0,199.9900055,0
4,2,2,5,249.8999939,42.47999954,49.97999954,1
5,4,1,5,249.8999939,62.47999954,49.97999954,1
5,4,1,1,129.9900055,0.0,129.9900055,3
4,4,0,5,249.8999939,13.73999977,49.97999954,1
4,4,0,1,129.9900055,5.199999809,129.9900055,3
5,2,3,3,179.9700012,44.99000168,59.99000168,1
3,2,1,1,129.9900055,16.89999962,129.9900055,0
2,1,1,2,50.0,6.0,25.0,0
6,4,2,4,399.9599915,8.0,99.98999786,1
3,4,-1,1,129.9900055,6.5,129.9900055,2
4,4,0,5,250.0,2.5,50.0,1
6,4,2,3,179.9700012,16.20000076,59.99000168,3
4,4,0,1,199.9900055,50.0,199.9900055,4
5,4,1,4,139.9600067,18.19000053,34.99000168,1
5,2,3,1,399.980011,48.0,399.980011,4
4,2,2,5,250.0,13.75,50.0,1
2,1,1,1,299.980011,6.0,299.980011,0
5,2,3,1,129.9900055,1.299999952,129.9900055,3
3,2,1,1,59.99000168,0.600000024,59.99000168,0
4,4,0,1,199.9900055,32.0,199.9900055,2
4,4,0,2,119.9800034,24.0,59.99000168,2
6,4,2,1,199.9900055,50.0,199.9900055,3
3,2,1,1,199.9900055,36.0,199.9900055,0
2,4,-2,1,44.99000168,1.799999952,44.99000168,2
4,4,0,5,299.9500122,6.0,59.99000168,1
5,4,1,1,49.97999954,12.5,49.97999954,3
6,4,2,2,119.9800034,4.800000191,59.99000168,3
5,4,1,1,50.0,10.0,50.0,3
0,0,0,4,239.9600067,4.800000191,59.99000168,0
3,2,1,1,399.980011,60.0,399.980011,4
6,2,4,5,299.9500122,38.99000168,59.99000168,1
2,4,-2,1,399.980011,12.0,399.980011,4
2,4,-2,4,200.0,50.0,50.0,2
2,4,-2,5,249.8999939,12.5,49.97999954,2
4,4,0,1,299.980011,21.0,299.980011,4
3,4,-1,4,239.9600067,0.0,59.99000168,2
2,1,1,1,129.9900055,9.100000381,129.9900055,0
2,1,1,1,399.980011,12.0,399.980011,4
2,4,-2,1,129.9900055,13.0,129.9900055,2
2,2,0,4,200.0,11.0,50.0,0
6,2,4,1,199.9900055,11.0,199.9900055,3
1,0,1,2,99.95999908,12.98999977,49.97999954,0
2,1,1,3,164.9100037,19.79000092,54.97000122,0
5,4,1,1,199.9900055,10.0,199.9900055,3
5,2,3,1,199.9900055,26.0,199.9900055,3
4,4,0,4,159.9600067,4.800000191,39.99000168,1
2,4,-2,1,327.75,55.72000122,327.75,4
3,2,1,3,74.97000122,12.0,24.98999977,0
4,4,0,4,199.9199982,17.98999977,49.97999954,1
2,2,0,1,129.9900055,20.79999924,129.9900055,0
6,4,2,1,129.9900055,9.100000381,129.9900055,3
2,1,1,1,129.9900055,19.5,129.9900055,0
6,2,4,5,299.9500122,44.99000168,59.99000168,1
6,4,2,4,159.9600067,25.59000015,39.99000168,1
6,4,2,4,159.9600067,8.0,39.99000168,1
4,4,0,1,1500.0,82.5,1500.0,4
4,4,0,4,199.9199982,29.98999977,49.97999954,1
3,4,-1,5,250.0,32.5,50.0,1
3,2,1,4,200.0,0.0,50.0,0
2,2,0,2,119.9800034,15.60000038,59.99000168,0
3,4,-1,1,299.980011,16.5,299.980011,2
6,2,4,3,104.9700012,15.75,34.99000168,3
3,4,-1,5,299.9500122,35.99000168,59.99000168,1
2,4,-2,1,299.980011,51.0,299.980011,4
3,4,-1,5,249.8999939,32.49000168,49.97999954,1
3,4,-1,2,119.9800034,24.0,59.99000168,2
5,2,3,3,119.9700012,1.200000048,39.99000168,3
2,4,-2,1,452.0400085,72.33000183,452.0400085,4
4,4,0,1,129.9900055,2.599999905,129.9900055,3
2,2,0,1,164.3800049,9.039999962,164.3800049,0
6,4,2,2,119.9800034,14.39999962,59.99000168,3
4,4,0,5,299.9500122,9.0,59.99000168,1
3,4,-1,4,200.0,50.0,50.0,1
2,4,-2,1,199.9900055,26.0,199.9900055,2
2,1,1,3,179.9700012,44.99000168,59.99000168,0
3,2,1,1,199.9900055,0.0,199.9900055,0
4,4,0,3,119.9700012,18.0,39.99000168,1
4,2,2,1,399.980011,20.0,399.980011,4
5,4,1,5,299.9500122,30.0,59.99000168,1
2,1,1,2,100.0,7.0,50.0,0
6,2,4,4,399.9599915,67.98999786,99.98999786,1
2,4,-2,2,130.0,3.900000095,65.0,2
4,2,2,1,44.99000168,8.100000381,44.99000168,3
2,4,-2,2,199.9799957,20.0,99.98999786,2
6,2,4,1,49.97999954,12.5,49.97999954,3
6,4,2,1,299.980011,54.0,299.980011,4
6,4,2,1,199.9900055,8.0,199.9900055,3
2,4,-2,1,50.0,2.75,50.0,2
3,4,-1,2,99.95999908,16.98999977,49.97999954,2
2,1,1,4,199.9199982,0.0,49.97999954,0
3,4,-1,4,200.0,4.0,50.0,2
5,4,1,1,59.99000168,0.600000024,59.99000168,3
6,2,4,1,59.99000168,1.799999952,59.99000168,3
3,4,-1,1,199.9900055,14.0,199.9900055,2
3,4,-1,3,149.9400024,19.48999977,49.97999954,2
6,4,2,4,159.9600067,20.79000092,39.99000168,1
3,2,1,1,199.9900055,36.0,199.9900055,0
6,2,4,3,149.9400024,10.5,49.97999954,3
6,2,4,1,129.9900055,20.79999924,129.9900055,3
5,4,1,1,299.980011,30.0,299.980011,4
5,4,1,1,299.980011,51.0,299.980011,4
3,4,-1,1,399.980011,16.0,399.980011,4
3,2,1,5,299.9500122,21.0,59.99000168,1
2,1,1,3,179.9700012,44.99000168,59.99000168,0
6,2,4,1,299.980011,51.0,299.980011,4
4,4,0,4,199.9199982,35.99000168,49.97999954,1
2,4,-2,1,129.9900055,26.0,129.9900055,2
5,4,1,1,31.07999992,0.0,31.07999992,3
2,4,-2,5,199.9499969,33.99000168,39.99000168,2
3,2,1,4,239.9600067,16.79999924,59.99000168,1
3,4,-1,1,199.9900055,32.0,199.9900055,2
2,2,0,1,299.980011,6.0,299.980011,0
4,2,2,1,299.980011,12.0,299.980011,4
2,1,1,1,129.9900055,26.0,129.9900055,0
3,2,1,1,299.980011,54.0,299.980011,4
2,4,-2,2,199.9799957,24.0,99.98999786,2
0,0,0,1,299.980011,27.0,299.980011,0
3,4,-1,1,49.97999954,6.0,49.97999954,2
2,4,-2,1,399.980011,52.0,399.980011,4
2,1,1,5,250.0,45.0,50.0,1
5,4,1,1,399.980011,100.0,399.980011,4
2,1,1,4,159.9600067,3.200000048,39.99000168,0
5,4,1,1,532.5800171,29.29000092,532.5800171,4
3,2,1,1,199.9900055,6.0,199.9900055,0
6,4,2,1,399.980011,68.0,399.980011,4
4,4,0,1,299.980011,54.0,299.980011,4
0,0,0,4,200.0,30.0,50.0,0
4,2,2,4,239.9600067,9.600000381,59.99000168,1
2,2,0,4,399.9599915,99.98999786,99.98999786,1
3,4,-1,2,63.97999954,2.559999943,31.98999977,2
5,2,3,4,239.9600067,21.60000038,59.99000168,1
2,1,1,1,129.9900055,1.299999952,129.9900055,0
2,1,1,2,99.95999908,14.98999977,49.97999954,0
5,4,1,4,399.9599915,8.0,99.98999786,1
2,4,-2,1,199.9900055,36.0,199.9900055,2
5,2,3,4,399.9599915,63.99000168,99.98999786,1
2,1,1,1,129.9900055,32.5,129.9900055,0
2,4,-2,1,252.8800049,2.529999971,252.8800049,2
6,4,2,1,129.9900055,13.0,129.9900055,3
2,1,1,1,199.9900055,40.0,199.9900055,0
0,0,0,4,199.9199982,11.0,49.97999954,0
2,4,-2,1,399.980011,22.0,399.980011,4
4,4,0,5,299.9500122,59.99000168,59.99000168,1
6,4,2,1,299.980011,30.0,299.980011,4
2,1,1,1,59.99000168,7.199999809,59.99000168,0
2,4,-2,2,199.9799957,14.0,99.98999786,2
4,4,0,1,129.9900055,23.39999962,129.9900055,3
2,4,-2,2,49.97999954,8.0,24.98999977,2
6,2,4,1,399.980011,48.0,399.980011,4
4,4,0,1,299.980011,75.0,299.980011,4
2,2,0,1,399.980011,4.0,399.980011,4
3,4,-1,1,399.980011,8.0,399.980011,4
6,4,2,1,199.9900055,6.0,199.9900055,3
6,2,4,1,399.980011,20.0,399.980011,4
4,4,0,4,159.9600067,31.98999977,39.99000168,1
2,1,1,3,179.9700012,7.199999809,59.99000168,0
2,2,0,4,199.9199982,49.97999954,49.97999954,1
2,1,1,1,129.9900055,1.299999952,129.9900055,0
3,4,-1,5,499.9500122,89.98999786,99.98999786,1
0,0,0,1,11.28999996,0.790000021,11.28999996,0
3,4,-1,5,299.9500122,27.0,59.99000168,1
2,4,-2,1,129.9900055,1.299999952,129.9900055,2
0,0,0,1,299.980011,36.0,299.980011,0
6,4,2,2,119.9800034,1.200000048,59.99000168,3
6,4,2,1,399.980011,64.0,399.980011,4
2,4,-2,3,179.9700012,27.0,59.99000168,2
3,2,1,2,49.97999954,4.5,24.98999977,0
3,4,-1,1,49.97999954,0.0,49.97999954,2
6,4,2,1,299.980011,60.0,299.980011,4
4,4,0,1,299.980011,9.0,299.980011,4
6,4,2,3,179.9700012,28.79999924,59.99000168,3
3,2,1,3,143.9700012,18.71999931,47.99000168,0
5,4,1,1,299.980011,48.0,299.980011,4
5,4,1,3,149.9400024,4.5,49.97999954,3
3,4,-1,3,119.9700012,23.98999977,39.99000168,2
6,4,2,5,499.9500122,45.0,99.98999786,1
6,4,2,1,299.980011,39.0,299.980011,4
6,4,2,4,159.9600067,28.79000092,39.99000168,1
3,4,-1,3,299.9700012,74.98999786,99.98999786,1
2,4,-2,1,129.9900055,6.5,129.9900055,2
5,2,3,4,239.9600067,2.400000095,59.99000168,1
3,2,1,3,150.0,10.5,50.0,0
6,4,2,2,99.95999908,5.5,49.97999954,3
6,2,4,3,149.9400024,1.5,49.97999954,3
3,4,-1,1,129.9900055,19.5,129.9900055,2
2,1,1,1,39.99000168,2.0,39.99000168,0
2,1,1,1,299.980011,48.0,299.980011,4
1,0,1,1,532.5800171,53.25999832,532.5800171,4
2,1,1,1,399.980011,100.0,399.980011,4
6,4,2,2,119.9800034,4.800000191,59.99000168,3
5,2,3,3,119.9700012,0.0,39.99000168,3
2,4,-2,5,159.9499969,14.39999962,31.98999977,2
2,4,-2,5,249.8999939,22.48999977,49.97999954,2
2,1,1,1,39.99000168,10.0,39.99000168,0
3,4,-1,5,249.8999939,10.0,49.97999954,1
2,2,0,2,99.95999908,3.0,49.97999954,0
4,4,0,2,119.9800034,3.599999905,59.99000168,3
5,4,1,1,399.980011,16.0,399.980011,4
3,4,-1,1,199.9900055,50.0,199.9900055,2
2,1,1,1,129.9900055,7.150000095,129.9900055,0
0,0,0,2,119.9800034,21.60000038,59.99000168,0
3,2,1,1,129.9900055,13.0,129.9900055,0
5,4,1,4,159.9600067,20.79000092,39.99000168,1
2,2,0,1,59.99000168,2.400000095,59.99000168,0
6,4,2,4,200.0,34.0,50.0,1
2,1,1,1,59.99000168,6.0,59.99000168,0
2,4,-2,1,59.99000168,9.0,59.99000168,2
3,4,-1,1,129.9900055,15.60000038,129.9900055,2
0,0,0,3,149.9400024,22.48999977,49.97999954,0
5,4,1,1,299.980011,21.0,299.980011,4
2,1,1,4,239.9600067,47.99000168,59.99000168,0
2,1,1,1,129.9900055,23.39999962,129.9900055,0
6,4,2,1,129.9900055,9.100000381,129.9900055,3
4,4,0,1,129.9900055,7.150000095,129.9900055,3
4,2,2,2,199.9799957,36.0,99.98999786,3
5,2,3,4,239.9600067,0.0,59.99000168,1
2,1,1,1,99.98999786,25.0,99.98999786,0
3,4,-1,4,239.9600067,16.79999924,59.99000168,1
4,4,0,5,299.9500122,16.5,59.99000168,1
2,4,-2,1,399.980011,4.0,399.980011,4
3,4,-1,1,299.980011,3.0,299.980011,2
4,2,2,3,299.9700012,3.0,99.98999786,1
2,1,1,1,129.9900055,19.5,129.9900055,0
2,4,-2,4,239.9600067,2.400000095,59.99000168,2
2,1,1,1,129.9900055,32.5,129.9900055,0
6,4,2,1,399.980011,48.0,399.980011,4
1,0,1,1,399.980011,64.0,399.980011,4
2,1,1,3,149.9400024,14.98999977,49.97999954,0
3,4,-1,5,499.9500122,0.0,99.98999786,1
4,2,2,1,215.8200073,34.52999878,215.8200073,3
6,4,2,1,199.9900055,36.0,199.9900055,3
6,4,2,4,200.0,30.0,50.0,1
2,1,1,5,159.9499969,25.59000015,31.98999977,0
2,4,-2,1,50.0,9.0,50.0,2
5,4,1,1,399.980011,20.0,399.980011,4
2,1,1,4,199.9199982,19.98999977,49.97999954,0
3,4,-1,3,149.9400024,4.5,49.97999954,2
2,2,0,3,299.9700012,50.99000168,99.98999786,0
2,1,1,1,299.980011,60.0,299.980011,4
4,4,0,2,99.95999908,12.0,49.97999954,3
6,4,2,2,79.98000336,14.39999962,39.99000168,3
6,4,2,1,99.98999786,25.0,99.98999786,3
3,2,1,1,65.0,4.550000191,65.0,0
2,4,-2,4,219.8800049,28.57999992,54.97000122,2
3,2,1,5,249.8999939,44.97999954,49.97999954,1
2,4,-2,4,200.0,18.0,50.0,2
5,4,1,3,119.9700012,18.0,39.99000168,3
4,2,2,4,200.0,32.0,50.0,1
6,4,2,3,179.9700012,18.0,59.99000168,3
5,2,3,3,83.97000122,10.92000008,27.98999977,3
2,4,-2,3,150.0,10.5,50.0,2
6,2,4,1,129.9900055,5.199999809,129.9900055,3
2,2,0,1,299.980011,54.0,299.980011,4
5,2,3,1,59.99000168,0.0,59.99000168,3
3,4,-1,2,79.98000336,4.400000095,39.99000168,2
4,2,2,1,29.98999977,7.5,29.98999977,3
6,2,4,4,399.9599915,63.99000168,99.98999786,1
6,2,4,2,119.9800034,2.400000095,59.99000168,3
4,2,2,1,199.9900055,6.0,199.9900055,3
0,0,0,3,179.9700012,30.59000015,59.99000168,0
2,1,1,2,119.9800034,21.60000038,59.99000168,0
2,2,0,1,129.9900055,11.69999981,129.9900055,0
2,1,1,1,84.40000153,16.87999916,84.40000153,0
6,4,2,1,299.980011,45.0,299.980011,4
1,0,1,1,399.980011,72.0,399.980011,4
6,2,4,4,199.9199982,39.97999954,49.97999954,1
3,4,-1,5,250.0,45.0,50.0,1
4,2,2,1,129.9900055,11.69999981,129.9900055,3
6,4,2,1,99.98999786,13.0,99.98999786,3
5,4,1,1,129.9900055,23.39999962,129.9900055,3
4,4,0,1,299.980011,15.0,299.980011,4
6,4,2,1,24.98999977,1.25,24.98999977,3
6,4,2,1,129.9900055,15.60000038,129.9900055,3
4,4,0,1,129.9900055,20.79999924,129.9900055,3
0,0,0,1,399.980011,40.0,399.980011,4
1,0,1,1,199.9900055,10.0,199.9900055,0
5,2,3,1,129.9900055,9.100000381,129.9900055,3
5,2,3,5,249.8999939,10.0,49.97999954,1
5,4,1,1,299.980011,9.0,299.980011,3
4,4,0,1,461.480011,13.84000015,461.480011,4
2,4,-2,5,299.9500122,6.0,59.99000168,2
5,4,1,1,129.9900055,23.39999962,129.9900055,3
1,0,1,1,31.98999977,1.75999999,31.98999977,0
5,4,1,4,199.9199982,29.98999977,49.97999954,1
2,1,1,1,99.98999786,13.0,99.98999786,0
5,4,1,1,99.98999786,17.0,99.98999786,3
6,2,4,4,87.95999908,8.800000191,21.98999977,3
2,2,0,1,399.980011,16.0,399.980011,4
1,0,1,3,149.9400024,25.48999977,49.97999954,0
2,1,1,1,399.980011,22.0,399.980011,4
5,2,3,5,499.9500122,20.0,99.98999786,1
5,4,1,1,299.980011,9.0,299.980011,3
1,0,1,4,127.9599991,21.75,31.98999977,0
4,4,0,1,299.980011,51.0,299.980011,4
4,4,0,1,129.9900055,5.199999809,129.9900055,3
4,4,0,1,199.9900055,50.0,199.9900055,4
2,2,0,1,129.9900055,2.599999905,129.9900055,0
5,4,1,3,149.9400024,14.98999977,49.97999954,3
2,4,-2,1,299.980011,15.0,299.980011,2
3,2,1,1,299.980011,12.0,299.980011,4
2,1,1,2,79.98000336,4.0,39.99000168,0
5,4,1,4,199.9199982,29.98999977,49.97999954,1
6,4,2,1,11.53999996,1.960000038,11.53999996,3
6,2,4,1,129.9900055,32.5,129.9900055,3
2,4,-2,4,239.9600067,2.400000095,59.99000168,2
2,1,1,1,49.97999954,2.5,49.97999954,0
2,4,-2,4,200.0,24.0,50.0,2
6,4,2,1,39.99000168,1.600000024,39.99000168,3
5,2,3,4,200.0,20.0,50.0,1
3,4,-1,4,199.9199982,25.98999977,49.97999954,1
2,2,0,1,199.9900055,10.0,199.9900055,0
0,0,0,1,129.9900055,16.89999962,129.9900055,0
6,2,4,2,60.0,6.0,30.0,3
2,1,1,1,199.9900055,24.0,199.9900055,0
2,4,-2,1,199.9900055,11.0,199.9900055,2
6,4,2,1,129.9900055,22.10000038,129.9900055,3
6,4,2,5,299.9500122,16.5,59.99000168,1
6,4,2,3,74.97000122,9.0,24.98999977,3
4,4,0,1,129.9900055,20.79999924,129.9900055,3
2,4,-2,3,74.97000122,0.75,24.98999977,2
2,4,-2,2,199.9799957,8.0,99.98999786,2
2,1,1,1,129.9900055,9.100000381,129.9900055,0
1,0,1,1,199.9900055,2.0,199.9900055,0
5,4,1,5,250.0,37.5,50.0,1
3,4,-1,5,249.8999939,42.47999954,49.97999954,1
2,1,1,2,79.98000336,2.400000095,39.99000168,0
4,4,0,1,59.99000168,12.0,59.99000168,3
3,4,-1,1,199.9900055,0.0,199.9900055,2
3,4,-1,1,399.980011,22.0,399.980011,4
6,2,4,1,129.9900055,7.150000095,129.9900055,3
3,4,-1,1,399.980011,12.0,399.980011,4
4,2,2,3,119.9700012,12.0,39.99000168,3
3,4,-1,2,79.98000336,0.0,39.99000168,2
2,4,-2,1,199.9900055,6.0,199.9900055,2
3,4,-1,3,150.0,6.0,50.0,2
2,1,1,4,99.95999908,7.0,24.98999977,0
6,2,4,1,299.980011,3.0,299.980011,3
5,2,3,1,199.9900055,34.0,199.9900055,3
2,1,1,1,199.9900055,40.0,199.9900055,0
6,4,2,3,119.9700012,12.0,39.99000168,3
1,0,1,1,399.980011,64.0,399.980011,4
6,4,2,2,199.9799957,11.0,99.98999786,3
3,2,1,1,59.99000168,5.400000095,59.99000168,0
2,1,1,1,199.9900055,4.0,199.9900055,0
6,4,2,2,79.98000336,12.0,39.99000168,3
2,2,0,1,299.980011,51.0,299.980011,4
3,2,1,1,29.98999977,1.200000048,29.98999977,0
2,4,-2,1,199.9900055,10.0,199.9900055,2
4,4,0,1,129.9900055,19.5,129.9900055,3
2,2,0,5,299.9500122,12.0,59.99000168,1
2,1,1,1,50.0,12.5,50.0,0
2,2,0,1,129.9900055,3.900000095,129.9900055,0
4,4,0,1,299.980011,45.0,299.980011,4
0,0,0,1,99.98999786,20.0,99.98999786,0
6,4,2,1,199.9900055,40.0,199.9900055,3
2,1,1,1,199.9900055,8.0,199.9900055,0
0,0,0,1,39.99000168,7.199999809,39.99000168,0
5,4,1,1,129.9900055,32.5,129.9900055,3
3,4,-1,3,150.0,15.0,50.0,2
2,4,-2,1,129.9900055,0.0,129.9900055,2
3,4,-1,1,199.9900055,40.0,199.9900055,2
4,4,0,1,357.1000061,60.70999908,357.1000061,4
4,2,2,5,299.9500122,30.0,59.99000168,1
1,0,1,1,399.980011,4.0,399.980011,0
2,1,1,1,129.9900055,11.69999981,129.9900055,0
6,2,4,1,24.98999977,4.0,24.98999977,3
2,2,0,1,50.0,4.5,50.0,0
2,1,1,1,199.9900055,40.0,199.9900055,0
4,4,0,1,39.99000168,1.600000024,39.99000168,3
4,4,0,3,179.9700012,1.799999952,59.99000168,2
2,4,-2,5,124.9499969,21.23999977,24.98999977,2
6,4,2,1,299.980011,39.0,299.980011,4
2,4,-2,1,399.980011,12.0,399.980011,4
3,2,1,1,199.9900055,26.0,199.9900055,0
6,4,2,4,239.9600067,38.38999939,59.99000168,1
5,4,1,1,21.98999977,0.439999998,21.98999977,3
3,4,-1,2,119.9800034,4.800000191,59.99000168,2
6,4,2,4,199.9199982,8.0,49.97999954,1
4,2,2,1,59.99000168,3.0,59.99000168,3
2,1,1,3,299.9700012,36.0,99.98999786,0
2,1,1,1,399.980011,12.0,399.980011,4
5,2,3,1,299.980011,60.0,299.980011,4
5,4,1,1,299.980011,6.0,299.980011,3
5,2,3,3,179.9700012,30.59000015,59.99000168,3
5,4,1,5,159.9499969,23.98999977,31.98999977,1
6,4,2,1,129.9900055,9.100000381,129.9900055,3
4,2,2,3,150.0,4.5,50.0,3
2,4,-2,3,149.9400024,3.0,49.97999954,2
5,2,3,2,199.9799957,34.0,99.98999786,3
2,1,1,5,250.0,10.0,50.0,0
2,4,-2,1,49.97999954,2.75,49.97999954,2
6,4,2,1,164.3800049,6.579999924,164.3800049,3
0,0,0,1,299.9899902,36.0,299.9899902,0
4,4,0,3,179.9700012,28.79999924,59.99000168,1
2,1,1,1,399.980011,72.0,399.980011,4
2,4,-2,5,249.8999939,32.49000168,49.97999954,1
3,4,-1,1,199.9900055,26.0,199.9900055,2
3,4,-1,5,499.9500122,45.0,99.98999786,1
5,2,3,3,299.9700012,15.0,99.98999786,3
2,1,1,4,319.9599915,22.39999962,79.98999786,0
2,1,1,1,15.98999977,1.120000005,15.98999977,0
3,2,1,2,99.95999908,19.98999977,49.97999954,0
3,2,1,5,250.0,62.5,50.0,1
6,4,2,1,199.9900055,20.0,199.9900055,3
6,2,4,1,199.9900055,36.0,199.9900055,3
6,4,2,1,129.9900055,7.150000095,129.9900055,3
2,1,1,4,159.9600067,11.19999981,39.99000168,0
2,1,1,1,299.980011,75.0,299.980011,4
3,2,1,1,399.980011,16.0,399.980011,4
5,4,1,3,299.9700012,12.0,99.98999786,1
3,4,-1,1,129.9900055,32.5,129.9900055,2
2,4,-2,4,159.9600067,23.98999977,39.99000168,2
2,2,0,5,299.9500122,27.0,59.99000168,1
4,2,2,3,179.9700012,32.38999939,59.99000168,1
2,4,-2,3,150.0,3.0,50.0,2
5,4,1,1,199.9900055,32.0,199.9900055,3
3,4,-1,1,199.9900055,24.0,199.9900055,2
6,4,2,4,200.0,0.0,50.0,1
6,4,2,4,239.9600067,28.79999924,59.99000168,1
2,1,1,1,399.980011,80.0,399.980011,4
0,0,0,1,299.980011,48.0,299.980011,0
3,4,-1,5,499.9500122,45.0,99.98999786,1
3,4,-1,1,39.99000168,0.400000006,39.99000168,2
5,4,1,1,299.980011,60.0,299.980011,4
6,4,2,4,239.9600067,16.79999924,59.99000168,1
4,4,0,1,199.9900055,11.0,199.9900055,3
5,2,3,1,129.9900055,13.0,129.9900055,3
4,4,0,1,199.9900055,0.0,199.9900055,3
4,4,0,1,39.99000168,8.0,39.99000168,3
1,0,1,1,129.9900055,5.199999809,129.9900055,0
2,1,1,1,99.98999786,12.0,99.98999786,0
2,1,1,2,119.9800034,0.0,59.99000168,0
2,4,-2,4,239.9600067,0.0,59.99000168,2
4,4,0,1,299.980011,12.0,299.980011,4
2,1,1,1,299.980011,54.0,299.980011,4
2,1,1,5,249.8999939,62.47999954,49.97999954,1
2,4,-2,2,100.0,5.5,50.0,2
5,4,1,4,200.0,50.0,50.0,1
4,4,0,1,399.980011,4.0,399.980011,4
5,4,1,2,199.9799957,34.0,99.98999786,3
2,4,-2,1,50.0,1.0,50.0,2
4,4,0,1,49.97999954,1.5,49.97999954,3
6,4,2,4,399.9599915,40.0,99.98999786,1
2,4,-2,5,299.9500122,6.0,59.99000168,2
2,1,1,1,39.99000168,1.200000048,39.99000168,0
6,4,2,1,99.98999786,9.0,99.98999786,3
6,4,2,1,299.980011,12.0,299.980011,3
0,0,0,5,299.9500122,53.99000168,59.99000168,0
2,1,1,1,299.980011,51.0,299.980011,4
2,1,1,2,119.9800034,3.599999905,59.99000168,0
5,4,1,3,299.9700012,27.0,99.98999786,1
2,1,1,5,250.0,13.75,50.0,0
5,2,3,1,199.9900055,2.0,199.9900055,3
4,2,2,2,100.0,25.0,50.0,3
5,2,3,3,74.97000122,11.25,24.98999977,3
3,4,-1,5,250.0,5.0,50.0,1
3,2,1,2,50.0,1.5,25.0,0
4,4,0,2,99.95999908,0.0,49.97999954,3
3,4,-1,2,199.9799957,6.0,99.98999786,2
6,4,2,1,299.980011,30.0,299.980011,4
2,1,1,1,129.9900055,20.79999924,129.9900055,0
1,0,1,1,399.980011,60.0,399.980011,4
3,4,-1,3,179.9700012,32.38999939,59.99000168,2
2,1,1,3,299.9700012,59.99000168,99.98999786,0
2,4,-2,1,34.99000168,4.199999809,34.99000168,2
6,4,2,5,250.0,5.0,50.0,1
3,2,1,4,111.9599991,11.19999981,27.98999977,0
6,4,2,1,129.9900055,23.39999962,129.9900055,3
2,1,1,1,39.99000168,0.0,39.99000168,0
3,4,-1,5,299.9500122,16.5,59.99000168,1
3,4,-1,3,150.0,0.0,50.0,2
6,4,2,1,399.980011,22.0,399.980011,4
2,1,1,1,129.9900055,26.0,129.9900055,0
5,2,3,1,129.9900055,9.100000381,129.9900055,3
5,2,3,1,249.9900055,30.0,249.9900055,3
2,1,1,1,199.9900055,40.0,199.9900055,0
4,4,0,2,99.95999908,15.98999977,49.97999954,3
6,4,2,1,199.9900055,4.0,199.9900055,3
4,4,0,3,179.9700012,9.0,59.99000168,1
4,4,0,3,179.9700012,18.0,59.99000168,1
2,4,-2,3,59.97000122,7.800000191,19.98999977,2
5,2,3,1,129.9900055,26.0,129.9900055,3
4,4,0,4,399.9599915,22.0,99.98999786,1
5,2,3,1,299.9899902,60.0,299.9899902,4
6,4,2,2,79.98000336,5.599999905,39.99000168,3
4,2,2,1,59.99000168,7.800000191,59.99000168,3
2,4,-2,4,239.9600067,31.19000053,59.99000168,2
6,4,2,1,129.9900055,32.5,129.9900055,3
2,2,0,1,129.9900055,7.150000095,129.9900055,0
4,4,0,4,159.9600067,31.98999977,39.99000168,1
3,4,-1,4,239.9600067,35.99000168,59.99000168,1
4,2,2,1,1500.0,270.0,1500.0,4
5,4,1,4,159.9600067,8.0,39.99000168,1
2,1,1,1,199.9900055,26.0,199.9900055,0
5,4,1,1,59.08000183,5.909999847,59.08000183,3
2,4,-2,5,249.8999939,22.48999977,49.97999954,2
2,2,0,1,59.99000168,9.600000381,59.99000168,0
2,1,1,1,293.0400085,35.15999985,293.0400085,0
3,2,1,4,200.0,30.0,50.0,1
2,2,0,1,299.980011,21.0,299.980011,4
2,1,1,1,129.9900055,5.199999809,129.9900055,0
5,4,1,2,100.0,10.0,50.0,3
5,2,3,5,499.9500122,50.0,99.98999786,1
6,4,2,1,31.98999977,2.24000001,31.98999977,3
2,1,1,5,199.9499969,25.98999977,39.99000168,0
5,2,3,1,199.9900055,8.0,199.9900055,3
4,4,0,1,59.99000168,0.0,59.99000168,3
2,1,1,5,350.0,17.5,70.0,1
2,4,-2,1,99.98999786,13.0,99.98999786,2
4,4,0,1,199.9900055,34.0,199.9900055,2
4,2,2,1,49.97999954,0.0,49.97999954,3
2,4,-2,4,399.9599915,79.98999786,99.98999786,1
3,4,-1,1,357.1000061,42.84999847,357.1000061,4
2,4,-2,3,59.97000122,3.299999952,19.98999977,2
3,4,-1,4,200.0,30.0,50.0,1
5,2,3,2,100.0,5.5,50.0,3
6,4,2,1,24.98999977,1.25,24.98999977,3
6,4,2,1,299.980011,27.0,299.980011,4
4,2,2,1,299.980011,3.0,299.980011,3
2,1,1,5,299.9500122,50.99000168,59.99000168,1
6,4,2,5,250.0,42.5,50.0,1
5,4,1,1,129.9900055,32.5,129.9900055,3
6,2,4,1,399.980011,16.0,399.980011,4
2,1,1,3,179.9700012,35.99000168,59.99000168,0
6,4,2,4,239.9600067,2.400000095,59.99000168,1
3,4,-1,2,99.95999908,15.98999977,49.97999954,2
2,1,1,1,299.9899902,6.0,299.9899902,0
0,0,0,4,200.0,32.0,50.0,0
6,4,2,1,299.980011,45.0,299.980011,4
2,1,1,1,199.9900055,36.0,199.9900055,0
2,2,0,2,100.0,15.0,50.0,0
2,1,1,3,150.0,22.5,50.0,0
1,0,1,1,108.0,16.20000076,108.0,0
2,1,1,1,299.980011,21.0,299.980011,0
0,0,0,5,499.9500122,5.0,99.98999786,0
4,2,2,4,199.9199982,13.98999977,49.97999954,1
4,4,0,4,159.9600067,6.400000095,39.99000168,1
0,0,0,1,50.0,1.0,50.0,0
0,0,0,1,31.07999992,2.799999952,31.07999992,0
2,1,1,4,199.9199982,31.98999977,49.97999954,0
4,4,0,1,199.9900055,20.0,199.9900055,2
2,4,-2,1,59.99000168,1.799999952,59.99000168,2
4,4,0,3,179.9700012,44.99000168,59.99000168,1
3,4,-1,2,100.0,9.0,50.0,2
2,1,1,4,200.0,36.0,50.0,0
2,4,-2,4,399.9599915,51.99000168,99.98999786,1
3,2,1,1,399.980011,48.0,399.980011,4
2,1,1,5,249.8999939,13.73999977,49.97999954,0
4,2,2,1,129.9900055,6.5,129.9900055,3
6,2,4,1,129.9900055,2.599999905,129.9900055,3
2,4,-2,2,119.9800034,2.400000095,59.99000168,2
2,4,-2,1,299.980011,12.0,299.980011,2
5,4,1,1,50.0,7.5,50.0,3
5,4,1,5,250.0,10.0,50.0,1
3,2,1,5,249.8999939,39.97999954,49.97999954,1
4,4,0,4,207.9600067,37.43000031,51.99000168,1
2,1,1,1,299.980011,48.0,299.980011,4
6,4,2,1,99.98999786,12.0,99.98999786,3
2,1,1,1,129.9900055,5.199999809,129.9900055,0
4,4,0,5,250.0,37.5,50.0,1
3,4,-1,4,159.9600067,14.39999962,39.99000168,2
3,2,1,3,149.9400024,7.5,49.97999954,0
6,2,4,5,299.9500122,12.0,59.99000168,1
6,2,4,1,199.9900055,8.0,199.9900055,3
4,4,0,2,99.95999908,14.98999977,49.97999954,3
3,4,-1,1,99.98999786,5.5,99.98999786,2
2,1,1,3,299.9700012,12.0,99.98999786,0
3,4,-1,2,119.9800034,12.0,59.99000168,2
6,4,2,1,129.9900055,1.299999952,129.9900055,3
2,4,-2,1,399.980011,12.0,399.980011,4
3,4,-1,2,100.0,15.0,50.0,2
4,4,0,2,79.98000336,0.0,39.99000168,3
6,4,2,1,399.980011,12.0,399.980011,4
2,1,1,1,39.99000168,0.0,39.99000168,0
2,2,0,1,129.9900055,20.79999924,129.9900055,0
2,4,-2,1,24.98999977,1.370000005,24.98999977,2
0,0,0,5,299.9500122,38.99000168,59.99000168,0
4,2,2,3,149.9400024,26.98999977,49.97999954,1
2,1,1,4,239.9600067,7.199999809,59.99000168,0
3,4,-1,4,239.9600067,4.800000191,59.99000168,2
2,1,1,1,59.99000168,7.800000191,59.99000168,0
2,4,-2,3,65.97000122,13.18999958,21.98999977,2
2,4,-2,1,299.980011,54.0,299.980011,4
3,4,-1,1,129.9900055,22.10000038,129.9900055,2
3,4,-1,2,79.98000336,9.600000381,39.99000168,2
3,4,-1,1,50.0,2.75,50.0,2
3,4,-1,3,179.9700012,5.400000095,59.99000168,2
2,1,1,1,129.9900055,7.150000095,129.9900055,0
0,0,0,1,399.980011,60.0,399.980011,4
3,4,-1,1,199.9900055,8.0,199.9900055,2
2,1,1,3,299.9700012,39.0,99.98999786,0
6,4,2,1,129.9900055,13.0,129.9900055,3
0,0,0,1,399.980011,68.0,399.980011,4
2,4,-2,1,399.980011,12.0,399.980011,4
2,2,0,4,200.0,20.0,50.0,0
2,1,1,5,250.0,25.0,50.0,0
2,4,-2,3,179.9700012,3.599999905,59.99000168,2
2,4,-2,1,215.8200073,0.0,215.8200073,2
6,4,2,1,399.980011,22.0,399.980011,4
5,4,1,1,357.1000061,57.13999939,357.1000061,4
4,4,0,1,199.9900055,36.0,199.9900055,2
3,4,-1,2,119.9800034,19.20000076,59.99000168,2
1,0,1,1,299.980011,51.0,299.980011,0
1,0,1,5,249.8999939,7.5,49.97999954,0
0,0,0,5,199.9499969,4.0,39.99000168,0
3,4,-1,4,199.9199982,13.98999977,49.97999954,2
5,4,1,1,39.75,1.190000057,39.75,3
4,2,2,1,50.0,3.5,50.0,3
5,4,1,5,249.8999939,10.0,49.97999954,1
6,4,2,1,50.0,0.5,50.0,3
5,4,1,1,399.980011,36.0,399.980011,4
2,4,-2,4,199.9199982,6.0,49.97999954,2
2,1,1,1,129.9900055,16.89999962,129.9900055,0
6,4,2,5,199.9499969,23.98999977,39.99000168,1
2,1,1,1,129.9900055,9.100000381,129.9900055,0
4,4,0,1,293.0400085,14.64999962,293.0400085,4
2,1,1,2,119.9800034,10.80000019,59.99000168,0
2,4,-2,3,179.9700012,18.0,59.99000168,2
2,1,1,1,461.480011,4.610000134,461.480011,4
4,4,0,3,150.0,25.5,50.0,1
4,4,0,1,129.9900055,32.5,129.9900055,3
2,4,-2,1,59.99000168,7.800000191,59.99000168,2
2,1,1,3,299.9700012,6.0,99.98999786,0
3,2,1,4,399.9599915,22.0,99.98999786,1
5,4,1,1,50.0,8.5,50.0,3
5,2,3,1,299.980011,45.0,299.980011,4
1,0,1,1,129.9900055,9.100000381,129.9900055,0
3,4,-1,4,239.9600067,24.0,59.99000168,1
4,4,0,1,199.9900055,11.0,199.9900055,3
3,4,-1,4,207.9600067,4.159999847,51.99000168,2
2,1,1,5,299.9500122,53.99000168,59.99000168,1
2,1,1,1,199.9900055,26.0,199.9900055,0
3,4,-1,1,210.8500061,10.53999996,210.8500061,2
2,4,-2,2,99.95999908,19.98999977,49.97999954,2
2,4,-2,1,129.9900055,2.599999905,129.9900055,2
5,4,1,5,249.8999939,49.97999954,49.97999954,1
2,4,-2,1,299.980011,36.0,299.980011,2
3,4,-1,1,99.98999786,20.0,99.98999786,2
5,4,1,1,59.99000168,4.199999809,59.99000168,3
3,4,-1,1,50.0,2.75,50.0,2
3,2,1,1,199.9900055,0.0,199.9900055,0
2,4,-2,1,299.980011,12.0,299.980011,2
6,4,2,1,129.9900055,22.10000038,129.9900055,3
2,4,-2,4,239.9600067,38.38999939,59.99000168,2
2,4,-2,1,129.9900055,0.0,129.9900055,2
2,4,-2,1,129.9900055,2.599999905,129.9900055,2
2,4,-2,1,199.9900055,26.0,199.9900055,2
3,4,-1,2,119.9800034,18.0,59.99000168,2
2,4,-2,1,299.980011,51.0,299.980011,4
2,1,1,1,129.9900055,13.0,129.9900055,0
3,4,-1,1,399.980011,28.0,399.980011,4
6,2,4,5,299.9500122,74.98999786,59.99000168,1
6,4,2,5,299.9500122,35.99000168,59.99000168,1
2,1,1,1,19.98999977,1.799999952,19.98999977,0
4,4,0,1,49.97999954,0.0,49.97999954,3
2,4,-2,3,155.9700012,26.51000023,51.99000168,2
4,4,0,1,129.9900055,0.0,129.9900055,3
5,4,1,1,399.980011,64.0,399.980011,4
6,4,2,2,199.9799957,32.0,99.98999786,3
3,4,-1,1,129.9900055,13.0,129.9900055,2
6,4,2,1,399.980011,36.0,399.980011,4
4,4,0,4,239.9600067,7.199999809,59.99000168,1
2,1,1,1,129.9900055,2.599999905,129.9900055,0
1,0,1,1,199.9900055,20.0,199.9900055,0
2,1,1,1,299.980011,16.5,299.980011,0
5,2,3,1,199.9900055,8.0,199.9900055,3
1,0,1,3,299.9700012,9.0,99.98999786,0
0,0,0,1,31.07999992,0.930000007,31.07999992,0
6,2,4,4,79.95999908,12.78999996,19.98999977,3
4,4,0,1,199.9900055,24.0,199.9900055,2
2,2,0,5,499.9500122,124.9899979,99.98999786,1
2,2,0,1,129.9900055,20.79999924,129.9900055,0
6,2,4,4,127.9599991,20.46999931,31.98999977,3
2,1,1,1,39.99000168,0.400000006,39.99000168,0
2,2,0,1,260.6499939,31.28000069,260.6499939,0
6,2,4,1,399.980011,68.0,399.980011,4
2,4,-2,1,299.980011,54.0,299.980011,4
6,4,2,4,199.9199982,39.97999954,49.97999954,1
2,4,-2,1,129.9900055,9.100000381,129.9900055,2
2,4,-2,4,159.9600067,6.400000095,39.99000168,2
4,4,0,1,299.980011,30.0,299.980011,4
3,4,-1,1,129.9900055,7.150000095,129.9900055,2
4,4,0,2,100.0,9.0,50.0,3
2,4,-2,3,95.97000122,15.35999966,31.98999977,2
2,4,-2,1,399.980011,60.0,399.980011,4
6,4,2,1,299.980011,75.0,299.980011,4
5,4,1,4,239.9600067,7.199999809,59.99000168,1
2,2,0,5,250.0,62.5,50.0,1
4,4,0,2,100.0,16.0,50.0,3
6,4,2,3,149.9400024,22.48999977,49.97999954,3
1,0,1,1,129.9900055,11.69999981,129.9900055,0
2,2,0,1,129.9900055,7.150000095,129.9900055,0
2,1,1,2,99.95999908,9.0,49.97999954,0
2,4,-2,1,399.980011,0.0,399.980011,2
5,2,3,2,99.95999908,0.0,49.97999954,3
2,1,1,1,199.9900055,11.0,199.9900055,0
2,2,0,1,199.9900055,11.0,199.9900055,0
4,4,0,3,179.9700012,0.0,59.99000168,2
5,2,3,5,299.9500122,15.0,59.99000168,1
2,4,-2,5,250.0,45.0,50.0,1
3,2,1,2,119.9800034,0.0,59.99000168,0
6,4,2,1,399.980011,36.0,399.980011,4
3,4,-1,1,129.9900055,6.5,129.9900055,2
0,0,0,2,119.9800034,18.0,59.99000168,0
6,2,4,3,119.9700012,12.0,39.99000168,3
6,4,2,1,249.9900055,2.5,249.9900055,3
3,4,-1,1,59.99000168,1.200000048,59.99000168,2
6,4,2,1,299.980011,16.5,299.980011,3
1,0,1,1,399.980011,0.0,399.980011,0
2,1,1,5,249.8999939,44.97999954,49.97999954,1
2,1,1,1,399.980011,12.0,399.980011,4
2,4,-2,2,69.98000336,0.699999988,34.99000168,2
6,2,4,5,499.9500122,89.98999786,99.98999786,1
4,4,0,1,399.980011,40.0,399.980011,4
3,2,1,1,399.980011,12.0,399.980011,4
1,0,1,1,129.9900055,0.0,129.9900055,0
2,1,1,1,129.9900055,16.89999962,129.9900055,0
3,4,-1,1,299.980011,45.0,299.980011,4
5,4,1,5,249.8999939,2.5,49.97999954,1
5,2,3,1,199.9900055,30.0,199.9900055,3
3,4,-1,5,499.9500122,27.5,99.98999786,1
5,2,3,1,399.980011,80.0,399.980011,4
3,4,-1,1,199.9900055,26.0,199.9900055,2
3,4,-1,1,399.980011,0.0,399.980011,4
2,4,-2,1,299.980011,51.0,299.980011,4
4,4,0,3,179.9700012,0.0,59.99000168,2
4,4,0,3,149.9400024,29.98999977,49.97999954,1
2,1,1,1,399.980011,16.0,399.980011,4
2,2,0,1,50.0,2.75,50.0,0
3,4,-1,1,399.980011,60.0,399.980011,4
3,4,-1,3,150.0,13.5,50.0,2
3,4,-1,3,149.9400024,23.98999977,49.97999954,2
5,4,1,1,399.980011,16.0,399.980011,4
2,4,-2,1,129.9900055,1.299999952,129.9900055,2
3,4,-1,1,50.0,10.0,50.0,2
5,2,3,5,499.9500122,124.9899979,99.98999786,1
5,2,3,1,59.99000168,7.199999809,59.99000168,3
2,4,-2,1,129.9900055,9.100000381,129.9900055,2
2,4,-2,1,399.980011,48.0,399.980011,4
3,4,-1,3,179.9700012,1.799999952,59.99000168,2
0,0,0,2,79.98000336,14.39999962,39.99000168,0
2,1,1,1,129.9900055,15.60000038,129.9900055,0
6,4,2,2,39.97999954,0.0,19.98999977,3
2,1,1,5,250.0,13.75,50.0,0
4,4,0,4,200.0,8.0,50.0,1
2,2,0,5,299.9500122,30.0,59.99000168,1
2,1,1,1,199.9900055,24.0,199.9900055,0
3,2,1,5,249.8999939,39.97999954,49.97999954,1
5,4,1,1,129.9900055,5.199999809,129.9900055,3
6,4,2,1,129.9900055,22.10000038,129.9900055,3
4,4,0,4,199.9199982,2.0,49.97999954,1
5,4,1,1,129.9900055,6.5,129.9900055,3
3,4,-1,1,129.9900055,20.79999924,129.9900055,2
3,2,1,1,399.980011,36.0,399.980011,4
4,4,0,1,399.980011,12.0,399.980011,4
5,4,1,1,399.980011,40.0,399.980011,4
5,4,1,5,299.9500122,27.0,59.99000168,1
2,1,1,5,299.9500122,59.99000168,59.99000168,1
6,4,2,4,200.0,40.0,50.0,1
0,0,0,1,59.99000168,0.600000024,59.99000168,0
2,1,1,1,399.980011,36.0,399.980011,4
6,4,2,1,31.07999992,3.730000019,31.07999992,3
2,4,-2,1,49.97999954,1.0,49.97999954,2
2,2,0,4,239.9600067,43.18999863,59.99000168,1
3,4,-1,5,249.8999939,39.97999954,49.97999954,1
6,4,2,3,149.9400024,17.98999977,49.97999954,3
2,1,1,2,79.98000336,4.400000095,39.99000168,0
6,4,2,3,299.9700012,27.0,99.98999786,1
2,1,1,1,129.9900055,15.60000038,129.9900055,0
4,2,2,1,299.980011,51.0,299.980011,4
5,4,1,3,179.9700012,18.0,59.99000168,3
6,4,2,3,149.9400024,19.48999977,49.97999954,3
0,0,0,1,129.9900055,2.599999905,129.9900055,0
3,4,-1,1,399.980011,40.0,399.980011,4
0,0,0,1,199.9900055,11.0,199.9900055,0
4,4,0,1,49.97999954,2.75,49.97999954,3
5,4,1,4,79.95999908,4.400000095,19.98999977,1
2,1,1,1,199.9900055,36.0,199.9900055,0
4,2,2,1,199.9900055,20.0,199.9900055,3
5,4,1,5,199.9499969,18.0,39.99000168,1
2,1,1,3,150.0,22.5,50.0,0
2,1,1,1,129.9900055,15.60000038,129.9900055,0
6,4,2,1,29.98999977,5.099999905,29.98999977,3
3,4,-1,1,199.9900055,8.0,199.9900055,2
3,2,1,1,39.99000168,7.199999809,39.99000168,0
2,4,-2,3,150.0,10.5,50.0,2
2,2,0,2,79.98000336,10.39999962,39.99000168,0
3,4,-1,1,399.980011,0.0,399.980011,4
4,2,2,1,50.0,0.5,50.0,3
2,1,1,1,399.980011,100.0,399.980011,4
3,4,-1,3,299.9700012,48.0,99.98999786,2
4,4,0,4,179.9600067,9.899999619,44.99000168,1
2,4,-2,1,129.9900055,23.39999962,129.9900055,2
3,4,-1,1,129.9900055,22.10000038,129.9900055,2
2,4,-2,1,399.980011,20.0,399.980011,4
5,2,3,1,50.0,5.0,50.0,3
3,4,-1,1,50.0,8.0,50.0,2
3,2,1,1,50.0,5.0,50.0,0
5,4,1,1,199.9900055,4.0,199.9900055,3
2,4,-2,1,399.980011,80.0,399.980011,4
2,4,-2,1,299.980011,3.0,299.980011,2
2,2,0,2,119.9800034,18.0,59.99000168,0
2,2,0,1,59.99000168,2.400000095,59.99000168,0
2,1,1,1,99.98999786,5.5,99.98999786,0
4,4,0,2,100.0,0.0,50.0,3
3,4,-1,1,299.980011,12.0,299.980011,2
5,4,1,5,250.0,7.5,50.0,1
2,1,1,1,399.980011,16.0,399.980011,4
4,4,0,1,99.98999786,12.0,99.98999786,3
2,1,1,1,399.980011,16.0,399.980011,4
5,4,1,4,207.9600067,35.34999847,51.99000168,1
2,4,-2,4,199.9199982,39.97999954,49.97999954,2
4,4,0,5,249.8999939,32.49000168,49.97999954,1
2,1,1,1,199.9900055,50.0,199.9900055,0
4,4,0,1,399.980011,68.0,399.980011,4
2,1,1,5,250.0,7.5,50.0,0
0,0,0,1,299.980011,12.0,299.980011,0
4,2,2,1,399.980011,40.0,399.980011,4
5,4,1,2,119.9800034,2.400000095,59.99000168,3
2,1,1,5,249.8999939,22.48999977,49.97999954,0
3,4,-1,1,11.53999996,1.730000019,11.53999996,2
2,4,-2,1,129.9900055,19.5,129.9900055,2
2,1,1,1,299.980011,12.0,299.980011,0
2,4,-2,1,129.9900055,9.100000381,129.9900055,2
2,1,1,1,399.980011,20.0,399.980011,4
6,4,2,4,159.9600067,31.98999977,39.99000168,1
2,2,0,3,179.9700012,35.99000168,59.99000168,0
3,2,1,1,99.98999786,5.0,99.98999786,0
3,2,1,1,129.9900055,13.0,129.9900055,0
3,4,-1,4,239.9600067,24.0,59.99000168,1
2,4,-2,1,199.9900055,24.0,199.9900055,2
2,4,-2,3,179.9700012,35.99000168,59.99000168,2
4,2,2,4,59.95999908,7.199999809,14.98999977,1
4,4,0,4,200.0,11.0,50.0,1
4,4,0,1,199.9900055,24.0,199.9900055,2
5,4,1,1,199.9900055,36.0,199.9900055,3
5,4,1,3,119.9700012,29.98999977,39.99000168,3
2,2,0,1,129.9900055,0.0,129.9900055,0
6,4,2,1,39.99000168,4.0,39.99000168,3
4,4,0,1,59.99000168,15.0,59.99000168,3
2,1,1,1,39.99000168,2.799999952,39.99000168,0
4,4,0,5,499.9500122,79.98999786,99.98999786,1
6,4,2,4,199.9199982,13.98999977,49.97999954,1
3,4,-1,1,129.9900055,16.89999962,129.9900055,2
6,4,2,1,399.980011,40.0,399.980011,4
2,4,-2,1,199.9900055,32.0,199.9900055,2
6,4,2,5,250.0,37.5,50.0,1
3,4,-1,5,250.0,5.0,50.0,1
6,4,2,1,199.9900055,11.0,199.9900055,3
6,2,4,1,299.980011,6.0,299.980011,3
2,1,1,4,200.0,11.0,50.0,0
5,4,1,1,50.0,0.5,50.0,3
2,4,-2,1,199.9900055,50.0,199.9900055,2
4,2,2,1,399.980011,100.0,399.980011,4
2,4,-2,2,79.98000336,4.0,39.99000168,2
2,1,1,1,199.9900055,50.0,199.9900055,0
6,4,2,1,49.97999954,10.0,49.97999954,3
2,1,1,1,252.8800049,32.86999893,252.8800049,0
4,4,0,1,39.99000168,4.0,39.99000168,3
2,1,1,3,53.97000122,8.640000343,17.98999977,0
3,2,1,3,149.9400024,7.5,49.97999954,0
3,4,-1,1,399.980011,48.0,399.980011,4
5,2,3,1,299.980011,6.0,299.980011,3
4,4,0,5,199.9499969,23.98999977,39.99000168,1
2,1,1,5,299.9500122,9.0,59.99000168,0
4,2,2,1,39.75,3.579999924,39.75,3
0,0,0,1,129.9900055,13.0,129.9900055,0
5,4,1,1,199.9900055,26.0,199.9900055,3
6,4,2,1,299.980011,51.0,299.980011,4
2,1,1,4,239.9600067,13.19999981,59.99000168,0
5,4,1,1,399.980011,12.0,399.980011,4
1,0,1,4,199.9199982,8.0,49.97999954,0
4,4,0,1,199.9900055,24.0,199.9900055,2
2,1,1,3,179.9700012,12.60000038,59.99000168,0
2,2,0,1,299.980011,12.0,299.980011,0
5,4,1,5,149.9499969,3.0,29.98999977,1
4,2,2,3,95.97000122,2.880000114,31.98999977,3
4,4,0,1,299.980011,48.0,299.980011,4
2,4,-2,3,150.0,27.0,50.0,2
5,4,1,1,39.99000168,7.199999809,39.99000168,3
6,4,2,1,399.980011,22.0,399.980011,4
4,4,0,2,31.97999954,4.800000191,15.98999977,3
4,4,0,1,199.9900055,30.0,199.9900055,2
3,4,-1,4,199.9199982,10.0,49.97999954,2
2,4,-2,1,51.99000168,0.519999981,51.99000168,2
3,4,-1,3,299.9700012,16.5,99.98999786,2
4,4,0,1,39.99000168,6.0,39.99000168,3
5,4,1,4,120.0,8.399999619,30.0,1
3,4,-1,1,199.9900055,8.0,199.9900055,2
3,4,-1,2,79.98000336,4.0,39.99000168,2
4,4,0,5,249.8999939,2.5,49.97999954,1
5,2,3,1,59.99000168,2.400000095,59.99000168,3
4,4,0,3,150.0,4.5,50.0,2
2,4,-2,1,199.9900055,20.0,199.9900055,2
3,4,-1,5,299.9500122,16.5,59.99000168,1
4,2,2,1,399.980011,12.0,399.980011,4
2,4,-2,2,119.9800034,8.399999619,59.99000168,2
2,1,1,3,83.97000122,2.519999981,27.98999977,0
3,4,-1,1,59.99000168,5.400000095,59.99000168,2
2,1,1,1,299.980011,27.0,299.980011,0
2,1,1,3,299.9700012,74.98999786,99.98999786,0
2,1,1,1,129.9900055,9.100000381,129.9900055,0
3,4,-1,3,149.9400024,1.5,49.97999954,2
3,4,-1,5,250.0,40.0,50.0,1
4,4,0,5,199.9499969,11.0,39.99000168,1
6,4,2,5,250.0,10.0,50.0,1
4,4,0,3,299.9700012,0.0,99.98999786,1
2,4,-2,1,39.99000168,2.799999952,39.99000168,2
2,4,-2,1,39.75,2.190000057,39.75,2
3,4,-1,1,129.9900055,0.0,129.9900055,2
2,1,1,4,199.9199982,23.98999977,49.97999954,0
6,4,2,2,99.95999908,2.0,49.97999954,3
2,4,-2,1,199.9900055,10.0,199.9900055,2
5,4,1,1,399.980011,72.0,399.980011,4
6,4,2,5,49.95000076,6.489999771,9.989999771,1
2,4,-2,1,129.9900055,23.39999962,129.9900055,2
2,1,1,1,299.980011,12.0,299.980011,0
5,2,3,4,200.0,34.0,50.0,1
2,1,1,1,199.9900055,11.0,199.9900055,0
2,4,-2,1,59.99000168,3.299999952,59.99000168,2
5,4,1,1,252.8800049,17.70000076,252.8800049,3
5,4,1,2,100.0,5.5,50.0,3
5,4,1,1,199.9900055,24.0,199.9900055,3
2,1,1,2,199.9799957,18.0,99.98999786,0
3,4,-1,4,239.9600067,21.60000038,59.99000168,1
3,4,-1,5,250.0,5.0,50.0,1
5,4,1,1,299.980011,6.0,299.980011,3
5,4,1,4,200.0,6.0,50.0,1
4,4,0,1,59.99000168,7.800000191,59.99000168,3
4,4,0,1,129.9900055,19.5,129.9900055,3
3,4,-1,5,124.9499969,21.23999977,24.98999977,1
3,4,-1,3,149.9400024,26.98999977,49.97999954,2
3,4,-1,3,179.9700012,1.799999952,59.99000168,2
1,0,1,2,79.98000336,14.39999962,39.99000168,0
4,4,0,1,129.9900055,7.150000095,129.9900055,3
6,4,2,1,299.980011,12.0,299.980011,3
3,4,-1,1,129.9900055,9.100000381,129.9900055,2
4,4,0,5,299.9500122,27.0,59.99000168,1
5,4,1,5,299.9500122,15.0,59.99000168,1
3,2,1,3,299.9700012,9.0,99.98999786,0
4,2,2,3,179.9700012,9.0,59.99000168,3
4,4,0,4,199.9199982,17.98999977,49.97999954,1
5,4,1,4,127.9599991,21.75,31.98999977,1
2,2,0,1,299.980011,12.0,299.980011,0
3,2,1,5,250.0,0.0,50.0,1
5,4,1,1,129.9900055,26.0,129.9900055,3
5,4,1,1,199.9900055,8.0,199.9900055,3
5,4,1,2,119.9800034,3.599999905,59.99000168,3
1,0,1,1,399.980011,12.0,399.980011,0
2,1,1,1,399.980011,48.0,399.980011,4
6,4,2,5,499.9500122,20.0,99.98999786,1
4,4,0,2,79.98000336,13.60000038,39.99000168,3
2,1,1,1,299.980011,12.0,299.980011,0
2,4,-2,3,179.9700012,9.899999619,59.99000168,2
2,2,0,5,250.0,45.0,50.0,1
3,2,1,1,129.9900055,23.39999962,129.9900055,0
1,0,1,1,399.980011,68.0,399.980011,4
4,4,0,1,199.9900055,36.0,199.9900055,2
2,4,-2,1,99.98999786,4.0,99.98999786,2
3,4,-1,3,119.9700012,3.599999905,39.99000168,2
3,4,-1,2,99.95999908,15.98999977,49.97999954,2
6,4,2,1,129.9900055,2.599999905,129.9900055,3
2,2,0,1,299.980011,6.0,299.980011,0
4,4,0,4,239.9600067,31.19000053,59.99000168,1
6,2,4,4,199.9199982,35.99000168,49.97999954,1
2,2,0,1,299.980011,75.0,299.980011,4
2,1,1,5,299.9500122,16.5,59.99000168,0
2,4,-2,1,129.9900055,0.0,129.9900055,2
5,2,3,1,399.980011,60.0,399.980011,4
2,1,1,1,199.9900055,10.0,199.9900055,0
4,4,0,1,49.97999954,6.5,49.97999954,3
2,2,0,1,164.3800049,14.78999996,164.3800049,0
2,1,1,2,119.9800034,21.60000038,59.99000168,0
4,4,0,1,299.980011,9.0,299.980011,4
0,0,0,1,399.980011,0.0,399.980011,0
2,1,1,1,299.980011,36.0,299.980011,4
3,4,-1,3,149.9400024,25.48999977,49.97999954,2
6,4,2,1,129.9900055,9.100000381,129.9900055,3
3,2,1,1,399.980011,40.0,399.980011,4
6,2,4,1,129.9900055,23.39999962,129.9900055,3
4,4,0,5,159.9499969,6.400000095,31.98999977,1
5,4,1,3,119.9700012,12.0,39.99000168,3
2,1,1,2,100.0,5.5,50.0,0
4,4,0,2,49.97999954,7.5,24.98999977,3
5,4,1,5,250.0,13.75,50.0,1
2,1,1,4,199.9199982,8.0,49.97999954,0
2,4,-2,1,59.99000168,12.0,59.99000168,2
6,4,2,4,207.9600067,8.319999695,51.99000168,1
4,4,0,1,199.9900055,2.0,199.9900055,3
5,4,1,1,399.980011,80.0,399.980011,4
1,0,1,5,249.8999939,49.97999954,49.97999954,0
6,2,4,1,129.9900055,11.69999981,129.9900055,3
2,4,-2,1,129.9900055,7.150000095,129.9900055,2
6,4,2,1,199.9900055,20.0,199.9900055,3
2,4,-2,4,239.9600067,43.18999863,59.99000168,2
1,0,1,5,299.9500122,3.0,59.99000168,0
1,0,1,1,399.980011,0.0,399.980011,0
3,4,-1,1,1500.0,75.0,1500.0,4
2,1,1,1,199.9900055,10.0,199.9900055,0
3,2,1,1,399.980011,20.0,399.980011,4
5,4,1,1,129.9900055,2.599999905,129.9900055,3
4,2,2,1,399.980011,28.0,399.980011,4
5,4,1,1,199.9900055,30.0,199.9900055,3
6,2,4,1,299.980011,15.0,299.980011,3
5,2,3,1,452.0400085,4.519999981,452.0400085,4
5,2,3,1,129.9900055,5.199999809,129.9900055,3
2,1,1,1,11.53999996,0.119999997,11.53999996,0
2,4,-2,5,249.8999939,17.48999977,49.97999954,2
2,1,1,5,199.9499969,14.0,39.99000168,0
6,4,2,4,200.0,24.0,50.0,1
2,4,-2,1,299.980011,30.0,299.980011,2
5,4,1,2,119.9800034,10.80000019,59.99000168,3
2,2,0,1,59.99000168,5.400000095,59.99000168,0
5,4,1,1,19.98999977,1.399999976,19.98999977,3
5,4,1,1,299.980011,60.0,299.980011,4
3,4,-1,1,59.99000168,1.200000048,59.99000168,2
4,4,0,2,130.0,23.39999962,65.0,2
2,4,-2,1,399.980011,48.0,399.980011,4
2,1,1,1,399.980011,0.0,399.980011,4
2,1,1,2,49.97999954,8.5,24.98999977,0
2,4,-2,1,129.9900055,7.150000095,129.9900055,2
3,4,-1,1,129.9900055,23.39999962,129.9900055,2
1,0,1,1,59.99000168,9.0,59.99000168,0
6,2,4,5,250.0,37.5,50.0,1
5,4,1,4,199.9199982,23.98999977,49.97999954,1
3,4,-1,4,159.9600067,23.98999977,39.99000168,2
4,4,0,5,299.9500122,47.99000168,59.99000168,1
5,2,3,4,159.9600067,8.0,39.99000168,1
6,2,4,1,129.9900055,7.150000095,129.9900055,3
2,4,-2,1,50.0,1.0,50.0,2
0,0,0,1,59.99000168,9.0,59.99000168,0
4,2,2,4,200.0,4.0,50.0,1
5,2,3,3,299.9700012,74.98999786,99.98999786,1
3,2,1,2,199.9799957,24.0,99.98999786,0
5,2,3,3,150.0,7.5,50.0,3
6,4,2,4,239.9600067,40.79000092,59.99000168,1
4,2,2,4,200.0,11.0,50.0,1
5,2,3,1,299.980011,12.0,299.980011,3
3,4,-1,5,199.9499969,23.98999977,39.99000168,1
6,4,2,4,159.9600067,39.99000168,39.99000168,1
6,2,4,1,399.980011,80.0,399.980011,4
2,1,1,2,99.95999908,3.0,49.97999954,0
5,4,1,2,99.95999908,4.0,49.97999954,3
3,2,1,1,129.9900055,11.69999981,129.9900055,0
5,4,1,1,399.980011,22.0,399.980011,4
1,0,1,1,50.0,8.0,50.0,0
2,4,-2,1,59.99000168,1.799999952,59.99000168,2
2,1,1,4,399.9599915,16.0,99.98999786,0
5,4,1,1,99.98999786,2.0,99.98999786,3
2,4,-2,1,59.99000168,10.19999981,59.99000168,2
5,4,1,2,100.0,20.0,50.0,3
4,4,0,1,299.980011,9.0,299.980011,4
6,4,2,1,129.9900055,6.5,129.9900055,3
2,2,0,5,239.9499969,47.99000168,47.99000168,1
2,1,1,1,399.980011,68.0,399.980011,4
3,4,-1,2,79.98000336,3.200000048,39.99000168,2
6,4,2,3,119.9700012,10.80000019,39.99000168,3
6,2,4,1,399.980011,16.0,399.980011,4
1,0,1,4,159.9600067,1.600000024,39.99000168,0
6,2,4,1,399.980011,28.0,399.980011,4
3,4,-1,1,17.98999977,2.160000086,17.98999977,2
5,4,1,1,84.40000153,4.639999866,84.40000153,3
3,4,-1,1,199.9900055,0.0,199.9900055,2
3,4,-1,3,179.9700012,32.38999939,59.99000168,2
3,2,1,1,399.980011,8.0,399.980011,4
2,1,1,3,150.0,27.0,50.0,0
4,4,0,1,129.9900055,26.0,129.9900055,3
6,4,2,3,150.0,15.0,50.0,3
6,2,4,1,129.9900055,3.900000095,129.9900055,3
4,4,0,2,39.97999954,0.0,19.98999977,3
6,4,2,1,129.9900055,5.199999809,129.9900055,3
6,4,2,1,129.9900055,3.900000095,129.9900055,3
4,4,0,1,357.1000061,57.13999939,357.1000061,4
2,4,-2,3,149.9400024,10.5,49.97999954,2
6,4,2,3,179.9700012,27.0,59.99000168,3
5,4,1,1,129.9900055,26.0,129.9900055,3
2,2,0,1,399.980011,36.0,399.980011,4
4,4,0,2,119.9800034,6.599999905,59.99000168,3
4,4,0,1,59.99000168,3.299999952,59.99000168,3
5,2,3,1,129.9900055,16.89999962,129.9900055,3
5,4,1,2,100.0,5.5,50.0,3
2,1,1,2,119.9800034,15.60000038,59.99000168,0
5,4,1,3,150.0,8.25,50.0,3
2,2,0,3,119.9700012,6.599999905,39.99000168,0
3,4,-1,3,299.9700012,16.5,99.98999786,2
5,2,3,1,129.9900055,11.69999981,129.9900055,3
0,0,0,2,119.9800034,21.60000038,59.99000168,0
2,4,-2,1,50.0,2.75,50.0,2
6,4,2,1,299.980011,0.0,299.980011,3
3,4,-1,3,149.9400024,8.25,49.97999954,2
6,4,2,1,299.980011,75.0,299.980011,4
6,4,2,1,327.75,59.0,327.75,4
6,4,2,4,200.0,11.0,50.0,1
4,4,0,1,299.980011,15.0,299.980011,4
5,4,1,4,199.9199982,17.98999977,49.97999954,1
5,4,1,5,299.9500122,50.99000168,59.99000168,1
2,1,1,1,299.980011,15.0,299.980011,0
6,4,2,1,399.980011,64.0,399.980011,4
2,1,1,3,149.9400024,17.98999977,49.97999954,0
4,4,0,1,399.980011,52.0,399.980011,4
5,4,1,1,199.9900055,50.0,199.9900055,3
4,4,0,1,293.0400085,46.88999939,293.0400085,4
2,1,1,1,129.9900055,7.150000095,129.9900055,0
5,4,1,5,250.0,62.5,50.0,1
4,2,2,4,399.9599915,16.0,99.98999786,1
0,0,0,1,452.0400085,76.84999847,452.0400085,4
6,4,2,1,399.980011,48.0,399.980011,4
4,2,2,3,299.9700012,9.0,99.98999786,1
6,4,2,1,49.97999954,2.75,49.97999954,3
2,4,-2,3,150.0,37.5,50.0,2
2,1,1,2,99.95999908,9.0,49.97999954,0
2,2,0,4,199.9199982,2.0,49.97999954,0
5,4,1,1,299.980011,51.0,299.980011,4
2,1,1,1,129.9900055,9.100000381,129.9900055,0
2,2,0,3,74.97000122,6.75,24.98999977,0
4,2,2,1,399.980011,28.0,399.980011,4
3,4,-1,1,129.9900055,2.599999905,129.9900055,2
1,0,1,1,399.980011,22.0,399.980011,4
2,1,1,2,109.9400024,2.200000048,54.97000122,0
5,2,3,5,79.94999695,4.0,15.98999977,1
2,1,1,5,299.9500122,16.5,59.99000168,0
6,4,2,1,399.980011,48.0,399.980011,4
2,1,1,1,50.0,6.5,50.0,0
6,4,2,1,199.9900055,14.0,199.9900055,3
6,4,2,4,239.9600067,43.18999863,59.99000168,1
2,1,1,1,399.980011,22.0,399.980011,4
6,4,2,1,399.980011,12.0,399.980011,4
2,4,-2,5,299.9500122,16.5,59.99000168,2
6,4,2,4,399.9599915,22.0,99.98999786,1
6,4,2,1,199.9900055,20.0,199.9900055,3
3,4,-1,2,119.9800034,3.599999905,59.99000168,2
4,4,0,1,357.1000061,32.13999939,357.1000061,4
6,4,2,1,199.9900055,40.0,199.9900055,3
6,4,2,1,50.0,8.5,50.0,3
2,4,-2,1,199.9900055,24.0,199.9900055,2
2,1,1,1,299.980011,48.0,299.980011,4
2,1,1,1,49.97999954,7.5,49.97999954,0
0,0,0,1,129.9900055,15.60000038,129.9900055,0
5,4,1,1,49.97999954,1.0,49.97999954,3
3,4,-1,1,199.9900055,14.0,199.9900055,2
5,4,1,1,129.9900055,16.89999962,129.9900055,3
3,2,1,1,199.9900055,4.0,199.9900055,0
2,1,1,3,179.9700012,3.599999905,59.99000168,0
6,2,4,1,129.9900055,5.199999809,129.9900055,3
6,4,2,1,129.9900055,23.39999962,129.9900055,3
2,1,1,1,129.9900055,3.900000095,129.9900055,0
3,4,-1,3,179.9700012,35.99000168,59.99000168,2
4,4,0,2,79.98000336,4.0,39.99000168,3
5,2,3,2,29.97999954,0.0,14.98999977,3
2,2,0,1,399.980011,72.0,399.980011,4
6,4,2,2,79.98000336,0.0,39.99000168,3
2,1,1,1,199.9900055,20.0,199.9900055,0
3,4,-1,4,200.0,0.0,50.0,2
4,4,0,1,299.980011,60.0,299.980011,4
2,4,-2,1,399.980011,64.0,399.980011,4
4,4,0,1,299.980011,21.0,299.980011,4
2,2,0,1,252.8800049,10.11999989,252.8800049,0
1,0,1,3,119.9700012,23.98999977,39.99000168,0
4,4,0,1,129.9900055,2.599999905,129.9900055,3
2,1,1,5,499.9500122,10.0,99.98999786,1
4,4,0,1,399.980011,12.0,399.980011,4
3,2,1,1,199.9900055,50.0,199.9900055,4
5,4,1,1,129.9900055,20.79999924,129.9900055,3
2,1,1,5,299.9500122,3.0,59.99000168,0
1,0,1,1,50.0,12.5,50.0,0
4,2,2,1,129.9900055,23.39999962,129.9900055,3
3,4,-1,1,299.980011,0.0,299.980011,2
2,1,1,3,119.9700012,14.39999962,39.99000168,0
3,4,-1,1,49.97999954,2.0,49.97999954,2
2,4,-2,5,250.0,7.5,50.0,2
0,0,0,4,159.9600067,16.0,39.99000168,0
6,4,2,1,50.0,6.5,50.0,3
2,4,-2,2,89.98000336,1.799999952,44.99000168,2
5,4,1,1,299.980011,3.0,299.980011,3
5,4,1,4,399.9599915,48.0,99.98999786,1
3,4,-1,5,249.8999939,7.5,49.97999954,1
5,2,3,4,239.9600067,59.99000168,59.99000168,1
6,4,2,1,299.980011,36.0,299.980011,4
2,2,0,1,199.9900055,24.0,199.9900055,0
2,4,-2,2,79.98000336,13.60000038,39.99000168,2
5,4,1,1,11.53999996,0.629999995,11.53999996,3
2,4,-2,1,399.980011,60.0,399.980011,4
1,0,1,3,150.0,7.5,50.0,0
1,0,1,1,39.99000168,1.600000024,39.99000168,0
5,4,1,3,149.9400024,8.25,49.97999954,3
6,4,2,3,119.9700012,15.60000038,39.99000168,3
2,1,1,3,299.9700012,36.0,99.98999786,0
3,4,-1,3,143.9700012,12.96000004,47.99000168,2
3,4,-1,5,499.9500122,124.9899979,99.98999786,1
3,4,-1,1,129.9900055,20.79999924,129.9900055,2
2,1,1,1,199.9900055,36.0,199.9900055,0
5,4,1,1,99.98999786,25.0,99.98999786,3
5,4,1,1,399.980011,72.0,399.980011,4
4,4,0,1,25.0,0.5,25.0,3
3,4,-1,1,293.0400085,35.15999985,293.0400085,4
2,1,1,1,50.0,4.5,50.0,0
5,4,1,1,50.0,2.0,50.0,3
5,4,1,2,99.95999908,1.0,49.97999954,3
4,2,2,1,129.9900055,32.5,129.9900055,3
4,4,0,5,124.9499969,3.75,24.98999977,1
4,4,0,3,179.9700012,16.20000076,59.99000168,1
5,4,1,1,399.980011,64.0,399.980011,4
2,1,1,1,399.980011,20.0,399.980011,4
3,4,-1,1,299.980011,16.5,299.980011,2
3,2,1,3,119.9700012,4.800000191,39.99000168,0
4,4,0,1,399.980011,16.0,399.980011,4
2,1,1,3,155.9700012,0.0,51.99000168,0
3,4,-1,1,399.980011,60.0,399.980011,4
4,4,0,3,59.97000122,11.98999977,19.98999977,2
6,4,2,4,199.9199982,23.98999977,49.97999954,1
5,2,3,1,84.40000153,10.13000011,84.40000153,3
5,4,1,1,199.9900055,50.0,199.9900055,3
5,2,3,1,199.9900055,34.0,199.9900055,3
2,1,1,1,299.980011,60.0,299.980011,4
3,4,-1,1,99.98999786,10.0,99.98999786,2
4,2,2,1,129.9900055,19.5,129.9900055,3
5,4,1,2,49.97999954,0.0,24.98999977,3
2,2,0,1,199.9900055,14.0,199.9900055,0
4,4,0,5,299.9500122,3.0,59.99000168,1
2,2,0,5,139.9499969,0.0,27.98999977,0
2,2,0,1,59.99000168,15.0,59.99000168,0
6,4,2,2,103.9800034,5.199999809,51.99000168,3
2,4,-2,1,129.9900055,20.79999924,129.9900055,2
0,0,0,1,129.9900055,1.299999952,129.9900055,0
2,4,-2,2,100.0,13.0,50.0,2
4,4,0,3,150.0,6.0,50.0,2
4,2,2,1,129.9900055,7.150000095,129.9900055,3
5,4,1,1,299.980011,0.0,299.980011,3
1,0,1,2,199.9799957,10.0,99.98999786,0
3,4,-1,5,499.9500122,124.9899979,99.98999786,1
4,4,0,2,99.95999908,7.0,49.97999954,3
2,4,-2,1,129.9900055,2.599999905,129.9900055,2
5,4,1,4,59.95999908,7.789999962,14.98999977,1
2,1,1,1,199.9900055,26.0,199.9900055,0
3,4,-1,1,27.98999977,2.799999952,27.98999977,2
3,4,-1,2,119.9800034,2.400000095,59.99000168,2
2,1,1,5,250.0,10.0,50.0,0
2,4,-2,2,189.9799957,5.699999809,94.98999786,2
5,4,1,5,299.9500122,50.99000168,59.99000168,1
6,2,4,2,100.0,15.0,50.0,3
6,4,2,1,399.980011,4.0,399.980011,4
2,4,-2,1,164.3800049,11.51000023,164.3800049,2
0,0,0,5,299.9500122,38.99000168,59.99000168,0
2,1,1,5,299.9500122,15.0,59.99000168,0
3,4,-1,2,100.0,13.0,50.0,2
3,4,-1,1,59.99000168,2.400000095,59.99000168,2
4,2,2,1,129.9900055,15.60000038,129.9900055,3
2,1,1,1,299.980011,48.0,299.980011,4
6,4,2,1,399.980011,28.0,399.980011,4
4,2,2,1,199.9900055,0.0,199.9900055,3
6,2,4,1,299.980011,54.0,299.980011,4
6,4,2,2,119.9800034,20.39999962,59.99000168,3
6,4,2,1,50.0,1.0,50.0,3
6,4,2,2,99.95999908,10.0,49.97999954,3
3,4,-1,1,129.9900055,1.299999952,129.9900055,2
4,4,0,1,399.980011,80.0,399.980011,4
2,4,-2,1,129.9900055,13.0,129.9900055,2
0,0,0,3,164.9100037,4.949999809,54.97000122,0
5,2,3,1,299.980011,6.0,299.980011,3
3,4,-1,1,31.07999992,4.039999962,31.07999992,2
6,4,2,1,399.980011,22.0,399.980011,4
3,4,-1,1,199.9900055,10.0,199.9900055,2
4,2,2,3,119.9700012,29.98999977,39.99000168,3
2,1,1,1,59.99000168,1.799999952,59.99000168,0
5,4,1,1,129.9900055,20.79999924,129.9900055,3
2,4,-2,1,399.980011,28.0,399.980011,4
3,4,-1,1,532.5800171,10.64999962,532.5800171,4
4,4,0,3,179.9700012,0.0,59.99000168,2
6,4,2,1,299.9899902,27.0,299.9899902,4
3,2,1,1,399.980011,28.0,399.980011,4
2,1,1,4,399.9599915,79.98999786,99.98999786,1
3,2,1,3,119.9700012,8.399999619,39.99000168,0
4,2,2,5,249.8999939,12.5,49.97999954,1
1,0,1,1,49.97999954,12.5,49.97999954,0
4,4,0,1,49.97999954,1.5,49.97999954,3
2,2,0,1,199.9900055,20.0,199.9900055,0
5,4,1,1,99.98999786,12.0,99.98999786,3
6,2,4,1,49.97999954,4.5,49.97999954,3
4,4,0,4,199.9199982,8.0,49.97999954,1
5,4,1,4,200.0,24.0,50.0,1
6,4,2,3,299.9700012,36.0,99.98999786,1
5,2,3,1,199.9900055,26.0,199.9900055,3
5,4,1,4,239.9600067,9.600000381,59.99000168,1
4,2,2,2,99.95999908,1.0,49.97999954,3
6,4,2,1,399.980011,16.0,399.980011,4
2,4,-2,5,199.9499969,49.99000168,39.99000168,1
2,1,1,2,100.0,2.0,50.0,0
2,1,1,5,199.9499969,49.99000168,39.99000168,1
3,4,-1,1,199.9900055,34.0,199.9900055,2
2,4,-2,1,299.980011,39.0,299.980011,2
6,4,2,1,299.980011,21.0,299.980011,3
3,4,-1,1,299.980011,16.5,299.980011,2
2,1,1,2,100.0,2.0,50.0,0
6,4,2,1,49.97999954,8.0,49.97999954,3
0,0,0,5,250.0,32.5,50.0,0
3,2,1,1,199.9900055,6.0,199.9900055,0
3,4,-1,2,100.0,9.0,50.0,2
2,4,-2,3,150.0,15.0,50.0,2
6,2,4,2,39.97999954,6.0,19.98999977,3
6,4,2,1,129.9900055,19.5,129.9900055,3
5,2,3,1,129.9900055,16.89999962,129.9900055,3
6,2,4,1,49.97999954,2.75,49.97999954,3
2,1,1,1,24.98999977,4.0,24.98999977,0
6,4,2,1,199.9900055,30.0,199.9900055,3
4,4,0,1,129.9900055,3.900000095,129.9900055,3
2,4,-2,5,199.9499969,0.0,39.99000168,2
2,1,1,3,299.9700012,39.0,99.98999786,0
5,4,1,5,250.0,10.0,50.0,1
2,1,1,5,159.9499969,14.39999962,31.98999977,0
5,4,1,2,119.9800034,4.800000191,59.99000168,3
5,4,1,2,100.0,25.0,50.0,3
2,4,-2,1,199.9900055,10.0,199.9900055,2
3,4,-1,4,399.9599915,8.0,99.98999786,1
2,1,1,5,250.0,13.75,50.0,0
2,2,0,5,159.9499969,31.98999977,31.98999977,1
2,1,1,4,100.0,7.0,25.0,0
4,4,0,1,129.9900055,5.199999809,129.9900055,3
3,4,-1,5,109.9499969,1.100000024,21.98999977,1
4,2,2,2,119.9800034,8.399999619,59.99000168,3
2,1,1,4,200.0,40.0,50.0,0
4,4,0,1,199.9900055,14.0,199.9900055,3
4,2,2,1,199.9900055,24.0,199.9900055,3
6,2,4,1,49.97999954,9.0,49.97999954,3
4,4,0,1,84.40000153,10.13000011,84.40000153,3
6,2,4,4,399.9599915,36.0,99.98999786,1
5,4,1,1,50.0,6.0,50.0,3
4,2,2,2,49.97999954,1.0,24.98999977,3
3,4,-1,5,250.0,13.75,50.0,1
3,2,1,1,129.9900055,9.100000381,129.9900055,0
2,4,-2,5,250.0,5.0,50.0,2
5,4,1,1,357.1000061,14.27999973,357.1000061,4
6,4,2,1,399.980011,20.0,399.980011,4
4,4,0,1,399.980011,8.0,399.980011,4
2,1,1,3,134.9700012,33.74000168,44.99000168,0
0,0,0,1,49.97999954,9.0,49.97999954,0
3,2,1,1,129.9900055,2.599999905,129.9900055,0
6,2,4,3,149.9400024,26.98999977,49.97999954,3
5,2,3,1,164.3800049,11.51000023,164.3800049,3
3,4,-1,4,239.9600067,47.99000168,59.99000168,1
2,1,1,1,399.980011,4.0,399.980011,4
0,0,0,1,129.9900055,26.0,129.9900055,0
4,4,0,1,129.9900055,2.599999905,129.9900055,3
5,4,1,1,129.9900055,1.299999952,129.9900055,3
6,4,2,1,299.980011,45.0,299.980011,4
2,1,1,1,252.8800049,30.35000038,252.8800049,0
6,2,4,5,249.8999939,42.47999954,49.97999954,1
4,4,0,1,164.3800049,27.94000053,164.3800049,3
2,2,0,1,129.9900055,0.0,129.9900055,0
4,4,0,1,399.980011,4.0,399.980011,4
6,2,4,1,199.9900055,24.0,199.9900055,3
5,4,1,3,179.9700012,21.60000038,59.99000168,1
1,0,1,4,199.9199982,4.0,49.97999954,0
2,4,-2,4,399.9599915,0.0,99.98999786,2
4,4,0,5,250.0,22.5,50.0,1
5,4,1,1,129.9900055,20.79999924,129.9900055,3
3,2,1,4,199.9199982,11.0,49.97999954,1
2,1,1,1,199.9900055,6.0,199.9900055,0
2,4,-2,1,129.9900055,2.599999905,129.9900055,2
6,4,2,1,299.980011,48.0,299.980011,4
5,4,1,1,59.99000168,0.600000024,59.99000168,3
2,1,1,1,129.9900055,5.199999809,129.9900055,0
5,4,1,1,49.97999954,4.5,49.97999954,3
6,4,2,1,299.980011,9.0,299.980011,3
5,4,1,1,299.980011,60.0,299.980011,4
4,2,2,4,399.9599915,51.99000168,99.98999786,1
4,4,0,1,129.9900055,0.0,129.9900055,3
1,0,1,1,215.8200073,53.95999908,215.8200073,0
2,4,-2,4,99.95999908,7.0,24.98999977,2
2,4,-2,2,119.9800034,14.39999962,59.99000168,2
2,4,-2,5,249.8999939,39.97999954,49.97999954,1
6,2,4,1,129.9900055,3.900000095,129.9900055,3
4,4,0,1,399.980011,52.0,399.980011,4
5,2,3,1,59.99000168,1.799999952,59.99000168,3
2,2,0,2,119.9800034,8.399999619,59.99000168,0
2,1,1,1,129.9900055,13.0,129.9900055,0
3,4,-1,1,129.9900055,11.69999981,129.9900055,2
4,4,0,4,399.9599915,8.0,99.98999786,1
2,4,-2,3,150.0,4.5,50.0,2
2,4,-2,1,199.9900055,26.0,199.9900055,2
3,4,-1,1,49.97999954,5.0,49.97999954,2
3,4,-1,5,274.8500061,2.75,54.97000122,1
4,4,0,1,59.99000168,4.199999809,59.99000168,3
2,1,1,1,399.980011,16.0,399.980011,4
5,2,3,1,129.9900055,15.60000038,129.9900055,3
4,4,0,1,399.980011,52.0,399.980011,4
5,4,1,1,199.9900055,30.0,199.9900055,3
4,4,0,3,179.9700012,23.39999962,59.99000168,1
3,4,-1,1,399.980011,12.0,399.980011,4
2,1,1,1,399.980011,36.0,399.980011,4
3,4,-1,4,159.9600067,4.800000191,39.99000168,2
4,2,2,5,99.94999695,7.0,19.98999977,1
6,4,2,2,99.95999908,19.98999977,49.97999954,3
2,1,1,5,249.8999939,5.0,49.97999954,0
4,4,0,5,299.9500122,12.0,59.99000168,1
2,1,1,1,299.980011,45.0,299.980011,4
5,2,3,4,199.9199982,4.0,49.97999954,1
3,4,-1,2,199.9799957,20.0,99.98999786,2
5,2,3,2,100.0,25.0,50.0,3
2,4,-2,1,399.980011,68.0,399.980011,4
5,2,3,1,129.9900055,13.0,129.9900055,3
2,1,1,4,399.9599915,0.0,99.98999786,0
2,1,1,4,199.9199982,35.99000168,49.97999954,0
2,1,1,1,59.99000168,0.600000024,59.99000168,0
6,4,2,4,239.9600067,28.79999924,59.99000168,1
4,4,0,2,99.95999908,16.98999977,49.97999954,3
5,4,1,1,50.0,1.0,50.0,3
2,1,1,1,129.9900055,5.199999809,129.9900055,0
5,4,1,1,50.0,5.0,50.0,3
2,1,1,2,79.98000336,20.0,39.99000168,0
3,2,1,3,179.9700012,30.59000015,59.99000168,0
2,1,1,1,39.75,9.93999958,39.75,0
2,1,1,5,299.9500122,35.99000168,59.99000168,1
6,2,4,1,30.0,4.5,30.0,3
4,4,0,4,239.9600067,24.0,59.99000168,1
6,2,4,1,199.9900055,4.0,199.9900055,3
3,4,-1,1,50.0,9.0,50.0,2
2,1,1,3,179.9700012,18.0,59.99000168,0
2,4,-2,1,399.980011,48.0,399.980011,4
2,1,1,2,119.9800034,3.599999905,59.99000168,0
2,1,1,1,129.9900055,6.5,129.9900055,0
6,2,4,3,149.9400024,1.5,49.97999954,3
6,4,2,1,109.9499969,9.899999619,109.9499969,3
4,4,0,2,99.95999908,3.0,49.97999954,3
3,4,-1,2,119.9800034,19.20000076,59.99000168,2
5,2,3,4,159.9600067,23.98999977,39.99000168,1
6,4,2,3,210.0,2.099999905,70.0,3
2,4,-2,1,199.9900055,14.0,199.9900055,2
6,4,2,1,299.980011,0.0,299.980011,3
4,2,2,1,199.9900055,26.0,199.9900055,3
2,2,0,2,100.0,20.0,50.0,0
3,4,-1,1,399.980011,12.0,399.980011,4
4,4,0,3,149.9400024,17.98999977,49.97999954,1
4,4,0,4,199.9199982,35.99000168,49.97999954,1
6,4,2,4,199.9199982,2.0,49.97999954,1
5,4,1,1,399.980011,100.0,399.980011,4
3,4,-1,1,59.99000168,10.19999981,59.99000168,2
2,1,1,5,499.9500122,84.98999786,99.98999786,1
3,4,-1,1,149.9900055,0.0,149.9900055,2
2,4,-2,1,399.980011,16.0,399.980011,4
2,2,0,4,200.0,30.0,50.0,0
3,2,1,1,129.9900055,1.299999952,129.9900055,0
3,4,-1,3,299.9700012,12.0,99.98999786,2
5,4,1,4,239.9600067,2.400000095,59.99000168,1
2,2,0,2,99.95999908,0.0,49.97999954,0
6,4,2,1,199.9900055,8.0,199.9900055,3
2,4,-2,1,299.980011,27.0,299.980011,2
4,4,0,5,299.9500122,44.99000168,59.99000168,1
4,4,0,1,199.9900055,36.0,199.9900055,2
3,2,1,4,159.9600067,19.20000076,39.99000168,1
2,1,1,1,399.980011,0.0,399.980011,4
2,4,-2,1,399.980011,64.0,399.980011,4
5,2,3,5,250.0,2.5,50.0,1
4,4,0,3,149.9400024,1.5,49.97999954,2
5,4,1,3,149.9400024,26.98999977,49.97999954,1
2,4,-2,1,199.9900055,2.0,199.9900055,2
2,1,1,1,199.9900055,34.0,199.9900055,0
2,4,-2,1,50.0,2.0,50.0,2
5,4,1,2,100.0,4.0,50.0,3
3,2,1,1,199.9900055,40.0,199.9900055,0
4,4,0,1,399.980011,22.0,399.980011,4
2,1,1,1,532.5800171,21.29999924,532.5800171,4
3,4,-1,3,119.9700012,19.20000076,39.99000168,2
5,4,1,3,150.0,6.0,50.0,3
4,4,0,2,119.9800034,12.0,59.99000168,3
4,2,2,1,129.9900055,13.0,129.9900055,3
2,2,0,1,399.980011,8.0,399.980011,4
6,4,2,1,129.9900055,9.100000381,129.9900055,3
3,4,-1,5,250.0,30.0,50.0,1
3,2,1,1,99.98999786,3.0,99.98999786,0
1,0,1,1,327.75,29.5,327.75,0
4,4,0,1,129.9900055,1.299999952,129.9900055,3
2,1,1,5,199.9499969,6.0,39.99000168,0
4,4,0,1,49.97999954,9.0,49.97999954,3
3,4,-1,5,249.8999939,22.48999977,49.97999954,1
3,2,1,1,215.8200073,19.42000008,215.8200073,0
5,4,1,1,129.9900055,26.0,129.9900055,3
2,4,-2,1,129.9900055,5.199999809,129.9900055,2
4,4,0,2,199.9799957,8.0,99.98999786,2
6,2,4,1,164.3800049,32.88000107,164.3800049,3
6,4,2,1,129.9900055,6.5,129.9900055,3
2,4,-2,1,461.480011,4.610000134,461.480011,4
4,4,0,2,119.9800034,12.0,59.99000168,3
6,4,2,3,179.9700012,3.599999905,59.99000168,3
3,4,-1,1,129.9900055,0.0,129.9900055,2
2,1,1,1,452.0400085,40.68000031,452.0400085,4
5,4,1,3,149.9400024,14.98999977,49.97999954,3
4,2,2,2,100.0,13.0,50.0,3
4,2,2,1,129.9900055,15.60000038,129.9900055,3
6,4,2,1,129.9900055,20.79999924,129.9900055,3
2,1,1,4,199.9199982,13.98999977,49.97999954,0
2,4,-2,5,299.9500122,44.99000168,59.99000168,1
3,4,-1,5,74.94999695,13.48999977,14.98999977,1
2,1,1,1,84.40000153,2.529999971,84.40000153,0
5,4,1,1,39.99000168,10.0,39.99000168,3
2,4,-2,1,299.980011,48.0,299.980011,4
4,4,0,1,199.9900055,18.0,199.9900055,2
5,4,1,4,200.0,14.0,50.0,1
2,4,-2,3,299.8500061,38.97999954,99.94999695,2
0,0,0,3,179.9700012,9.899999619,59.99000168,0
2,4,-2,1,299.980011,75.0,299.980011,4
4,4,0,1,299.980011,12.0,299.980011,4
2,1,1,2,100.0,0.0,50.0,0
6,2,4,4,200.0,50.0,50.0,1
3,4,-1,1,129.9900055,22.10000038,129.9900055,2
0,0,0,3,150.0,8.25,50.0,0
6,4,2,1,299.980011,45.0,299.980011,4
2,4,-2,3,150.0,6.0,50.0,2
4,4,0,1,399.980011,64.0,399.980011,4
6,4,2,1,129.9900055,2.599999905,129.9900055,3
4,4,0,1,1500.0,255.0,1500.0,4
4,4,0,1,399.980011,40.0,399.980011,4
6,2,4,1,299.980011,36.0,299.980011,4
1,0,1,1,129.9900055,2.599999905,129.9900055,0
5,2,3,1,399.980011,0.0,399.980011,4
6,4,2,1,249.9900055,62.5,249.9900055,4
2,4,-2,2,119.9800034,30.0,59.99000168,2
5,4,1,4,239.9600067,35.99000168,59.99000168,1
2,2,0,3,150.0,27.0,50.0,0
2,1,1,1,299.980011,12.0,299.980011,0
2,4,-2,1,399.980011,20.0,399.980011,4
0,0,0,4,199.9199982,49.97999954,49.97999954,0
5,4,1,1,59.99000168,9.600000381,59.99000168,3
2,1,1,3,119.9700012,0.0,39.99000168,0
2,4,-2,3,299.9700012,16.5,99.98999786,2
2,4,-2,3,149.9400024,17.98999977,49.97999954,2
4,4,0,2,79.98000336,8.0,39.99000168,3
3,4,-1,1,59.99000168,0.0,59.99000168,2
5,4,1,5,199.9499969,25.98999977,39.99000168,1
0,0,0,2,63.97999954,11.52000046,31.98999977,0
2,2,0,1,49.97999954,1.0,49.97999954,0
6,2,4,2,100.0,18.0,50.0,3
5,4,1,5,499.9500122,5.0,99.98999786,1
5,2,3,2,119.9800034,18.0,59.99000168,3
6,4,2,1,399.980011,22.0,399.980011,4
4,4,0,2,199.9799957,34.0,99.98999786,2
6,4,2,3,150.0,6.0,50.0,3
5,2,3,4,159.9600067,39.99000168,39.99000168,1
4,4,0,2,119.9800034,18.0,59.99000168,3
2,1,1,2,99.95999908,5.5,49.97999954,0
2,2,0,1,399.980011,12.0,399.980011,4
2,1,1,1,399.980011,28.0,399.980011,4
6,4,2,5,299.9500122,15.0,59.99000168,1
4,4,0,1,199.9900055,2.0,199.9900055,3
5,2,3,4,200.0,50.0,50.0,1
2,1,1,1,299.980011,30.0,299.980011,0
5,4,1,5,249.8999939,62.47999954,49.97999954,1
6,4,2,1,99.98999786,13.0,99.98999786,3
6,2,4,5,250.0,32.5,50.0,1
2,4,-2,1,39.99000168,7.199999809,39.99000168,2
0,0,0,1,129.9900055,1.299999952,129.9900055,0
5,4,1,1,129.9900055,19.5,129.9900055,3
4,4,0,1,129.9900055,11.69999981,129.9900055,3
4,2,2,1,49.97999954,2.0,49.97999954,3
6,4,2,4,199.9199982,8.0,49.97999954,1
2,1,1,5,199.9499969,49.99000168,39.99000168,1
6,4,2,1,199.9900055,10.0,199.9900055,3
3,4,-1,1,299.980011,15.0,299.980011,2
2,1,1,5,299.9500122,9.0,59.99000168,0
5,2,3,4,239.9600067,28.79999924,59.99000168,1
2,4,-2,1,299.980011,27.0,299.980011,2
6,4,2,2,199.9799957,50.0,99.98999786,3
4,4,0,1,399.980011,4.0,399.980011,4
4,4,0,1,49.97999954,1.5,49.97999954,3
3,4,-1,1,399.980011,40.0,399.980011,4
3,4,-1,4,79.95999908,9.600000381,19.98999977,2
5,4,1,1,50.0,8.0,50.0,3
3,4,-1,3,74.97000122,2.25,24.98999977,2
2,4,-2,1,99.98999786,9.0,99.98999786,2
2,4,-2,1,199.9900055,2.0,199.9900055,2
4,4,0,1,399.980011,36.0,399.980011,4
4,4,0,2,119.9800034,6.0,59.99000168,3
0,0,0,1,399.980011,60.0,399.980011,4
5,4,1,5,249.8999939,7.5,49.97999954,1
4,4,0,2,199.9799957,24.0,99.98999786,2
3,2,1,1,129.9900055,2.599999905,129.9900055,0
6,4,2,1,299.980011,9.0,299.980011,3
2,1,1,5,250.0,62.5,50.0,1
2,1,1,5,159.9499969,28.79000092,31.98999977,0
0,0,0,1,299.980011,6.0,299.980011,0
5,2,3,4,100.0,25.0,25.0,1
6,4,2,4,200.0,6.0,50.0,1
3,4,-1,1,399.980011,72.0,399.980011,4
4,2,2,4,399.9599915,59.99000168,99.98999786,1
5,2,3,3,299.9700012,30.0,99.98999786,1
6,4,2,5,159.9499969,4.800000191,31.98999977,1
6,4,2,1,129.9900055,3.900000095,129.9900055,3
2,4,-2,1,129.9900055,7.150000095,129.9900055,2
2,4,-2,5,199.9499969,11.0,39.99000168,2
1,0,1,1,129.9900055,23.39999962,129.9900055,0
2,2,0,1,399.980011,100.0,399.980011,4
5,4,1,2,119.9800034,12.0,59.99000168,3
6,4,2,1,59.99000168,6.0,59.99000168,3
4,4,0,2,49.97999954,12.5,24.98999977,3
2,2,0,1,129.9900055,16.89999962,129.9900055,0
4,2,2,1,129.9900055,7.150000095,129.9900055,3
6,2,4,4,239.9600067,0.0,59.99000168,3
2,4,-2,5,250.0,32.5,50.0,1
5,4,1,3,299.9700012,30.0,99.98999786,1
5,2,3,1,399.980011,72.0,399.980011,4
6,4,2,1,399.980011,64.0,399.980011,4
6,4,2,2,119.9800034,18.0,59.99000168,3
3,2,1,3,119.9700012,4.800000191,39.99000168,0
5,4,1,1,299.980011,54.0,299.980011,4
2,1,1,2,63.97999954,9.600000381,31.98999977,0
6,4,2,5,199.9499969,8.0,39.99000168,1
2,1,1,2,99.95999908,15.98999977,49.97999954,0
2,1,1,2,99.95999908,19.98999977,49.97999954,0
3,4,-1,1,49.97999954,0.5,49.97999954,2
4,4,0,3,74.97000122,2.25,24.98999977,2
3,4,-1,1,49.97999954,2.0,49.97999954,2
3,4,-1,3,150.0,37.5,50.0,2
4,4,0,5,299.9500122,0.0,59.99000168,1
1,0,1,3,150.0,13.5,50.0,0
0,0,0,1,99.98999786,9.0,99.98999786,0
4,4,0,5,199.9499969,0.0,39.99000168,1
2,2,0,1,299.980011,9.0,299.980011,0
6,2,4,4,200.0,10.0,50.0,3
5,4,1,2,199.9799957,0.0,99.98999786,3
2,1,1,1,399.980011,52.0,399.980011,4
2,4,-2,1,399.980011,64.0,399.980011,4
1,0,1,3,299.9700012,9.0,99.98999786,0
3,4,-1,1,129.9900055,23.39999962,129.9900055,2
2,4,-2,1,299.980011,30.0,299.980011,2
3,4,-1,4,399.9599915,8.0,99.98999786,1
5,4,1,1,399.980011,0.0,399.980011,4
2,4,-2,4,199.9199982,17.98999977,49.97999954,2
2,1,1,3,299.9700012,74.98999786,99.98999786,0
6,4,2,1,129.9900055,0.0,129.9900055,3
5,4,1,1,129.9900055,20.79999924,129.9900055,3
5,2,3,2,119.9800034,6.599999905,59.99000168,3
5,4,1,3,299.9700012,21.0,99.98999786,1
3,2,1,3,179.9700012,16.20000076,59.99000168,0
4,4,0,1,129.9900055,19.5,129.9900055,3
1,0,1,3,89.97000122,2.700000048,29.98999977,0
4,4,0,1,399.980011,40.0,399.980011,4
2,2,0,1,299.980011,54.0,299.980011,4
5,4,1,1,50.0,12.5,50.0,3
6,4,2,4,399.9599915,12.0,99.98999786,1
2,1,1,2,100.0,1.0,50.0,0
6,2,4,2,199.9799957,20.0,99.98999786,3
1,0,1,5,250.0,32.5,50.0,0
2,2,0,4,159.9600067,14.39999962,39.99000168,0
1,0,1,2,79.98000336,8.0,39.99000168,0
6,4,2,2,79.98000336,2.400000095,39.99000168,3
6,4,2,1,399.980011,22.0,399.980011,4
3,4,-1,4,239.9600067,4.800000191,59.99000168,2
2,4,-2,3,299.9700012,3.0,99.98999786,2
6,4,2,5,499.9500122,25.0,99.98999786,1
2,1,1,1,11.53999996,1.730000019,11.53999996,0
2,1,1,1,59.99000168,9.600000381,59.99000168,0
3,2,1,1,299.980011,54.0,299.980011,4
1,0,1,4,239.9600067,0.0,59.99000168,0
2,4,-2,1,299.980011,12.0,299.980011,2
5,4,1,4,200.0,0.0,50.0,1
2,1,1,1,31.07999992,0.620000005,31.07999992,0
3,4,-1,1,199.9900055,14.0,199.9900055,2
6,4,2,1,199.9900055,0.0,199.9900055,3
5,4,1,1,129.9900055,20.79999924,129.9900055,3
4,4,0,1,129.9900055,15.60000038,129.9900055,3
3,4,-1,1,129.9900055,3.900000095,129.9900055,2
6,4,2,4,199.9199982,29.98999977,49.97999954,1
2,1,1,4,239.9600067,40.79000092,59.99000168,0
4,4,0,1,49.97999954,3.5,49.97999954,3
6,4,2,1,299.980011,21.0,299.980011,3
2,2,0,2,99.95999908,12.98999977,49.97999954,0
4,2,2,1,299.980011,9.0,299.980011,4
2,1,1,1,399.980011,80.0,399.980011,4
2,4,-2,5,250.0,37.5,50.0,1
2,4,-2,1,31.98999977,3.839999914,31.98999977,2
4,4,0,1,199.9900055,34.0,199.9900055,2
0,0,0,1,199.9900055,20.0,199.9900055,0
6,4,2,2,99.95999908,9.0,49.97999954,3
6,4,2,4,399.9599915,4.0,99.98999786,1
4,4,0,3,179.9700012,12.60000038,59.99000168,1
6,4,2,2,99.95999908,17.98999977,49.97999954,3
6,4,2,1,299.980011,54.0,299.980011,4
0,0,0,1,129.9900055,26.0,129.9900055,0
2,4,-2,4,199.9199982,25.98999977,49.97999954,2
4,4,0,4,239.9600067,4.800000191,59.99000168,1
5,4,1,1,299.980011,6.0,299.980011,3
3,2,1,1,399.980011,64.0,399.980011,4
2,1,1,1,299.980011,15.0,299.980011,0
3,4,-1,1,59.99000168,10.19999981,59.99000168,2
5,4,1,5,299.9500122,21.0,59.99000168,1
6,4,2,2,199.9799957,4.0,99.98999786,3
2,4,-2,1,129.9900055,5.199999809,129.9900055,2
2,4,-2,1,49.97999954,7.5,49.97999954,2
2,1,1,1,59.99000168,0.600000024,59.99000168,0
2,4,-2,3,150.0,15.0,50.0,2
6,4,2,5,250.0,13.75,50.0,1
3,4,-1,5,249.8999939,44.97999954,49.97999954,1
2,1,1,5,299.9500122,12.0,59.99000168,0
4,4,0,5,299.9500122,53.99000168,59.99000168,1
3,4,-1,2,199.9799957,20.0,99.98999786,2
4,4,0,1,1500.0,180.0,1500.0,4
6,4,2,1,199.9900055,4.0,199.9900055,3
1,0,1,2,50.0,5.0,25.0,0
1,0,1,4,399.9599915,51.99000168,99.98999786,0
3,4,-1,1,299.980011,27.0,299.980011,4
4,4,0,1,461.480011,41.52999878,461.480011,4
2,1,1,1,39.99000168,2.799999952,39.99000168,0
2,2,0,1,199.9900055,32.0,199.9900055,0
5,2,3,4,399.9599915,28.0,99.98999786,1
5,4,1,3,119.9700012,1.200000048,39.99000168,3
6,4,2,1,299.980011,48.0,299.980011,4
5,2,3,3,149.9400024,3.0,49.97999954,3
2,1,1,4,59.95999908,3.0,14.98999977,0
2,4,-2,1,129.9900055,11.69999981,129.9900055,2
4,4,0,1,59.99000168,0.0,59.99000168,3
4,2,2,5,250.0,7.5,50.0,1
5,4,1,1,299.980011,16.5,299.980011,4
2,4,-2,1,299.9899902,30.0,299.9899902,2
3,4,-1,3,299.9700012,15.0,99.98999786,2
4,4,0,4,159.9600067,1.600000024,39.99000168,1
4,4,0,2,119.9800034,6.0,59.99000168,3
5,2,3,1,210.8500061,42.16999817,210.8500061,3
4,2,2,1,129.9900055,16.89999962,129.9900055,3
6,4,2,1,260.6499939,52.13000107,260.6499939,4
2,4,-2,3,150.0,13.5,50.0,2
2,1,1,1,199.9900055,11.0,199.9900055,0
2,1,1,4,139.9600067,4.199999809,34.99000168,0
4,4,0,4,159.9600067,0.0,39.99000168,1
6,2,4,1,39.99000168,3.599999905,39.99000168,3
6,4,2,1,59.99000168,7.800000191,59.99000168,3
6,4,2,1,129.9900055,7.150000095,129.9900055,3
0,0,0,1,199.9900055,2.0,199.9900055,0
3,4,-1,1,299.980011,15.0,299.980011,2
6,4,2,1,399.980011,80.0,399.980011,4
2,1,1,1,15.98999977,0.319999993,15.98999977,0
3,4,-1,3,179.9700012,44.99000168,59.99000168,2
3,4,-1,1,199.9900055,26.0,199.9900055,2
2,1,1,1,532.5800171,69.23999786,532.5800171,4
3,4,-1,1,129.9900055,5.199999809,129.9900055,2
6,4,2,2,199.9799957,50.0,99.98999786,3
4,4,0,1,199.9900055,40.0,199.9900055,2
1,0,1,1,199.9900055,4.0,199.9900055,0
2,4,-2,2,99.95999908,3.0,49.97999954,2
5,4,1,1,59.99000168,1.799999952,59.99000168,3
3,4,-1,4,239.9600067,9.600000381,59.99000168,2
3,2,1,1,299.980011,45.0,299.980011,4
2,4,-2,3,149.9400024,29.98999977,49.97999954,2
6,4,2,1,299.980011,45.0,299.980011,4
2,2,0,1,299.980011,9.0,299.980011,0
2,1,1,1,129.9900055,7.150000095,129.9900055,0
5,4,1,2,119.9800034,8.399999619,59.99000168,3
2,1,1,1,199.9900055,36.0,199.9900055,0
3,2,1,4,399.9599915,79.98999786,99.98999786,1
3,4,-1,1,399.980011,64.0,399.980011,4
0,0,0,5,499.9500122,35.0,99.98999786,0
3,2,1,1,199.9900055,2.0,199.9900055,0
2,4,-2,5,249.8999939,12.5,49.97999954,2
2,4,-2,4,239.9600067,40.79000092,59.99000168,2
2,4,-2,1,399.980011,48.0,399.980011,4
2,1,1,1,399.980011,52.0,399.980011,4
2,4,-2,2,119.9800034,20.39999962,59.99000168,2
6,4,2,1,299.980011,15.0,299.980011,3
2,1,1,1,199.9900055,14.0,199.9900055,0
2,4,-2,1,199.9900055,4.0,199.9900055,2
2,1,1,1,399.980011,0.0,399.980011,4
4,2,2,3,179.9700012,5.400000095,59.99000168,3
5,4,1,4,239.9600067,13.19999981,59.99000168,1
2,2,0,1,399.980011,100.0,399.980011,4
1,0,1,1,199.9900055,26.0,199.9900055,0
3,4,-1,1,49.97999954,8.5,49.97999954,2
2,1,1,2,109.9400024,18.69000053,54.97000122,0
2,1,1,1,50.0,7.5,50.0,0
5,4,1,3,179.9700012,16.20000076,59.99000168,3
2,4,-2,3,179.9700012,18.0,59.99000168,2
3,4,-1,1,299.980011,12.0,299.980011,2
2,1,1,2,100.0,0.0,50.0,0
6,4,2,2,99.95999908,12.98999977,49.97999954,3
2,1,1,2,99.95999908,12.98999977,49.97999954,0
5,4,1,5,499.9500122,5.0,99.98999786,1
6,2,4,1,50.0,6.5,50.0,3
3,4,-1,1,399.980011,72.0,399.980011,4
2,4,-2,2,79.98000336,5.599999905,39.99000168,2
5,2,3,1,59.99000168,7.800000191,59.99000168,3
2,4,-2,1,129.9900055,9.100000381,129.9900055,2
4,4,0,1,59.99000168,4.199999809,59.99000168,3
2,4,-2,2,49.97999954,2.75,24.98999977,2
2,2,0,2,100.0,5.5,50.0,0
4,4,0,1,129.9900055,20.79999924,129.9900055,3
2,1,1,1,59.99000168,3.0,59.99000168,0
5,4,1,1,129.9900055,0.0,129.9900055,3
2,2,0,5,299.9500122,38.99000168,59.99000168,1
3,2,1,4,200.0,50.0,50.0,1
0,0,0,1,199.9900055,32.0,199.9900055,0
6,4,2,1,129.9900055,22.10000038,129.9900055,3
6,2,4,3,299.9700012,9.0,99.98999786,3
2,1,1,1,50.0,8.5,50.0,0
2,4,-2,1,129.9900055,6.5,129.9900055,2
2,1,1,1,299.980011,6.0,299.980011,0
4,4,0,1,129.9900055,15.60000038,129.9900055,3
2,1,1,3,179.9700012,30.59000015,59.99000168,0
0,0,0,4,159.9600067,6.400000095,39.99000168,0
5,4,1,4,199.9199982,6.0,49.97999954,1
3,4,-1,1,129.9900055,7.150000095,129.9900055,2
3,4,-1,1,399.980011,16.0,399.980011,4
2,4,-2,1,399.980011,60.0,399.980011,4
2,1,1,2,199.9799957,30.0,99.98999786,0
3,2,1,4,88.0,4.840000153,22.0,0
2,1,1,1,129.9900055,9.100000381,129.9900055,0
6,4,2,1,129.9900055,23.39999962,129.9900055,3
2,1,1,1,199.9900055,4.0,199.9900055,0
4,4,0,5,250.0,25.0,50.0,1
4,4,0,5,299.9500122,59.99000168,59.99000168,1
2,4,-2,3,155.9700012,14.03999996,51.99000168,2
2,4,-2,1,129.9900055,16.89999962,129.9900055,2
4,4,0,1,399.980011,48.0,399.980011,4
4,2,2,4,239.9600067,7.199999809,59.99000168,1
2,4,-2,4,239.9600067,13.19999981,59.99000168,2
2,4,-2,2,119.9800034,21.60000038,59.99000168,2
2,4,-2,1,129.9900055,1.299999952,129.9900055,2
6,4,2,1,260.6499939,65.16000366,260.6499939,4
4,2,2,3,66.0,3.299999952,22.0,3
2,1,1,1,399.980011,8.0,399.980011,4
3,4,-1,1,327.75,29.5,327.75,4
3,2,1,2,35.97999954,0.720000029,17.98999977,0
4,2,2,4,200.0,30.0,50.0,1
3,4,-1,3,179.9700012,18.0,59.99000168,2
3,4,-1,1,399.980011,48.0,399.980011,4
2,4,-2,2,119.9800034,6.0,59.99000168,2
4,4,0,3,179.9700012,28.79999924,59.99000168,1
5,4,1,5,499.9500122,20.0,99.98999786,1
5,2,3,5,299.9500122,47.99000168,59.99000168,1
3,4,-1,5,99.94999695,10.0,19.98999977,1
6,4,2,4,200.0,32.0,50.0,1
4,2,2,1,249.9900055,22.5,249.9900055,3
5,4,1,2,119.9800034,1.200000048,59.99000168,3
5,2,3,5,299.9500122,27.0,59.99000168,1
2,1,1,1,399.980011,52.0,399.980011,4
6,2,4,1,39.75,2.779999971,39.75,3
2,1,1,1,50.0,6.0,50.0,0
3,2,1,3,74.97000122,3.0,24.98999977,0
4,4,0,1,199.9900055,40.0,199.9900055,2
6,2,4,1,199.9900055,4.0,199.9900055,3
3,4,-1,1,49.97999954,8.5,49.97999954,2
3,2,1,1,129.9900055,7.150000095,129.9900055,0
0,0,0,1,399.980011,36.0,399.980011,4
2,1,1,5,124.9499969,3.75,24.98999977,0
3,4,-1,1,129.9900055,6.5,129.9900055,2
5,4,1,1,299.980011,6.0,299.980011,3
3,4,-1,1,249.9900055,32.5,249.9900055,2
5,2,3,1,215.8200073,4.320000172,215.8200073,3
5,4,1,2,119.9800034,30.0,59.99000168,3
1,0,1,1,199.9900055,4.0,199.9900055,0
2,4,-2,5,299.9500122,74.98999786,59.99000168,1
6,4,2,1,260.6499939,14.34000015,260.6499939,3
3,2,1,1,129.9900055,22.10000038,129.9900055,0
2,4,-2,1,399.980011,48.0,399.980011,4
2,1,1,1,129.9900055,0.0,129.9900055,0
4,2,2,1,399.980011,8.0,399.980011,4
2,1,1,2,99.95999908,24.98999977,49.97999954,0
2,4,-2,3,119.9700012,10.80000019,39.99000168,2
2,1,1,2,99.95999908,12.0,49.97999954,0
3,4,-1,3,119.9700012,18.0,39.99000168,2
6,4,2,1,299.980011,9.0,299.980011,3
2,1,1,1,24.98999977,1.370000005,24.98999977,0
2,4,-2,5,299.9500122,47.99000168,59.99000168,1
4,2,2,1,39.99000168,5.199999809,39.99000168,3
2,4,-2,2,119.9800034,2.400000095,59.99000168,2
5,4,1,2,100.0,10.0,50.0,3
2,4,-2,2,99.95999908,24.98999977,49.97999954,2
5,2,3,5,124.9499969,11.25,24.98999977,1
2,1,1,5,250.0,12.5,50.0,0
2,1,1,2,44.0,3.960000038,22.0,0
2,4,-2,4,199.9199982,4.0,49.97999954,2
0,0,0,2,199.9799957,30.0,99.98999786,0
4,4,0,1,299.980011,39.0,299.980011,4
3,4,-1,5,174.9499969,7.0,34.99000168,1
2,1,1,2,199.9799957,24.0,99.98999786,0
6,4,2,1,299.980011,39.0,299.980011,4
2,1,1,1,129.9900055,26.0,129.9900055,0
4,4,0,1,199.9900055,36.0,199.9900055,2
3,4,-1,1,399.980011,52.0,399.980011,4
4,4,0,1,84.40000153,12.65999985,84.40000153,3
4,4,0,1,399.980011,68.0,399.980011,4
1,0,1,2,199.9799957,4.0,99.98999786,0
6,4,2,1,532.5800171,63.90999985,532.5800171,4
3,4,-1,4,88.0,4.840000153,22.0,2
4,4,0,4,239.9600067,31.19000053,59.99000168,1
2,4,-2,2,119.9800034,8.399999619,59.99000168,2
3,4,-1,1,39.99000168,2.200000048,39.99000168,2
6,4,2,2,50.0,1.5,25.0,3
6,4,2,5,250.0,17.5,50.0,1
2,4,-2,5,299.9500122,16.5,59.99000168,2
2,4,-2,1,39.99000168,7.199999809,39.99000168,2
6,4,2,1,129.9900055,32.5,129.9900055,3
3,4,-1,5,499.9500122,79.98999786,99.98999786,1
3,4,-1,1,399.980011,100.0,399.980011,4
4,4,0,4,111.9599991,7.840000153,27.98999977,1
3,4,-1,5,124.9499969,0.0,24.98999977,1
1,0,1,4,239.9600067,13.19999981,59.99000168,0
5,4,1,1,299.980011,3.0,299.980011,3
6,2,4,4,199.9199982,39.97999954,49.97999954,1
3,4,-1,5,250.0,45.0,50.0,1
6,2,4,1,299.980011,21.0,299.980011,3
6,4,2,5,250.0,40.0,50.0,1
2,1,1,2,119.9800034,4.800000191,59.99000168,0
2,1,1,1,399.980011,64.0,399.980011,4
4,4,0,1,199.9900055,4.0,199.9900055,3
2,1,1,1,199.9900055,10.0,199.9900055,0
5,4,1,3,149.9400024,26.98999977,49.97999954,1
2,4,-2,1,22.0,3.299999952,22.0,2
2,4,-2,3,299.9700012,27.0,99.98999786,2
4,4,0,1,399.980011,20.0,399.980011,4
2,1,1,1,399.980011,12.0,399.980011,4
5,4,1,4,63.95999908,5.760000229,15.98999977,1
4,4,0,2,100.0,15.0,50.0,3
3,4,-1,1,329.9899902,9.899999619,329.9899902,4
3,4,-1,1,129.9900055,5.199999809,129.9900055,2
6,4,2,5,199.9499969,20.0,39.99000168,1
6,2,4,1,39.99000168,2.200000048,39.99000168,3
2,1,1,5,250.0,42.5,50.0,1
2,4,-2,1,39.99000168,7.199999809,39.99000168,2
5,4,1,2,100.0,5.0,50.0,3
2,4,-2,5,249.8999939,62.47999954,49.97999954,1
2,1,1,2,99.95999908,12.98999977,49.97999954,0
2,1,1,1,129.9900055,0.0,129.9900055,0
6,4,2,1,199.9900055,24.0,199.9900055,3
4,4,0,4,239.9600067,28.79999924,59.99000168,1
2,4,-2,1,99.98999786,5.5,99.98999786,2
2,4,-2,1,399.980011,40.0,399.980011,4
3,4,-1,3,179.9700012,35.99000168,59.99000168,2
1,0,1,1,129.9900055,32.5,129.9900055,0
4,4,0,1,31.98999977,6.400000095,31.98999977,3
2,1,1,5,299.9500122,38.99000168,59.99000168,1
3,4,-1,4,239.9600067,4.800000191,59.99000168,2
3,4,-1,4,239.9600067,21.60000038,59.99000168,1
6,4,2,1,199.9900055,18.0,199.9900055,3
3,4,-1,1,199.9900055,24.0,199.9900055,2
3,2,1,2,79.98000336,5.599999905,39.99000168,0
6,4,2,1,50.0,2.0,50.0,3
4,4,0,1,129.9900055,32.5,129.9900055,3
4,4,0,2,100.0,3.0,50.0,3
2,1,1,1,299.980011,75.0,299.980011,4
3,2,1,2,79.98000336,9.600000381,39.99000168,0
4,4,0,1,199.9900055,30.0,199.9900055,2
2,4,-2,1,199.9900055,14.0,199.9900055,2
2,2,0,1,24.98999977,4.25,24.98999977,0
2,1,1,1,50.0,1.0,50.0,0
3,4,-1,5,299.9500122,3.0,59.99000168,1
2,4,-2,3,149.9400024,17.98999977,49.97999954,2
2,4,-2,4,199.9199982,39.97999954,49.97999954,2
6,2,4,1,49.97999954,0.0,49.97999954,3
4,4,0,1,129.9900055,5.199999809,129.9900055,3
6,4,2,1,199.9900055,30.0,199.9900055,3
2,1,1,1,129.9900055,16.89999962,129.9900055,0
5,2,3,5,299.9500122,3.0,59.99000168,1
1,0,1,1,50.0,10.0,50.0,0
4,2,2,4,239.9600067,7.199999809,59.99000168,1
2,1,1,1,199.9900055,50.0,199.9900055,0
2,4,-2,1,399.980011,0.0,399.980011,2
2,4,-2,3,150.0,0.0,50.0,2
5,2,3,5,299.9500122,15.0,59.99000168,1
3,4,-1,3,119.9700012,2.400000095,39.99000168,2
2,1,1,1,129.9900055,16.89999962,129.9900055,0
3,4,-1,1,109.9899979,3.299999952,109.9899979,2
4,2,2,1,129.9900055,3.900000095,129.9900055,3
0,0,0,2,79.98000336,8.0,39.99000168,0
2,1,1,1,129.9900055,9.100000381,129.9900055,0
4,4,0,5,250.0,42.5,50.0,1
5,4,1,4,159.9600067,14.39999962,39.99000168,1
4,4,0,1,129.9900055,19.5,129.9900055,3
4,4,0,2,99.95999908,9.0,49.97999954,3
2,2,0,1,299.980011,0.0,299.980011,0
3,2,1,1,164.3800049,6.579999924,164.3800049,0
5,2,3,1,19.98999977,5.0,19.98999977,3
5,4,1,5,250.0,17.5,50.0,1
3,2,1,1,129.9900055,26.0,129.9900055,0
5,2,3,5,499.9500122,84.98999786,99.98999786,1
5,4,1,1,299.980011,12.0,299.980011,4
5,4,1,1,129.9900055,3.900000095,129.9900055,3
3,2,1,1,39.99000168,7.199999809,39.99000168,0
2,1,1,3,119.9700012,0.0,39.99000168,0
2,1,1,4,159.9600067,11.19999981,39.99000168,0
2,1,1,1,199.9900055,6.0,199.9900055,0
2,4,-2,2,100.0,9.0,50.0,2
3,4,-1,1,399.980011,16.0,399.980011,4
5,4,1,1,50.0,1.5,50.0,3
4,4,0,1,199.9900055,36.0,199.9900055,2
3,4,-1,1,129.9900055,5.199999809,129.9900055,2
4,4,0,1,199.9900055,30.0,199.9900055,2
2,1,1,1,59.99000168,7.800000191,59.99000168,0
5,4,1,1,299.980011,54.0,299.980011,4
2,1,1,5,250.0,2.5,50.0,0
3,2,1,1,134.9900055,24.29999924,134.9900055,0
4,4,0,1,299.980011,3.0,299.980011,4
5,4,1,1,199.9900055,4.0,199.9900055,3
4,4,0,1,199.9900055,4.0,199.9900055,3
2,4,-2,1,199.9900055,20.0,199.9900055,2
2,4,-2,1,399.980011,16.0,399.980011,4
2,1,1,4,159.9600067,14.39999962,39.99000168,0
3,4,-1,1,199.9900055,30.0,199.9900055,2
3,4,-1,4,199.9199982,10.0,49.97999954,2
4,4,0,5,249.8999939,13.73999977,49.97999954,1
2,4,-2,1,59.99000168,3.299999952,59.99000168,2
5,4,1,3,149.9400024,14.98999977,49.97999954,3
6,2,4,5,299.9500122,0.0,59.99000168,1
4,4,0,1,299.980011,3.0,299.980011,4
2,1,1,1,399.980011,68.0,399.980011,4
2,4,-2,3,119.9700012,8.399999619,39.99000168,2
0,0,0,2,199.9799957,26.0,99.98999786,0
5,4,1,1,299.980011,16.5,299.980011,4
2,1,1,2,119.9800034,4.800000191,59.99000168,0
6,4,2,1,299.980011,51.0,299.980011,4
4,4,0,1,357.1000061,25.0,357.1000061,4
5,4,1,1,129.9900055,32.5,129.9900055,3
2,4,-2,4,199.9199982,29.98999977,49.97999954,2
6,4,2,5,199.9499969,10.0,39.99000168,1
2,4,-2,5,199.9499969,8.0,39.99000168,2
2,2,0,2,100.0,3.0,50.0,0
6,2,4,1,59.99000168,0.600000024,59.99000168,3
3,4,-1,2,100.0,16.0,50.0,2
5,2,3,4,239.9600067,47.99000168,59.99000168,1
6,4,2,5,249.8999939,17.48999977,49.97999954,1
3,4,-1,1,129.9900055,0.0,129.9900055,2
6,4,2,2,29.97999954,1.5,14.98999977,3
2,4,-2,2,49.97999954,10.0,24.98999977,2
2,1,1,1,199.9900055,20.0,199.9900055,0
2,1,1,3,299.9700012,0.0,99.98999786,0
5,2,3,1,129.9900055,3.900000095,129.9900055,3
4,4,0,1,299.980011,48.0,299.980011,4
6,2,4,1,399.980011,20.0,399.980011,4
2,1,1,4,200.0,40.0,50.0,0
6,2,4,5,250.0,12.5,50.0,1
2,1,1,1,129.9900055,2.599999905,129.9900055,0
5,4,1,1,199.9900055,10.0,199.9900055,3
3,4,-1,4,199.9199982,29.98999977,49.97999954,1
1,0,1,1,50.0,0.0,50.0,0
2,1,1,2,79.98000336,1.600000024,39.99000168,0
4,4,0,5,199.9499969,14.0,39.99000168,1
2,1,1,1,129.9900055,16.89999962,129.9900055,0
3,4,-1,2,119.9800034,4.800000191,59.99000168,2
5,4,1,1,129.9900055,1.299999952,129.9900055,3
4,4,0,1,199.9900055,14.0,199.9900055,3
4,4,0,1,50.0,0.5,50.0,3
4,4,0,5,249.8999939,13.73999977,49.97999954,1
6,2,4,1,299.980011,21.0,299.980011,3
2,1,1,1,299.9899902,12.0,299.9899902,0
5,2,3,4,63.95999908,10.22999954,15.98999977,3
2,2,0,5,239.9499969,38.38999939,47.99000168,1
2,4,-2,1,399.980011,8.0,399.980011,4
3,2,1,2,99.95999908,4.0,49.97999954,0
2,4,-2,2,79.98000336,20.0,39.99000168,2
2,1,1,1,49.97999954,2.5,49.97999954,0
2,1,1,1,215.8200073,0.0,215.8200073,0
2,4,-2,1,199.9900055,20.0,199.9900055,2
2,1,1,1,47.99000168,12.0,47.99000168,0
4,4,0,1,59.99000168,15.0,59.99000168,3
0,0,0,1,399.980011,60.0,399.980011,4
5,2,3,4,239.9600067,24.0,59.99000168,1
3,4,-1,4,399.9599915,4.0,99.98999786,1
4,4,0,5,499.9500122,59.99000168,99.98999786,1
3,4,-1,3,150.0,0.0,50.0,2
2,1,1,1,59.99000168,1.799999952,59.99000168,0
4,2,2,3,299.9700012,12.0,99.98999786,1
4,4,0,1,59.99000168,12.0,59.99000168,3
2,1,1,1,49.97999954,8.5,49.97999954,0
0,0,0,3,179.9700012,32.38999939,59.99000168,0
6,2,4,3,149.9400024,25.48999977,49.97999954,3
3,4,-1,1,299.980011,3.0,299.980011,2
6,2,4,1,399.980011,0.0,399.980011,4
3,4,-1,3,119.9700012,20.38999939,39.99000168,2
1,0,1,2,199.9799957,40.0,99.98999786,0
5,4,1,1,252.8800049,42.99000168,252.8800049,4
1,0,1,2,100.0,15.0,50.0,0
6,4,2,1,299.980011,36.0,299.980011,4
6,2,4,1,49.97999954,6.5,49.97999954,3
1,0,1,1,399.980011,64.0,399.980011,4
5,4,1,1,59.99000168,6.0,59.99000168,3
6,4,2,1,39.99000168,10.0,39.99000168,3
3,4,-1,1,215.8200073,28.05999947,215.8200073,2
6,4,2,1,19.98999977,3.0,19.98999977,3
5,4,1,3,179.9700012,28.79999924,59.99000168,1
2,2,0,4,239.9600067,47.99000168,59.99000168,1
6,4,2,2,100.0,12.0,50.0,3
1,0,1,1,399.980011,20.0,399.980011,4
2,1,1,1,199.9900055,40.0,199.9900055,0
2,1,1,1,129.9900055,7.150000095,129.9900055,0
6,2,4,1,129.9900055,3.900000095,129.9900055,3
2,4,-2,1,399.980011,8.0,399.980011,4
5,2,3,1,399.980011,72.0,399.980011,4
6,2,4,1,50.0,1.5,50.0,3
2,4,-2,1,129.9900055,26.0,129.9900055,2
2,4,-2,1,99.94999695,12.98999977,99.94999695,2
4,4,0,1,129.9900055,26.0,129.9900055,3
2,1,1,5,299.9500122,50.99000168,59.99000168,1
2,4,-2,1,49.97999954,2.0,49.97999954,2
4,4,0,1,299.980011,15.0,299.980011,4
5,4,1,1,299.980011,27.0,299.980011,4
4,4,0,5,250.0,22.5,50.0,1
2,4,-2,1,129.9900055,15.60000038,129.9900055,2
2,1,1,2,99.95999908,4.0,49.97999954,0
3,2,1,1,357.1000061,71.41999817,357.1000061,4
2,4,-2,4,199.9199982,13.98999977,49.97999954,2
5,4,1,2,199.9799957,50.0,99.98999786,3
3,4,-1,4,200.0,50.0,50.0,1
3,2,1,5,139.9499969,14.0,27.98999977,1
5,4,1,2,199.9799957,14.0,99.98999786,3
2,2,0,3,150.0,22.5,50.0,0
2,4,-2,1,59.99000168,6.0,59.99000168,2
3,4,-1,2,100.0,10.0,50.0,2
2,2,0,1,49.97999954,5.0,49.97999954,0
2,4,-2,1,59.99000168,5.400000095,59.99000168,2
6,4,2,1,399.980011,4.0,399.980011,4
6,4,2,2,99.95999908,3.0,49.97999954,3
2,2,0,4,159.9600067,3.200000048,39.99000168,0
2,1,1,1,399.980011,16.0,399.980011,4
2,4,-2,3,150.0,6.0,50.0,2
4,4,0,1,49.97999954,12.5,49.97999954,3
6,4,2,1,399.980011,8.0,399.980011,4
3,4,-1,1,11.53999996,2.309999943,11.53999996,2
2,1,1,1,129.9900055,11.69999981,129.9900055,0
4,2,2,1,199.9900055,6.0,199.9900055,3
5,2,3,2,119.9800034,6.599999905,59.99000168,3
5,4,1,1,199.9900055,2.0,199.9900055,3
3,2,1,5,249.8999939,5.0,49.97999954,1
5,2,3,3,299.9700012,21.0,99.98999786,1
5,4,1,3,299.9700012,3.0,99.98999786,1
3,4,-1,2,100.0,13.0,50.0,2
2,1,1,1,299.980011,12.0,299.980011,0
2,4,-2,1,59.99000168,2.400000095,59.99000168,2
2,2,0,1,199.9900055,36.0,199.9900055,0
4,4,0,4,239.9600067,7.199999809,59.99000168,1
4,4,0,1,49.97999954,2.75,49.97999954,3
2,4,-2,3,90.0,4.5,30.0,2
6,4,2,4,200.0,8.0,50.0,1
4,4,0,2,59.97999954,10.19999981,29.98999977,3
2,4,-2,3,149.9400024,10.5,49.97999954,2
3,4,-1,2,119.9800034,4.800000191,59.99000168,2
2,4,-2,1,129.9900055,22.10000038,129.9900055,2
2,4,-2,1,129.9900055,0.0,129.9900055,2
2,1,1,1,49.97999954,12.5,49.97999954,0
6,2,4,2,69.98000336,2.799999952,34.99000168,3
5,2,3,1,299.980011,45.0,299.980011,4
5,4,1,1,129.9900055,20.79999924,129.9900055,3
4,4,0,1,399.980011,36.0,399.980011,4
3,2,1,1,129.9900055,6.5,129.9900055,0
6,4,2,1,252.8800049,5.059999943,252.8800049,3
3,4,-1,2,199.9799957,6.0,99.98999786,2
2,4,-2,3,104.9700012,5.25,34.99000168,2
5,4,1,3,239.9700012,38.40000153,79.98999786,1
5,2,3,4,200.0,24.0,50.0,1
6,4,2,5,125.0,1.25,25.0,1
4,2,2,5,250.0,42.5,50.0,1
3,2,1,4,239.9600067,0.0,59.99000168,1
3,4,-1,5,499.9500122,99.98999786,99.98999786,1
2,1,1,1,59.99000168,3.299999952,59.99000168,0
5,2,3,4,239.9600067,43.18999863,59.99000168,1
4,2,2,1,299.980011,39.0,299.980011,4
5,4,1,1,299.980011,54.0,299.980011,4
3,2,1,1,50.0,5.0,50.0,0
3,4,-1,4,200.0,36.0,50.0,1
2,1,1,1,50.0,2.5,50.0,0
2,1,1,1,399.980011,4.0,399.980011,4
2,1,1,3,299.9700012,3.0,99.98999786,0
0,0,0,5,499.9500122,35.0,99.98999786,0
2,4,-2,3,179.9700012,0.0,59.99000168,2
3,4,-1,1,260.6499939,33.88000107,260.6499939,2
2,1,1,3,179.9700012,35.99000168,59.99000168,0
6,4,2,2,199.9799957,32.0,99.98999786,3
2,1,1,1,199.9900055,18.0,199.9900055,0
4,2,2,4,159.9600067,0.0,39.99000168,1
2,1,1,3,300.0,36.0,100.0,0
5,4,1,1,59.99000168,10.80000019,59.99000168,3
2,1,1,1,59.99000168,10.80000019,59.99000168,0
5,4,1,5,299.9500122,50.99000168,59.99000168,1
5,2,3,3,149.9400024,22.48999977,49.97999954,3
6,2,4,1,59.99000168,3.0,59.99000168,3
2,4,-2,1,399.980011,16.0,399.980011,4
4,4,0,4,199.9199982,8.0,49.97999954,1
3,4,-1,1,299.980011,48.0,299.980011,4
3,4,-1,2,119.9800034,30.0,59.99000168,2
3,4,-1,1,199.9900055,30.0,199.9900055,2
3,4,-1,1,399.980011,52.0,399.980011,4
5,4,1,4,200.0,0.0,50.0,1
6,4,2,1,199.9900055,32.0,199.9900055,3
6,4,2,1,357.1000061,14.27999973,357.1000061,4
4,4,0,1,399.980011,16.0,399.980011,4
2,4,-2,2,119.9800034,19.20000076,59.99000168,2
2,1,1,4,399.9599915,71.98999786,99.98999786,1
6,4,2,3,179.9700012,23.39999962,59.99000168,3
3,2,1,1,39.99000168,10.0,39.99000168,0
3,4,-1,5,325.0,3.25,65.0,1
4,2,2,3,179.9700012,28.79999924,59.99000168,1
2,1,1,4,200.0,10.0,50.0,0
6,4,2,3,119.9700012,4.800000191,39.99000168,3
1,0,1,3,66.0,1.320000052,22.0,0
2,4,-2,5,299.9500122,44.99000168,59.99000168,1
3,4,-1,1,199.9900055,6.0,199.9900055,2
2,1,1,1,129.9900055,3.900000095,129.9900055,0
2,4,-2,1,299.980011,12.0,299.980011,2
3,4,-1,1,129.9900055,5.199999809,129.9900055,2
2,1,1,1,50.0,2.0,50.0,0
2,1,1,4,200.0,24.0,50.0,0
2,1,1,2,199.9799957,32.0,99.98999786,0
1,0,1,1,50.0,12.5,50.0,0
4,4,0,2,103.9800034,18.71999931,51.99000168,3
2,2,0,1,299.980011,12.0,299.980011,0
2,1,1,1,299.980011,27.0,299.980011,0
2,2,0,1,49.97999954,2.0,49.97999954,0
3,2,1,1,129.9900055,16.89999962,129.9900055,0
2,4,-2,4,399.9599915,8.0,99.98999786,2
5,4,1,5,499.9500122,0.0,99.98999786,1
4,2,2,3,44.97000122,1.799999952,14.98999977,3
6,4,2,5,299.9500122,47.99000168,59.99000168,1
6,4,2,1,299.980011,12.0,299.980011,3
5,4,1,4,99.95999908,19.98999977,24.98999977,1
5,4,1,1,399.980011,36.0,399.980011,4
3,4,-1,2,79.98000336,9.600000381,39.99000168,2
5,2,3,1,199.9900055,40.0,199.9900055,3
0,0,0,4,239.9600067,0.0,59.99000168,0
2,4,-2,3,149.9400024,22.48999977,49.97999954,2
4,4,0,1,129.9900055,13.0,129.9900055,3
4,2,2,3,299.9700012,74.98999786,99.98999786,1
3,2,1,1,399.980011,12.0,399.980011,4
3,2,1,4,199.9199982,49.97999954,49.97999954,1
5,4,1,1,59.99000168,4.199999809,59.99000168,3
6,4,2,1,399.980011,80.0,399.980011,4
6,4,2,2,119.9800034,10.80000019,59.99000168,3
5,4,1,1,59.99000168,6.0,59.99000168,3
5,2,3,1,299.980011,0.0,299.980011,3
2,1,1,1,129.9900055,15.60000038,129.9900055,0
2,1,1,3,299.9700012,6.0,99.98999786,0
2,4,-2,4,199.9199982,25.98999977,49.97999954,2
3,4,-1,1,399.980011,36.0,399.980011,4
4,2,2,1,399.980011,0.0,399.980011,4
3,4,-1,3,179.9700012,30.59000015,59.99000168,2
5,4,1,1,129.9900055,11.69999981,129.9900055,3
4,4,0,2,119.9800034,19.20000076,59.99000168,2
2,1,1,1,11.53999996,0.460000008,11.53999996,0
3,4,-1,1,59.99000168,9.600000381,59.99000168,2
3,4,-1,1,129.9900055,32.5,129.9900055,2
5,4,1,1,199.9900055,36.0,199.9900055,3
2,1,1,1,399.980011,68.0,399.980011,4
4,4,0,1,129.9900055,3.900000095,129.9900055,3
2,1,1,2,79.98000336,0.0,39.99000168,0
0,0,0,1,299.980011,16.5,299.980011,0
6,2,4,1,129.9900055,26.0,129.9900055,3
5,4,1,1,129.9900055,2.599999905,129.9900055,3
0,0,0,1,199.9900055,30.0,199.9900055,0
3,4,-1,1,399.980011,72.0,399.980011,4
4,2,2,2,199.9799957,36.0,99.98999786,3
5,4,1,4,63.95999908,7.679999828,15.98999977,1
3,4,-1,1,129.9900055,16.89999962,129.9900055,2
4,2,2,3,149.9400024,13.48999977,49.97999954,3
2,1,1,2,119.9800034,21.60000038,59.99000168,0
5,4,1,1,59.99000168,10.80000019,59.99000168,3
4,4,0,3,179.9700012,1.799999952,59.99000168,2
5,2,3,5,299.9500122,44.99000168,59.99000168,1
2,2,0,1,39.99000168,1.200000048,39.99000168,0
5,4,1,1,299.980011,9.0,299.980011,3
2,1,1,1,299.980011,3.0,299.980011,0
6,2,4,1,399.980011,22.0,399.980011,4
6,4,2,1,399.980011,8.0,399.980011,4
0,0,0,5,299.9500122,59.99000168,59.99000168,0
6,4,2,4,159.9600067,11.19999981,39.99000168,1
2,1,1,5,199.9499969,10.0,39.99000168,0
2,1,1,1,49.97999954,3.5,49.97999954,0
4,4,0,2,100.0,9.0,50.0,3
5,4,1,1,399.980011,68.0,399.980011,4
4,2,2,1,399.980011,20.0,399.980011,4
3,4,-1,1,299.980011,60.0,299.980011,4
3,4,-1,1,129.9900055,20.79999924,129.9900055,2
2,4,-2,4,239.9600067,7.199999809,59.99000168,2
2,4,-2,1,399.980011,68.0,399.980011,4
2,1,1,5,249.8999939,42.47999954,49.97999954,1
3,4,-1,1,49.97999954,6.5,49.97999954,2
2,4,-2,5,250.0,2.5,50.0,2
6,4,2,4,199.9199982,13.98999977,49.97999954,1
6,2,4,2,99.95999908,1.0,49.97999954,3
6,2,4,4,99.95999908,4.0,24.98999977,3
2,4,-2,1,399.980011,36.0,399.980011,4
2,4,-2,5,249.8999939,0.0,49.97999954,2
3,2,1,4,200.0,6.0,50.0,1
2,1,1,1,299.980011,30.0,299.980011,0
4,2,2,1,299.980011,51.0,299.980011,4
4,4,0,1,129.9900055,7.150000095,129.9900055,3
3,4,-1,1,129.9900055,15.60000038,129.9900055,2
5,4,1,1,260.6499939,33.88000107,260.6499939,4
2,4,-2,1,215.8200073,10.78999996,215.8200073,2
2,1,1,4,199.9199982,6.0,49.97999954,0
4,4,0,1,50.0,6.5,50.0,3
2,2,0,5,299.9500122,30.0,59.99000168,1
2,4,-2,1,59.99000168,10.80000019,59.99000168,2
2,4,-2,3,179.9700012,1.799999952,59.99000168,2
6,2,4,5,249.8999939,62.47999954,49.97999954,1
6,4,2,1,399.980011,0.0,399.980011,4
2,2,0,1,399.980011,28.0,399.980011,4
5,4,1,1,129.9900055,6.5,129.9900055,3
3,4,-1,1,129.9900055,1.299999952,129.9900055,2
4,4,0,4,99.95999908,7.0,24.98999977,1
2,4,-2,2,79.98000336,0.800000012,39.99000168,2
6,4,2,5,250.0,45.0,50.0,1
3,4,-1,1,299.980011,6.0,299.980011,2
3,4,-1,1,199.9900055,11.0,199.9900055,2
5,4,1,4,199.9199982,2.0,49.97999954,1
5,4,1,1,59.99000168,15.0,59.99000168,3
4,2,2,4,159.9600067,8.0,39.99000168,1
3,4,-1,4,200.0,6.0,50.0,2
5,4,1,5,250.0,7.5,50.0,1
6,4,2,1,129.9900055,11.69999981,129.9900055,3
5,4,1,1,399.980011,0.0,399.980011,4
2,1,1,5,250.0,25.0,50.0,0
2,2,0,5,250.0,0.0,50.0,1
5,4,1,1,299.980011,3.0,299.980011,3
6,4,2,1,299.980011,36.0,299.980011,4
2,4,-2,3,66.0,5.940000057,22.0,2
4,4,0,2,99.95999908,5.0,49.97999954,3
2,4,-2,5,249.8999939,22.48999977,49.97999954,2
5,4,1,1,532.5800171,47.93000031,532.5800171,4
6,4,2,1,39.99000168,4.800000191,39.99000168,3
3,4,-1,1,199.9900055,10.0,199.9900055,2
3,4,-1,2,119.9800034,18.0,59.99000168,2
5,4,1,3,119.9700012,3.599999905,39.99000168,3
2,2,0,4,200.0,34.0,50.0,0
4,4,0,1,50.0,4.5,50.0,3
2,1,1,1,199.9900055,50.0,199.9900055,0
4,4,0,1,399.980011,22.0,399.980011,4
2,4,-2,5,199.9499969,14.0,39.99000168,2
4,2,2,4,260.0,13.0,65.0,1
2,1,1,1,31.98999977,1.75999999,31.98999977,0
6,4,2,1,129.9900055,20.79999924,129.9900055,3
3,4,-1,3,179.9700012,18.0,59.99000168,2
2,4,-2,1,327.75,65.55000305,327.75,4
6,2,4,1,129.9900055,13.0,129.9900055,3
2,1,1,1,199.9900055,26.0,199.9900055,0
2,4,-2,1,199.9900055,36.0,199.9900055,2
2,4,-2,1,299.980011,6.0,299.980011,2
2,4,-2,1,59.99000168,15.0,59.99000168,2
3,4,-1,1,99.98999786,13.0,99.98999786,2
4,2,2,1,129.9900055,5.199999809,129.9900055,3
2,1,1,1,59.99000168,2.400000095,59.99000168,0
4,4,0,5,299.9500122,0.0,59.99000168,1
1,0,1,3,150.0,0.0,50.0,0
4,4,0,1,399.980011,100.0,399.980011,4
4,2,2,3,150.0,19.5,50.0,3
5,4,1,1,399.980011,20.0,399.980011,4
2,1,1,1,129.9900055,15.60000038,129.9900055,0
6,4,2,4,399.7999878,79.95999908,99.94999695,1
4,2,2,1,129.9900055,20.79999924,129.9900055,3
3,4,-1,1,129.9900055,22.10000038,129.9900055,2
4,2,2,5,250.0,7.5,50.0,1
4,4,0,1,129.9900055,22.10000038,129.9900055,3
2,1,1,1,199.9900055,10.0,199.9900055,0
3,4,-1,2,119.9800034,6.0,59.99000168,2
2,4,-2,4,239.9600067,31.19000053,59.99000168,2
2,1,1,1,399.980011,68.0,399.980011,4
6,4,2,1,129.9900055,26.0,129.9900055,3
5,2,3,1,199.9900055,11.0,199.9900055,3
2,1,1,1,59.99000168,12.0,59.99000168,0
3,4,-1,3,90.0,3.599999905,30.0,2
4,4,0,1,299.980011,9.0,299.980011,4
2,4,-2,4,200.0,4.0,50.0,2
0,0,0,1,99.98999786,0.0,99.98999786,0
4,4,0,1,129.9900055,1.299999952,129.9900055,3
2,1,1,1,299.980011,16.5,299.980011,0
2,4,-2,4,200.0,20.0,50.0,2
2,1,1,1,399.980011,100.0,399.980011,4
4,4,0,1,299.980011,6.0,299.980011,4
2,1,1,5,249.8999939,62.47999954,49.97999954,1
6,4,2,1,299.980011,15.0,299.980011,3
2,1,1,4,199.9199982,6.0,49.97999954,0
3,2,1,1,59.99000168,10.19999981,59.99000168,0
4,4,0,1,199.9900055,14.0,199.9900055,3
3,2,1,4,399.9599915,0.0,99.98999786,1
4,4,0,3,83.97000122,4.619999886,27.98999977,2
2,1,1,2,99.95999908,7.0,49.97999954,0
2,1,1,1,299.980011,3.0,299.980011,0
4,4,0,1,357.1000061,42.84999847,357.1000061,4
5,4,1,1,164.3800049,3.289999962,164.3800049,3
2,1,1,1,199.9900055,26.0,199.9900055,0
3,4,-1,1,129.9900055,20.79999924,129.9900055,2
5,4,1,1,129.9900055,5.199999809,129.9900055,3
3,4,-1,1,50.0,0.5,50.0,2
2,4,-2,1,129.9900055,32.5,129.9900055,2
4,4,0,3,150.0,8.25,50.0,2
2,4,-2,1,129.9900055,16.89999962,129.9900055,2
4,4,0,3,149.9400024,19.48999977,49.97999954,1
2,4,-2,1,199.9900055,10.0,199.9900055,2
3,2,1,2,35.97999954,3.24000001,17.98999977,0
5,2,3,4,399.9599915,28.0,99.98999786,1
6,4,2,2,19.97999954,3.200000048,9.989999771,3
3,2,1,3,179.9700012,23.39999962,59.99000168,0
3,4,-1,1,1500.0,225.0,1500.0,4
3,4,-1,2,119.9800034,18.0,59.99000168,2
2,4,-2,4,200.0,50.0,50.0,2
5,2,3,5,499.9500122,20.0,99.98999786,1
2,2,0,2,100.0,12.0,50.0,0
2,1,1,1,129.9900055,1.299999952,129.9900055,0
4,2,2,5,499.9500122,5.0,99.98999786,1
4,4,0,1,199.9900055,24.0,199.9900055,2
6,4,2,1,199.9900055,4.0,199.9900055,3
3,4,-1,3,74.97000122,18.73999977,24.98999977,2
2,1,1,1,59.99000168,10.80000019,59.99000168,0
5,4,1,1,199.9900055,4.0,199.9900055,3
2,4,-2,1,129.9900055,16.89999962,129.9900055,2
3,4,-1,3,143.9700012,1.440000057,47.99000168,2
2,1,1,1,399.980011,28.0,399.980011,4
2,4,-2,1,399.980011,100.0,399.980011,4
2,4,-2,1,59.99000168,1.200000048,59.99000168,2
3,4,-1,1,252.8800049,22.76000023,252.8800049,2
3,4,-1,2,119.9800034,10.80000019,59.99000168,2
3,4,-1,3,299.9700012,0.0,99.98999786,2
4,4,0,1,199.9900055,0.0,199.9900055,3
0,0,0,4,239.9600067,9.600000381,59.99000168,0
2,4,-2,4,399.9599915,40.0,99.98999786,2
2,1,1,1,399.980011,28.0,399.980011,4
5,2,3,5,199.9499969,35.99000168,39.99000168,1
3,4,-1,1,199.9900055,26.0,199.9900055,2
6,4,2,1,39.99000168,8.0,39.99000168,3
2,4,-2,5,250.0,22.5,50.0,2
6,2,4,4,399.9599915,4.0,99.98999786,1
5,2,3,1,399.980011,60.0,399.980011,4
6,4,2,1,129.9900055,3.900000095,129.9900055,3
2,1,1,1,129.9900055,19.5,129.9900055,0
6,4,2,1,49.97999954,9.0,49.97999954,3
4,4,0,1,129.9900055,2.599999905,129.9900055,3
5,2,3,5,499.9500122,79.98999786,99.98999786,1
3,2,1,1,50.0,3.5,50.0,0
2,1,1,1,59.99000168,3.299999952,59.99000168,0
2,1,1,1,452.0400085,13.56000042,452.0400085,4
2,4,-2,1,59.99000168,6.0,59.99000168,2
3,4,-1,1,299.9899902,21.0,299.9899902,2
4,4,0,1,59.99000168,10.80000019,59.99000168,3
2,1,1,2,44.0,2.200000048,22.0,0
6,4,2,1,129.9900055,20.79999924,129.9900055,3
5,4,1,3,74.97000122,18.73999977,24.98999977,3
6,4,2,1,199.9900055,36.0,199.9900055,3
3,4,-1,4,127.9599991,20.46999931,31.98999977,2
2,2,0,5,299.9500122,44.99000168,59.99000168,1
2,4,-2,1,199.9900055,36.0,199.9900055,2
1,0,1,1,59.99000168,1.799999952,59.99000168,0
5,4,1,2,99.95999908,12.0,49.97999954,3
2,1,1,3,134.9700012,9.449999809,44.99000168,0
2,4,-2,1,129.9900055,7.150000095,129.9900055,2
3,4,-1,2,79.98000336,16.0,39.99000168,2
4,4,0,1,299.980011,16.5,299.980011,4
6,4,2,1,299.980011,36.0,299.980011,4
2,1,1,1,199.9900055,26.0,199.9900055,0
3,4,-1,1,1500.0,15.0,1500.0,4
2,4,-2,1,129.9900055,9.100000381,129.9900055,2
5,2,3,5,250.0,25.0,50.0,1
2,1,1,1,327.75,9.829999924,327.75,0
1,0,1,1,129.9900055,19.5,129.9900055,0
3,4,-1,1,399.980011,100.0,399.980011,4
3,2,1,2,99.95999908,5.5,49.97999954,0
2,1,1,2,99.95999908,10.0,49.97999954,0
2,4,-2,1,50.0,1.0,50.0,2
6,4,2,1,39.99000168,4.800000191,39.99000168,3
4,4,0,1,129.9900055,13.0,129.9900055,3
2,4,-2,2,119.9800034,3.599999905,59.99000168,2
2,1,1,3,179.9700012,27.0,59.99000168,0
4,2,2,3,179.9700012,21.60000038,59.99000168,1
2,1,1,5,249.8999939,42.47999954,49.97999954,1
2,4,-2,1,15.98999977,4.0,15.98999977,2
2,1,1,1,399.980011,60.0,399.980011,4
3,4,-1,3,179.9700012,28.79999924,59.99000168,2
2,1,1,1,199.9900055,4.0,199.9900055,0
6,4,2,1,199.9900055,32.0,199.9900055,3
6,4,2,5,199.9499969,8.0,39.99000168,1
6,4,2,2,199.9799957,14.0,99.98999786,3
5,4,1,1,399.980011,40.0,399.980011,4
2,1,1,5,299.9500122,47.99000168,59.99000168,1
2,1,1,1,51.99000168,6.239999771,51.99000168,0
4,4,0,1,99.98999786,18.0,99.98999786,3
2,1,1,4,239.9600067,43.18999863,59.99000168,0
3,2,1,1,299.980011,15.0,299.980011,4
3,4,-1,3,179.9700012,18.0,59.99000168,2
5,4,1,3,119.9700012,2.400000095,39.99000168,3
6,4,2,1,357.1000061,53.5699997,357.1000061,4
6,4,2,2,119.9800034,24.0,59.99000168,3
4,4,0,2,79.98000336,9.600000381,39.99000168,3
3,4,-1,1,327.75,52.43999863,327.75,4
4,4,0,5,249.8999939,0.0,49.97999954,1
4,4,0,4,239.9600067,9.600000381,59.99000168,1
2,1,1,1,199.9900055,6.0,199.9900055,0
6,4,2,1,199.9900055,36.0,199.9900055,3
4,4,0,2,119.9800034,14.39999962,59.99000168,3
3,4,-1,1,357.1000061,60.70999908,357.1000061,4
2,1,1,3,150.0,15.0,50.0,0
2,1,1,1,199.9900055,2.0,199.9900055,0
2,1,1,1,51.99000168,8.319999695,51.99000168,0
2,4,-2,1,39.99000168,4.800000191,39.99000168,2
4,4,0,3,179.9700012,3.599999905,59.99000168,2
2,1,1,1,129.9900055,11.69999981,129.9900055,0
2,1,1,1,11.53999996,0.460000008,11.53999996,0
2,4,-2,1,129.9900055,22.10000038,129.9900055,2
2,4,-2,1,39.99000168,2.200000048,39.99000168,2
5,2,3,1,399.980011,48.0,399.980011,4
3,4,-1,1,17.98999977,0.720000029,17.98999977,2
2,1,1,4,200.0,32.0,50.0,0
2,4,-2,2,99.95999908,5.5,49.97999954,2
2,1,1,1,11.53999996,2.309999943,11.53999996,0
5,4,1,1,399.980011,36.0,399.980011,4
5,4,1,1,39.99000168,6.400000095,39.99000168,3
2,4,-2,1,129.9900055,3.900000095,129.9900055,2
3,2,1,2,99.95999908,9.0,49.97999954,0
2,4,-2,1,299.980011,15.0,299.980011,2
2,1,1,1,59.08000183,1.179999948,59.08000183,0
6,4,2,5,110.0,3.299999952,22.0,1
6,4,2,1,129.9900055,20.79999924,129.9900055,3
5,2,3,1,399.980011,22.0,399.980011,4
2,1,1,5,499.9500122,74.98999786,99.98999786,1
5,2,3,2,119.9800034,2.400000095,59.99000168,3
6,4,2,4,127.9599991,8.960000038,31.98999977,1
2,4,-2,5,250.0,5.0,50.0,2
6,4,2,2,119.9800034,6.599999905,59.99000168,3
5,4,1,1,31.98999977,1.75999999,31.98999977,3
2,1,1,1,399.980011,80.0,399.980011,4
3,2,1,1,199.9900055,11.0,199.9900055,0
6,2,4,5,299.9500122,9.0,59.99000168,1
5,4,1,1,199.9900055,36.0,199.9900055,3
6,4,2,1,399.980011,36.0,399.980011,4
4,4,0,5,199.9499969,0.0,39.99000168,1
6,2,4,1,299.980011,3.0,299.980011,3
4,4,0,3,179.9700012,16.20000076,59.99000168,1
4,4,0,1,299.980011,60.0,299.980011,4
4,4,0,1,199.9900055,26.0,199.9900055,2
2,4,-2,1,299.980011,48.0,299.980011,4
2,1,1,1,357.1000061,64.27999878,357.1000061,4
2,1,1,1,399.980011,20.0,399.980011,4
5,4,1,3,150.0,10.5,50.0,3
2,1,1,5,299.9500122,59.99000168,59.99000168,1
3,4,-1,4,200.0,34.0,50.0,1
3,4,-1,1,129.9900055,7.150000095,129.9900055,2
4,4,0,1,399.980011,40.0,399.980011,4
5,4,1,1,299.980011,54.0,299.980011,4
6,4,2,1,399.980011,28.0,399.980011,4
3,4,-1,2,119.9800034,18.0,59.99000168,2
2,1,1,1,59.99000168,4.199999809,59.99000168,0
2,4,-2,1,129.9900055,0.0,129.9900055,2
5,4,1,5,249.8999939,42.47999954,49.97999954,1
3,4,-1,1,399.980011,36.0,399.980011,4
2,4,-2,1,399.980011,36.0,399.980011,4
4,2,2,1,399.980011,22.0,399.980011,4
5,4,1,1,199.9900055,40.0,199.9900055,3
2,1,1,3,119.9700012,20.38999939,39.99000168,0
4,2,2,1,99.98999786,25.0,99.98999786,3
6,4,2,1,49.97999954,0.5,49.97999954,3
5,4,1,2,100.0,5.5,50.0,3
6,4,2,4,159.9600067,11.19999981,39.99000168,1
4,2,2,1,129.9900055,0.0,129.9900055,3
4,2,2,1,129.9900055,2.599999905,129.9900055,3
6,4,2,2,79.98000336,4.400000095,39.99000168,3
2,1,1,4,239.9600067,47.99000168,59.99000168,0
6,4,2,4,120.0,24.0,30.0,1
2,1,1,3,150.0,22.5,50.0,0
5,4,1,4,199.9199982,19.98999977,49.97999954,1
2,4,-2,1,129.9900055,11.69999981,129.9900055,2
1,0,1,2,100.0,20.0,50.0,0
4,2,2,2,119.9800034,6.599999905,59.99000168,3
2,4,-2,2,100.0,10.0,50.0,2
2,4,-2,5,499.9500122,124.9899979,99.98999786,1
6,4,2,1,129.9900055,20.79999924,129.9900055,3
3,2,1,1,199.9900055,50.0,199.9900055,4
2,4,-2,1,399.980011,48.0,399.980011,4
3,4,-1,1,129.9900055,1.299999952,129.9900055,2
2,1,1,3,119.9700012,10.80000019,39.99000168,0
2,4,-2,3,179.9700012,35.99000168,59.99000168,2
4,4,0,4,239.9600067,12.0,59.99000168,1
3,4,-1,1,210.8500061,52.70999908,210.8500061,2
2,1,1,1,299.980011,27.0,299.980011,0
6,4,2,1,199.9900055,18.0,199.9900055,3
2,4,-2,4,199.9199982,4.0,49.97999954,2
4,4,0,5,249.8999939,49.97999954,49.97999954,1
2,1,1,3,149.9400024,6.0,49.97999954,0
5,4,1,1,199.9900055,50.0,199.9900055,3
2,4,-2,1,252.8800049,10.11999989,252.8800049,2
5,2,3,3,53.97000122,0.540000021,17.98999977,3
5,4,1,1,399.980011,12.0,399.980011,4
2,1,1,5,299.9500122,44.99000168,59.99000168,1
6,4,2,4,200.0,20.0,50.0,1
6,4,2,4,239.9600067,59.99000168,59.99000168,1
2,1,1,4,399.9599915,67.98999786,99.98999786,1
2,4,-2,1,199.9900055,24.0,199.9900055,2
2,4,-2,1,129.9900055,32.5,129.9900055,2
0,0,0,1,399.980011,72.0,399.980011,4
5,2,3,5,499.9500122,89.98999786,99.98999786,1
4,4,0,1,129.9900055,26.0,129.9900055,3
6,4,2,4,199.9199982,0.0,49.97999954,1
2,2,0,1,399.980011,12.0,399.980011,4
2,4,-2,1,399.980011,4.0,399.980011,4
2,1,1,5,249.8999939,62.47999954,49.97999954,1
2,2,0,1,399.980011,8.0,399.980011,4
4,4,0,1,129.9900055,16.89999962,129.9900055,3
2,1,1,2,100.0,7.0,50.0,0
1,0,1,4,399.9599915,36.0,99.98999786,0
5,4,1,1,65.0,9.75,65.0,3
4,4,0,1,50.0,5.0,50.0,3
2,4,-2,1,399.980011,20.0,399.980011,4
4,2,2,1,461.480011,46.15000153,461.480011,4
4,4,0,1,59.99000168,0.600000024,59.99000168,3
2,1,1,1,399.980011,48.0,399.980011,4
3,4,-1,4,159.9600067,19.20000076,39.99000168,2
5,2,3,1,399.980011,60.0,399.980011,4
2,2,0,1,327.75,65.55000305,327.75,4
5,4,1,1,129.9900055,3.900000095,129.9900055,3
4,4,0,2,79.98000336,4.0,39.99000168,3
3,2,1,5,250.0,42.5,50.0,1
2,4,-2,1,399.980011,12.0,399.980011,4
3,4,-1,4,239.9600067,43.18999863,59.99000168,1
2,4,-2,1,129.9900055,1.299999952,129.9900055,2
4,4,0,1,99.98999786,13.0,99.98999786,3
2,4,-2,1,299.980011,21.0,299.980011,2
6,4,2,1,399.980011,52.0,399.980011,4
6,2,4,5,299.9500122,16.5,59.99000168,1
2,1,1,5,249.8999939,37.49000168,49.97999954,1
2,4,-2,1,399.980011,8.0,399.980011,4
2,2,0,3,149.9400024,13.48999977,49.97999954,0
3,4,-1,1,129.9900055,20.79999924,129.9900055,2
5,4,1,1,399.980011,48.0,399.980011,4
5,4,1,3,299.9700012,30.0,99.98999786,1
3,4,-1,5,49.95000076,5.0,9.989999771,1
0,0,0,1,31.98999977,6.400000095,31.98999977,0
0,0,0,4,239.9600067,31.19000053,59.99000168,0
2,4,-2,1,299.980011,39.0,299.980011,2
2,1,1,5,249.8999939,2.5,49.97999954,0
5,4,1,5,249.8999939,29.98999977,49.97999954,1
2,1,1,1,129.9900055,26.0,129.9900055,0
3,4,-1,4,199.9199982,8.0,49.97999954,2
6,2,4,1,59.99000168,3.0,59.99000168,3
5,4,1,4,239.9600067,24.0,59.99000168,1
2,4,-2,1,299.980011,16.5,299.980011,2
4,4,0,4,200.0,50.0,50.0,1
6,2,4,2,199.9799957,26.0,99.98999786,3
3,4,-1,2,100.0,18.0,50.0,2
3,4,-1,5,199.9499969,25.98999977,39.99000168,1
5,2,3,4,200.0,8.0,50.0,1
2,1,1,3,149.9400024,13.48999977,49.97999954,0
2,1,1,5,325.0,39.0,65.0,1
2,1,1,3,179.9700012,16.20000076,59.99000168,0
4,4,0,1,199.9900055,4.0,199.9900055,3
6,4,2,2,100.0,1.0,50.0,3
2,1,1,1,129.9900055,11.69999981,129.9900055,0
4,4,0,3,44.97000122,7.639999866,14.98999977,3
2,1,1,1,399.980011,20.0,399.980011,4
5,4,1,1,49.97999954,0.5,49.97999954,3
6,4,2,2,119.9800034,0.0,59.99000168,3
4,4,0,5,249.8999939,49.97999954,49.97999954,1
4,4,0,5,249.8999939,22.48999977,49.97999954,1
4,4,0,1,399.980011,72.0,399.980011,4
6,2,4,1,399.980011,16.0,399.980011,4
2,1,1,1,129.9900055,1.299999952,129.9900055,0
2,4,-2,1,129.9900055,15.60000038,129.9900055,2
4,4,0,5,250.0,0.0,50.0,1
4,2,2,5,249.8999939,2.5,49.97999954,1
3,4,-1,5,250.0,13.75,50.0,1
5,2,3,4,239.9600067,7.199999809,59.99000168,1
6,4,2,1,299.980011,60.0,299.980011,4
5,4,1,1,199.9900055,11.0,199.9900055,3
0,0,0,4,239.9600067,4.800000191,59.99000168,0
2,1,1,1,49.97999954,2.75,49.97999954,0
4,4,0,5,249.8999939,13.73999977,49.97999954,1
0,0,0,4,159.9600067,1.600000024,39.99000168,0
2,1,1,3,150.0,3.0,50.0,0
2,4,-2,1,49.97999954,2.75,49.97999954,2
3,4,-1,3,150.0,27.0,50.0,2
3,4,-1,3,143.9700012,35.99000168,47.99000168,2
2,2,0,2,99.95999908,7.0,49.97999954,0
5,2,3,2,160.0,32.0,80.0,3
5,2,3,1,399.980011,16.0,399.980011,4
2,1,1,3,179.9700012,23.39999962,59.99000168,0
3,4,-1,1,399.980011,64.0,399.980011,4
2,4,-2,1,50.0,1.5,50.0,2
3,4,-1,2,119.9800034,15.60000038,59.99000168,2
3,4,-1,2,119.9800034,6.0,59.99000168,2
5,4,1,4,200.0,14.0,50.0,1
2,4,-2,1,199.9900055,36.0,199.9900055,2
4,2,2,1,399.980011,100.0,399.980011,4
6,4,2,3,179.9700012,12.60000038,59.99000168,3
3,4,-1,1,399.980011,80.0,399.980011,4
5,2,3,1,129.9900055,0.0,129.9900055,3
2,1,1,1,299.980011,6.0,299.980011,0
5,2,3,2,79.98000336,7.199999809,39.99000168,3
2,4,-2,1,399.980011,12.0,399.980011,4
6,4,2,1,299.980011,12.0,299.980011,3
4,4,0,1,299.980011,0.0,299.980011,4
3,2,1,3,149.9400024,7.5,49.97999954,0
3,2,1,1,299.980011,6.0,299.980011,4
2,4,-2,5,199.9499969,4.0,39.99000168,2
5,2,3,1,199.9900055,20.0,199.9900055,3
2,2,0,1,129.9900055,9.100000381,129.9900055,0
3,2,1,1,59.99000168,1.200000048,59.99000168,0
6,4,2,1,199.9900055,20.0,199.9900055,3
3,4,-1,3,179.9700012,1.799999952,59.99000168,2
4,4,0,5,249.8999939,2.5,49.97999954,1
5,4,1,3,150.0,6.0,50.0,3
4,4,0,2,69.98000336,0.699999988,34.99000168,3
6,4,2,1,59.99000168,0.0,59.99000168,3
4,4,0,1,129.9900055,32.5,129.9900055,3
5,2,3,4,239.9600067,43.18999863,59.99000168,1
0,0,0,1,299.980011,0.0,299.980011,0
4,4,0,3,299.9700012,16.5,99.98999786,1
5,2,3,3,149.9400024,8.25,49.97999954,3
4,4,0,5,249.8999939,39.97999954,49.97999954,1
2,4,-2,4,100.0,4.0,25.0,2
4,4,0,2,100.0,12.0,50.0,3
2,1,1,1,129.9900055,16.89999962,129.9900055,0
2,1,1,1,199.9900055,40.0,199.9900055,0
2,4,-2,5,299.9500122,21.0,59.99000168,2
3,4,-1,1,39.99000168,6.400000095,39.99000168,2
6,4,2,1,14.98999977,0.75,14.98999977,3
4,4,0,1,299.980011,21.0,299.980011,4
2,4,-2,4,199.9199982,0.0,49.97999954,2
3,4,-1,5,250.0,22.5,50.0,1
6,4,2,1,199.9900055,18.0,199.9900055,3
2,1,1,1,299.980011,48.0,299.980011,4
4,4,0,3,149.9400024,17.98999977,49.97999954,1
6,4,2,4,200.0,34.0,50.0,1
4,4,0,5,139.9499969,34.99000168,27.98999977,1
6,2,4,5,89.94999695,0.0,17.98999977,1
3,4,-1,4,159.9600067,16.0,39.99000168,2
2,4,-2,1,399.980011,12.0,399.980011,4
2,1,1,4,199.9199982,10.0,49.97999954,0
3,4,-1,1,99.98999786,16.0,99.98999786,2
3,4,-1,1,129.9900055,26.0,129.9900055,2
3,4,-1,1,199.9900055,24.0,199.9900055,2
2,2,0,3,150.0,18.0,50.0,0
6,2,4,3,150.0,13.5,50.0,3
3,2,1,1,31.07999992,4.659999847,31.07999992,0
6,4,2,1,129.9900055,15.60000038,129.9900055,3
6,2,4,4,199.9199982,29.98999977,49.97999954,1
2,1,1,1,299.980011,16.5,299.980011,0
3,2,1,1,199.9900055,2.0,199.9900055,0
3,4,-1,1,39.75,4.769999981,39.75,2
5,4,1,5,199.9499969,33.99000168,39.99000168,1
5,2,3,1,129.9900055,15.60000038,129.9900055,3
2,4,-2,2,199.9799957,32.0,99.98999786,2
4,4,0,3,149.9400024,4.5,49.97999954,2
2,1,1,1,199.9900055,34.0,199.9900055,0
2,1,1,3,150.0,25.5,50.0,0
2,4,-2,1,129.9900055,6.5,129.9900055,2
1,0,1,2,100.0,20.0,50.0,0
6,4,2,3,179.9700012,35.99000168,59.99000168,3
6,4,2,3,299.9700012,6.0,99.98999786,3
2,1,1,1,129.9900055,1.299999952,129.9900055,0
6,2,4,1,49.97999954,0.0,49.97999954,3
5,4,1,1,299.980011,60.0,299.980011,4
0,0,0,1,129.9900055,26.0,129.9900055,0
0,0,0,1,299.980011,30.0,299.980011,0
3,4,-1,5,299.9500122,74.98999786,59.99000168,1
2,1,1,1,399.980011,4.0,399.980011,4
4,4,0,4,200.0,50.0,50.0,1
4,4,0,1,99.98999786,2.0,99.98999786,3
2,4,-2,1,129.9900055,0.0,129.9900055,2
5,4,1,1,299.980011,54.0,299.980011,4
1,0,1,1,199.9900055,10.0,199.9900055,0
6,4,2,1,50.0,2.75,50.0,3
0,0,0,2,100.0,20.0,50.0,0
5,4,1,1,39.99000168,2.799999952,39.99000168,3
6,4,2,1,39.99000168,0.0,39.99000168,3
4,2,2,3,149.9400024,29.98999977,49.97999954,1
4,4,0,3,150.0,22.5,50.0,1
3,4,-1,2,79.98000336,14.39999962,39.99000168,2
2,4,-2,4,200.0,0.0,50.0,2
4,2,2,1,199.9900055,14.0,199.9900055,3
6,4,2,1,59.99000168,7.800000191,59.99000168,3
1,0,1,1,199.9900055,20.0,199.9900055,0
4,4,0,1,59.99000168,5.400000095,59.99000168,3
4,4,0,1,129.9900055,23.39999962,129.9900055,3
5,4,1,1,129.9900055,32.5,129.9900055,3
2,2,0,1,199.9900055,50.0,199.9900055,0
2,1,1,2,199.9799957,4.0,99.98999786,0
5,4,1,1,399.980011,68.0,399.980011,4
2,2,0,1,50.0,0.0,50.0,0
2,4,-2,3,119.9700012,10.80000019,39.99000168,2
6,4,2,1,299.980011,48.0,299.980011,4
4,4,0,2,99.95999908,7.0,49.97999954,3
2,1,1,4,239.9600067,12.0,59.99000168,0
3,4,-1,4,199.9199982,6.0,49.97999954,2
5,4,1,1,399.980011,52.0,399.980011,4
2,1,1,1,199.9900055,34.0,199.9900055,0
2,1,1,3,179.9700012,35.99000168,59.99000168,0
3,4,-1,1,129.9900055,2.599999905,129.9900055,2
5,4,1,1,299.980011,16.5,299.980011,4
4,4,0,1,199.9900055,10.0,199.9900055,3
4,4,0,1,299.980011,21.0,299.980011,4
2,1,1,1,199.9900055,26.0,199.9900055,0
3,4,-1,1,199.9900055,8.0,199.9900055,2
2,2,0,4,239.9600067,12.0,59.99000168,0
4,4,0,2,99.95999908,12.0,49.97999954,3
3,4,-1,1,357.1000061,64.27999878,357.1000061,4
2,1,1,1,532.5800171,0.0,532.5800171,4
6,4,2,4,99.95999908,10.0,24.98999977,3
4,4,0,2,100.0,0.0,50.0,3
2,1,1,1,129.9900055,15.60000038,129.9900055,0
2,2,0,1,129.9900055,15.60000038,129.9900055,0
5,4,1,1,399.980011,8.0,399.980011,4
2,1,1,1,59.99000168,0.600000024,59.99000168,0
4,4,0,2,99.95999908,2.0,49.97999954,3
2,1,1,5,299.9500122,27.0,59.99000168,0
6,4,2,1,59.99000168,5.400000095,59.99000168,3
3,4,-1,1,49.97999954,2.0,49.97999954,2
5,4,1,1,299.980011,48.0,299.980011,4
3,4,-1,1,199.9900055,8.0,199.9900055,2
5,4,1,4,120.0,6.0,30.0,1
3,2,1,3,179.9700012,18.0,59.99000168,0
6,4,2,1,129.9900055,9.100000381,129.9900055,3
0,0,0,1,59.99000168,9.0,59.99000168,0
2,4,-2,1,199.9900055,40.0,199.9900055,2
2,2,0,3,179.9700012,27.0,59.99000168,0
5,4,1,1,299.980011,60.0,299.980011,4
2,1,1,1,299.980011,30.0,299.980011,0
2,4,-2,2,99.95999908,12.98999977,49.97999954,2
2,2,0,4,200.0,32.0,50.0,0
2,4,-2,1,399.980011,4.0,399.980011,4
2,4,-2,1,30.0,7.5,30.0,2
2,4,-2,1,129.9900055,2.599999905,129.9900055,2
6,4,2,1,14.98999977,1.049999952,14.98999977,3
5,2,3,1,49.97999954,6.5,49.97999954,3
4,2,2,1,199.9900055,14.0,199.9900055,3
5,4,1,1,129.9900055,20.79999924,129.9900055,3
3,2,1,3,150.0,18.0,50.0,0
6,2,4,3,119.9700012,15.60000038,39.99000168,3
2,4,-2,1,461.480011,115.3700027,461.480011,4
4,2,2,5,499.9500122,59.99000168,99.98999786,1
6,4,2,3,179.9700012,32.38999939,59.99000168,3
4,4,0,4,200.0,2.0,50.0,1
4,4,0,5,250.0,12.5,50.0,1
5,2,3,1,399.980011,52.0,399.980011,4
4,4,0,1,299.980011,30.0,299.980011,4
6,4,2,1,129.9900055,11.69999981,129.9900055,3
2,1,1,1,59.99000168,3.0,59.99000168,0
6,4,2,1,199.9900055,0.0,199.9900055,3
2,1,1,1,49.97999954,2.0,49.97999954,0
2,1,1,1,299.980011,0.0,299.980011,0
4,2,2,1,59.99000168,4.199999809,59.99000168,3
3,4,-1,2,99.95999908,9.0,49.97999954,2
1,0,1,1,299.980011,12.0,299.980011,0
5,4,1,1,199.9900055,36.0,199.9900055,3
2,1,1,1,399.980011,52.0,399.980011,4
3,4,-1,1,299.980011,12.0,299.980011,2
4,4,0,1,399.980011,52.0,399.980011,4
2,4,-2,3,74.97000122,12.0,24.98999977,2
6,2,4,1,15.98999977,1.440000057,15.98999977,3
6,4,2,5,250.0,25.0,50.0,1
5,4,1,1,59.99000168,2.400000095,59.99000168,3
5,2,3,2,63.97999954,12.80000019,31.98999977,3
6,4,2,5,249.8999939,13.73999977,49.97999954,1
2,1,1,1,129.9900055,5.199999809,129.9900055,0
6,4,2,5,199.9499969,29.98999977,39.99000168,1
4,2,2,1,399.980011,20.0,399.980011,4
3,2,1,5,500.0,65.0,100.0,1
2,1,1,1,299.980011,15.0,299.980011,0
3,2,1,1,199.9900055,26.0,199.9900055,0
5,2,3,1,129.9900055,7.150000095,129.9900055,3
6,4,2,1,399.980011,72.0,399.980011,4
6,4,2,1,129.9900055,16.89999962,129.9900055,3
2,4,-2,5,250.0,25.0,50.0,2
5,4,1,1,129.9900055,9.100000381,129.9900055,3
5,2,3,5,299.9500122,35.99000168,59.99000168,1
2,4,-2,5,110.0,19.79999924,22.0,2
5,4,1,1,299.980011,6.0,299.980011,3
3,4,-1,5,199.9499969,35.99000168,39.99000168,1
2,4,-2,1,252.8800049,12.64000034,252.8800049,2
2,4,-2,5,325.0,29.25,65.0,1
2,1,1,3,299.9700012,50.99000168,99.98999786,0
2,4,-2,4,239.9600067,4.800000191,59.99000168,2
5,4,1,5,239.9499969,4.800000191,47.99000168,1
2,4,-2,2,103.9800034,5.199999809,51.99000168,2
0,0,0,4,399.9599915,71.98999786,99.98999786,0
2,1,1,5,499.9500122,99.98999786,99.98999786,1
3,4,-1,3,150.0,10.5,50.0,2
5,2,3,3,179.9700012,12.60000038,59.99000168,3
3,4,-1,3,119.9700012,19.20000076,39.99000168,2
2,4,-2,1,299.980011,54.0,299.980011,4
5,4,1,1,129.9900055,15.60000038,129.9900055,3
4,4,0,1,49.97999954,3.5,49.97999954,3
4,4,0,1,199.9900055,30.0,199.9900055,2
2,4,-2,3,119.9700012,20.38999939,39.99000168,2
2,1,1,3,119.9700012,10.80000019,39.99000168,0
5,4,1,2,119.9800034,0.0,59.99000168,3
5,4,1,5,250.0,22.5,50.0,1
3,4,-1,1,199.9900055,40.0,199.9900055,2
6,4,2,1,39.99000168,6.800000191,39.99000168,3
5,2,3,3,150.0,19.5,50.0,3
2,4,-2,4,239.9600067,24.0,59.99000168,2
5,2,3,1,129.9900055,23.39999962,129.9900055,3
4,4,0,1,452.0400085,9.039999962,452.0400085,4
2,4,-2,1,129.9900055,7.150000095,129.9900055,2
2,2,0,1,210.8500061,10.53999996,210.8500061,0
6,4,2,1,129.9900055,26.0,129.9900055,3
4,4,0,3,149.9400024,22.48999977,49.97999954,1
6,4,2,5,249.8999939,39.97999954,49.97999954,1
2,4,-2,4,239.9600067,59.99000168,59.99000168,2
5,4,1,5,249.8999939,24.98999977,49.97999954,1
2,1,1,5,250.0,12.5,50.0,0
5,2,3,4,399.9599915,67.98999786,99.98999786,1
4,4,0,1,129.9900055,7.150000095,129.9900055,3
2,1,1,1,399.980011,8.0,399.980011,4
4,4,0,1,129.9900055,11.69999981,129.9900055,3
4,2,2,1,452.0400085,54.24000168,452.0400085,4
2,2,0,2,119.9800034,2.400000095,59.99000168,0
5,4,1,1,199.9900055,32.0,199.9900055,3
2,4,-2,1,129.9900055,20.79999924,129.9900055,2
6,2,4,1,129.9900055,0.0,129.9900055,3
4,4,0,1,399.980011,80.0,399.980011,4
2,1,1,3,119.9700012,23.98999977,39.99000168,0
6,4,2,3,299.9700012,12.0,99.98999786,3
6,4,2,3,269.9700012,32.40000153,89.98999786,1
4,2,2,1,129.9900055,3.900000095,129.9900055,3
2,1,1,1,31.07999992,3.109999895,31.07999992,0
6,4,2,1,399.980011,0.0,399.980011,4
2,4,-2,1,299.980011,75.0,299.980011,4
0,0,0,5,250.0,32.5,50.0,0
4,2,2,1,24.98999977,4.0,24.98999977,3
2,4,-2,1,199.9900055,8.0,199.9900055,2
2,1,1,1,49.97999954,1.5,49.97999954,0
2,4,-2,2,100.0,20.0,50.0,2
5,4,1,1,50.0,4.5,50.0,3
6,2,4,1,129.9900055,23.39999962,129.9900055,3
6,2,4,3,299.9700012,0.0,99.98999786,3
6,2,4,1,399.980011,12.0,399.980011,4
2,2,0,1,399.980011,36.0,399.980011,4
3,4,-1,2,79.98000336,20.0,39.99000168,2
3,4,-1,1,399.980011,64.0,399.980011,4
3,4,-1,3,299.9700012,59.99000168,99.98999786,1
4,2,2,4,239.9600067,0.0,59.99000168,1
3,4,-1,1,299.980011,51.0,299.980011,4
2,4,-2,1,99.98999786,5.0,99.98999786,2
2,1,1,3,47.97000122,7.679999828,15.98999977,0
3,4,-1,1,199.9900055,20.0,199.9900055,2
5,2,3,3,119.9700012,21.59000015,39.99000168,3
2,1,1,1,129.9900055,0.0,129.9900055,0
5,4,1,1,399.980011,16.0,399.980011,4
6,4,2,1,129.9900055,22.10000038,129.9900055,3
4,4,0,1,461.480011,69.22000122,461.480011,4
2,2,0,3,179.9700012,9.899999619,59.99000168,0
2,1,1,3,149.9400024,7.5,49.97999954,0
4,2,2,3,150.0,13.5,50.0,3
4,2,2,1,59.99000168,7.800000191,59.99000168,3
5,4,1,1,299.980011,51.0,299.980011,4
3,4,-1,3,95.97000122,19.19000053,31.98999977,2
4,2,2,1,215.8200073,4.320000172,215.8200073,3
3,4,-1,2,100.0,25.0,50.0,2
3,2,1,1,199.9900055,10.0,199.9900055,0
5,4,1,5,250.0,45.0,50.0,1
5,2,3,1,39.99000168,2.0,39.99000168,3
2,1,1,3,149.9400024,14.98999977,49.97999954,0
2,4,-2,1,399.980011,68.0,399.980011,4
6,4,2,2,79.98000336,5.599999905,39.99000168,3
4,2,2,1,129.9900055,5.199999809,129.9900055,3
3,4,-1,3,179.9700012,3.599999905,59.99000168,2
6,4,2,1,129.9900055,11.69999981,129.9900055,3
5,4,1,3,104.9700012,16.79999924,34.99000168,3
2,1,1,3,149.9400024,7.5,49.97999954,0
6,4,2,4,120.0,8.399999619,30.0,1
6,4,2,2,99.95999908,7.0,49.97999954,3
2,1,1,1,399.980011,72.0,399.980011,4
5,2,3,1,129.9900055,6.5,129.9900055,3
3,2,1,1,129.9900055,26.0,129.9900055,0
1,0,1,1,299.980011,75.0,299.980011,4
3,2,1,2,69.98000336,3.849999905,34.99000168,0
1,0,1,1,129.9900055,20.79999924,129.9900055,0
6,4,2,5,250.0,12.5,50.0,1
4,4,0,1,199.9900055,24.0,199.9900055,2
3,4,-1,3,149.9400024,29.98999977,49.97999954,2
4,4,0,1,461.480011,18.45999908,461.480011,4
1,0,1,3,74.97000122,1.5,24.98999977,0
5,4,1,2,109.9400024,21.98999977,54.97000122,3
4,4,0,5,250.0,32.5,50.0,1
3,2,1,5,124.9499969,6.25,24.98999977,1
2,2,0,1,299.980011,21.0,299.980011,4
5,2,3,2,119.9800034,3.599999905,59.99000168,3
0,0,0,1,129.9900055,2.599999905,129.9900055,0
2,4,-2,3,149.9400024,29.98999977,49.97999954,2
6,2,4,1,49.97999954,1.0,49.97999954,3
4,4,0,1,129.9900055,7.150000095,129.9900055,3
3,4,-1,4,199.9199982,0.0,49.97999954,2
3,4,-1,1,50.0,6.5,50.0,2
2,1,1,1,199.9900055,24.0,199.9900055,0
4,2,2,1,50.0,2.75,50.0,3
2,4,-2,1,50.0,8.5,50.0,2
3,4,-1,1,59.99000168,5.400000095,59.99000168,2
6,4,2,2,99.95999908,1.0,49.97999954,3
5,2,3,2,39.97999954,0.800000012,19.98999977,3
2,1,1,4,399.9599915,22.0,99.98999786,0
3,4,-1,1,129.9900055,11.69999981,129.9900055,2
5,4,1,1,129.9900055,16.89999962,129.9900055,3
5,4,1,1,299.980011,3.0,299.980011,3
3,4,-1,3,74.97000122,9.0,24.98999977,2
0,0,0,1,215.8200073,28.05999947,215.8200073,0
6,2,4,4,199.9199982,33.99000168,49.97999954,1
5,4,1,3,149.9400024,8.25,49.97999954,3
2,1,1,1,99.98999786,16.0,99.98999786,0
2,2,0,3,119.9700012,0.0,39.99000168,0
0,0,0,1,399.980011,72.0,399.980011,4
5,2,3,1,99.98999786,3.0,99.98999786,3
3,4,-1,1,399.980011,4.0,399.980011,4
3,4,-1,2,99.95999908,2.0,49.97999954,2
4,4,0,5,499.9500122,25.0,99.98999786,1
3,2,1,1,199.9900055,0.0,199.9900055,0
6,2,4,1,299.980011,48.0,299.980011,4
2,1,1,4,159.9600067,11.19999981,39.99000168,0
5,4,1,1,399.980011,4.0,399.980011,4
6,4,2,1,59.99000168,0.0,59.99000168,3
3,2,1,3,149.9400024,8.25,49.97999954,0
5,4,1,1,129.9900055,32.5,129.9900055,3
3,4,-1,5,299.9500122,30.0,59.99000168,1
3,4,-1,3,179.9700012,18.0,59.99000168,2
0,0,0,2,100.0,18.0,50.0,0
2,4,-2,1,129.9900055,23.39999962,129.9900055,2
2,1,1,2,79.98000336,3.200000048,39.99000168,0
2,4,-2,1,129.9900055,7.150000095,129.9900055,2
2,4,-2,5,199.9499969,18.0,39.99000168,2
5,2,3,4,199.9199982,11.0,49.97999954,1
3,4,-1,1,299.980011,3.0,299.980011,2
5,4,1,1,399.980011,8.0,399.980011,4
3,4,-1,3,299.9700012,27.0,99.98999786,2
5,4,1,5,249.8999939,24.98999977,49.97999954,1
2,4,-2,5,199.9499969,35.99000168,39.99000168,2
3,4,-1,1,129.9900055,20.79999924,129.9900055,2
2,4,-2,1,215.8200073,28.05999947,215.8200073,2
6,4,2,3,150.0,13.5,50.0,3
2,1,1,3,150.0,7.5,50.0,0
3,4,-1,4,87.95999908,15.82999992,21.98999977,2
6,4,2,1,59.99000168,9.600000381,59.99000168,3
5,2,3,3,150.0,30.0,50.0,3
2,1,1,2,199.9799957,4.0,99.98999786,0
3,4,-1,1,19.98999977,0.400000006,19.98999977,2
5,4,1,4,200.0,34.0,50.0,1
6,4,2,5,299.9500122,0.0,59.99000168,1
2,1,1,1,49.97999954,10.0,49.97999954,0
3,4,-1,1,199.9900055,4.0,199.9900055,2
3,4,-1,1,129.9900055,19.5,129.9900055,2
4,4,0,1,399.980011,16.0,399.980011,4
0,0,0,1,189.0,1.889999986,189.0,0
4,4,0,3,119.9700012,1.200000048,39.99000168,2
3,4,-1,1,50.0,4.5,50.0,2
6,4,2,1,50.0,2.0,50.0,3
3,4,-1,1,129.9900055,11.69999981,129.9900055,2
3,2,1,4,199.9199982,23.98999977,49.97999954,1
3,4,-1,5,250.0,45.0,50.0,1
4,2,2,4,199.9199982,19.98999977,49.97999954,1
2,4,-2,3,150.0,10.5,50.0,2
4,4,0,2,199.9799957,11.0,99.98999786,2
2,4,-2,1,399.980011,16.0,399.980011,4
4,4,0,1,399.980011,4.0,399.980011,4
2,1,1,1,50.0,1.0,50.0,0
5,4,1,4,200.0,10.0,50.0,1
4,4,0,2,100.0,7.0,50.0,3
2,2,0,1,399.980011,80.0,399.980011,4
6,4,2,1,299.980011,54.0,299.980011,4
2,1,1,4,399.9599915,79.98999786,99.98999786,1
0,0,0,1,50.0,8.0,50.0,0
4,4,0,1,59.99000168,15.0,59.99000168,3
2,1,1,5,250.0,10.0,50.0,0
2,1,1,1,129.9900055,7.150000095,129.9900055,0
3,4,-1,4,200.0,36.0,50.0,1
3,4,-1,1,299.980011,30.0,299.980011,4
3,2,1,1,299.980011,48.0,299.980011,4
2,1,1,1,129.9900055,19.5,129.9900055,0
3,4,-1,4,399.9599915,28.0,99.98999786,1
2,4,-2,1,129.9900055,13.0,129.9900055,2
3,4,-1,2,99.95999908,10.0,49.97999954,2
6,4,2,2,99.95999908,10.0,49.97999954,3
4,4,0,3,59.97000122,0.600000024,19.98999977,3
2,1,1,1,50.0,7.5,50.0,0
3,4,-1,2,99.95999908,5.0,49.97999954,2
2,1,1,2,119.9800034,8.399999619,59.99000168,0
2,4,-2,1,49.97999954,6.5,49.97999954,2
6,2,4,1,1500.0,270.0,1500.0,4
0,0,0,1,299.980011,3.0,299.980011,0
3,2,1,1,59.99000168,10.80000019,59.99000168,0
6,4,2,5,250.0,12.5,50.0,1
2,1,1,4,239.9600067,43.18999863,59.99000168,0
2,4,-2,1,39.75,7.159999847,39.75,2
2,4,-2,1,99.98999786,16.0,99.98999786,2
3,4,-1,1,50.0,7.5,50.0,2
0,0,0,1,50.0,7.5,50.0,0
2,4,-2,1,299.980011,51.0,299.980011,4
5,4,1,3,155.9700012,4.679999828,51.99000168,3
5,4,1,1,299.980011,21.0,299.980011,4
5,4,1,3,179.9700012,30.59000015,59.99000168,1
0,0,0,1,129.9900055,1.299999952,129.9900055,0
6,4,2,1,199.9900055,11.0,199.9900055,3
6,2,4,1,299.980011,39.0,299.980011,4
5,2,3,2,99.95999908,19.98999977,49.97999954,3
5,4,1,5,499.9500122,89.98999786,99.98999786,1
2,4,-2,1,1500.0,300.0,1500.0,4
2,1,1,1,199.9900055,40.0,199.9900055,0
3,4,-1,1,59.99000168,9.600000381,59.99000168,2
2,2,0,1,129.9900055,5.199999809,129.9900055,0
4,4,0,1,50.0,0.5,50.0,3
3,4,-1,5,250.0,42.5,50.0,1
2,4,-2,5,299.9500122,6.0,59.99000168,2
2,1,1,2,119.9800034,24.0,59.99000168,0
5,4,1,4,239.9600067,13.19999981,59.99000168,1
5,2,3,4,199.9199982,17.98999977,49.97999954,1
4,4,0,1,199.9900055,26.0,199.9900055,2
2,2,0,5,199.9499969,29.98999977,39.99000168,1
5,4,1,1,299.980011,60.0,299.980011,4
2,1,1,1,129.9900055,15.60000038,129.9900055,0
2,1,1,1,129.9900055,2.599999905,129.9900055,0
2,1,1,1,399.980011,22.0,399.980011,4
5,4,1,1,399.980011,72.0,399.980011,4
6,4,2,2,100.0,20.0,50.0,3
2,2,0,1,399.980011,64.0,399.980011,4
5,2,3,1,50.0,0.0,50.0,3
4,4,0,4,199.9199982,4.0,49.97999954,1
2,4,-2,1,299.980011,60.0,299.980011,4
5,4,1,1,399.980011,12.0,399.980011,4
6,4,2,1,199.9900055,10.0,199.9900055,3
3,4,-1,1,59.99000168,10.80000019,59.99000168,2
2,2,0,1,299.980011,6.0,299.980011,0
5,4,1,2,19.97999954,1.0,9.989999771,3
3,4,-1,1,39.99000168,0.800000012,39.99000168,2
3,4,-1,2,199.9799957,32.0,99.98999786,2
5,4,1,2,199.9799957,4.0,99.98999786,3
5,4,1,4,200.0,26.0,50.0,1
2,4,-2,3,119.9700012,8.399999619,39.99000168,2
2,1,1,1,461.480011,9.229999542,461.480011,4
3,2,1,1,199.9900055,30.0,199.9900055,0
3,4,-1,1,399.980011,64.0,399.980011,4
5,4,1,1,399.980011,22.0,399.980011,4
4,2,2,1,39.99000168,10.0,39.99000168,3
3,4,-1,1,299.980011,60.0,299.980011,4
2,4,-2,1,199.9900055,8.0,199.9900055,2
6,4,2,1,50.0,12.5,50.0,3
3,2,1,2,119.9800034,6.0,59.99000168,0
3,4,-1,3,150.0,37.5,50.0,2
4,4,0,3,149.9400024,19.48999977,49.97999954,1
2,1,1,1,51.99000168,9.359999657,51.99000168,0
2,4,-2,4,239.9600067,59.99000168,59.99000168,2
3,4,-1,1,299.980011,27.0,299.980011,4
0,0,0,2,119.9800034,14.39999962,59.99000168,0
6,4,2,1,199.9900055,10.0,199.9900055,3
6,4,2,1,199.9900055,2.0,199.9900055,3
0,0,0,1,44.99000168,6.75,44.99000168,0
2,2,0,5,250.0,40.0,50.0,1
4,2,2,1,399.980011,68.0,399.980011,4
3,4,-1,4,239.9600067,9.600000381,59.99000168,2
5,2,3,2,99.95999908,4.0,49.97999954,3
2,4,-2,1,299.980011,30.0,299.980011,2
2,2,0,1,49.97999954,2.5,49.97999954,0
2,1,1,4,200.0,10.0,50.0,0
3,4,-1,1,129.9900055,16.89999962,129.9900055,2
2,4,-2,5,249.8999939,62.47999954,49.97999954,1
5,4,1,1,399.980011,20.0,399.980011,4
2,4,-2,4,399.9599915,20.0,99.98999786,2
5,4,1,1,129.9900055,11.69999981,129.9900055,3
2,4,-2,3,149.9400024,3.0,49.97999954,2
2,4,-2,5,299.9500122,44.99000168,59.99000168,1
3,4,-1,5,250.0,10.0,50.0,1
1,0,1,1,252.8800049,42.99000168,252.8800049,0
3,4,-1,1,199.9900055,11.0,199.9900055,2
2,4,-2,1,129.9900055,13.0,129.9900055,2
2,1,1,1,299.980011,48.0,299.980011,4
5,2,3,1,199.9900055,10.0,199.9900055,3
4,4,0,1,129.9900055,13.0,129.9900055,3
2,4,-2,2,100.0,17.0,50.0,2
5,4,1,1,129.9900055,15.60000038,129.9900055,3
2,4,-2,1,49.97999954,0.0,49.97999954,2
5,4,1,1,199.9900055,10.0,199.9900055,3
4,4,0,4,200.0,32.0,50.0,1
2,2,0,4,199.9199982,6.0,49.97999954,0
6,4,2,1,399.980011,8.0,399.980011,4
4,4,0,2,199.9799957,4.0,99.98999786,2
5,4,1,5,299.9500122,12.0,59.99000168,1
4,4,0,1,299.980011,27.0,299.980011,4
5,4,1,5,250.0,37.5,50.0,1
2,1,1,3,179.9700012,0.0,59.99000168,0
4,4,0,4,200.0,32.0,50.0,1
5,4,1,1,129.9900055,11.69999981,129.9900055,3
2,1,1,1,199.9900055,4.0,199.9900055,0
6,4,2,2,140.0,0.0,70.0,3
6,2,4,2,39.97999954,6.0,19.98999977,3
4,2,2,1,199.9900055,26.0,199.9900055,3
2,1,1,1,199.9900055,20.0,199.9900055,0
0,0,0,1,199.9900055,20.0,199.9900055,0
2,2,0,5,199.9499969,25.98999977,39.99000168,1
2,1,1,3,149.9400024,13.48999977,49.97999954,0
0,0,0,1,129.9900055,3.900000095,129.9900055,0
2,1,1,1,59.99000168,3.0,59.99000168,0
3,4,-1,2,119.9800034,4.800000191,59.99000168,2
5,4,1,5,199.9499969,14.0,39.99000168,1
2,1,1,5,299.9500122,30.0,59.99000168,1
5,4,1,1,129.9900055,9.100000381,129.9900055,3
3,4,-1,5,249.8999939,24.98999977,49.97999954,1
6,4,2,5,499.9500122,35.0,99.98999786,1
2,1,1,1,199.9900055,4.0,199.9900055,0
3,4,-1,1,24.98999977,6.25,24.98999977,2
4,4,0,3,150.0,37.5,50.0,1
3,4,-1,2,119.9800034,0.0,59.99000168,2
6,4,2,5,250.0,7.5,50.0,1
4,4,0,5,299.9500122,3.0,59.99000168,1
2,1,1,1,199.9900055,4.0,199.9900055,0
4,2,2,4,200.0,20.0,50.0,1
4,4,0,4,399.9599915,48.0,99.98999786,1
2,1,1,1,129.9900055,9.100000381,129.9900055,0
5,4,1,4,159.9600067,3.200000048,39.99000168,1
5,4,1,1,299.980011,12.0,299.980011,4
4,2,2,1,357.1000061,60.70999908,357.1000061,4
5,2,3,1,399.980011,20.0,399.980011,4
3,2,1,3,149.9400024,4.5,49.97999954,0
3,4,-1,2,99.95999908,5.0,49.97999954,2
2,1,1,2,99.95999908,0.0,49.97999954,0
5,4,1,5,499.9500122,35.0,99.98999786,1
2,4,-2,2,79.98000336,2.400000095,39.99000168,2
6,4,2,3,150.0,7.5,50.0,3
2,1,1,1,199.9900055,11.0,199.9900055,0
2,1,1,5,250.0,12.5,50.0,0
6,4,2,1,30.0,3.900000095,30.0,3
6,4,2,1,50.0,0.5,50.0,3
4,4,0,1,49.97999954,2.0,49.97999954,3
5,4,1,4,199.9199982,10.0,49.97999954,1
4,4,0,1,299.980011,30.0,299.980011,4
3,4,-1,1,59.99000168,15.0,59.99000168,2
6,4,2,1,129.9900055,6.5,129.9900055,3
3,2,1,1,399.980011,16.0,399.980011,4
2,1,1,2,119.9800034,19.20000076,59.99000168,0
6,2,4,4,199.9199982,8.0,49.97999954,3
3,4,-1,1,399.980011,4.0,399.980011,4
4,2,2,1,299.980011,3.0,299.980011,3
2,1,1,1,399.980011,80.0,399.980011,4
2,4,-2,1,199.9900055,0.0,199.9900055,2
6,4,2,2,49.97999954,2.0,24.98999977,3
2,1,1,1,50.0,10.0,50.0,0
0,0,0,1,210.8500061,52.70999908,210.8500061,0
5,2,3,1,399.980011,4.0,399.980011,4
0,0,0,1,199.9900055,34.0,199.9900055,0
5,4,1,2,199.9799957,4.0,99.98999786,3
6,4,2,1,199.9900055,4.0,199.9900055,3
3,4,-1,1,129.9900055,15.60000038,129.9900055,2
3,2,1,1,299.980011,9.0,299.980011,4
2,1,1,5,124.9499969,8.75,24.98999977,0
5,2,3,1,299.980011,0.0,299.980011,3
2,2,0,2,100.0,2.0,50.0,0
5,4,1,1,29.98999977,0.899999976,29.98999977,3
1,0,1,1,129.9900055,19.5,129.9900055,0
2,1,1,1,299.980011,15.0,299.980011,0
4,4,0,1,299.980011,12.0,299.980011,4
2,1,1,5,250.0,32.5,50.0,0
3,4,-1,1,399.980011,22.0,399.980011,4
4,4,0,1,39.99000168,2.0,39.99000168,3
2,4,-2,5,299.9500122,27.0,59.99000168,1
2,2,0,4,239.9600067,13.19999981,59.99000168,0
2,2,0,5,250.0,0.0,50.0,1
2,1,1,1,199.9900055,2.0,199.9900055,0
4,4,0,1,299.980011,45.0,299.980011,4
6,4,2,2,99.95999908,3.0,49.97999954,3
4,2,2,1,129.9900055,9.100000381,129.9900055,3
2,4,-2,1,59.99000168,7.800000191,59.99000168,2
3,4,-1,1,129.9900055,3.900000095,129.9900055,2
6,4,2,1,299.980011,36.0,299.980011,4
2,1,1,4,200.0,8.0,50.0,0
1,0,1,2,100.0,16.0,50.0,0
3,4,-1,1,49.97999954,6.5,49.97999954,2
0,0,0,1,129.9900055,26.0,129.9900055,0
2,1,1,1,129.9900055,22.10000038,129.9900055,0
2,1,1,1,199.9900055,4.0,199.9900055,0
6,2,4,1,399.980011,68.0,399.980011,4
3,4,-1,5,250.0,10.0,50.0,1
3,2,1,5,299.9500122,21.0,59.99000168,1
6,4,2,1,199.9900055,20.0,199.9900055,3
6,4,2,1,50.0,2.75,50.0,3
5,2,3,2,39.97999954,1.200000048,19.98999977,3
4,4,0,1,399.980011,68.0,399.980011,4
2,1,1,1,129.9900055,20.79999924,129.9900055,0
3,4,-1,1,129.9900055,5.199999809,129.9900055,2
6,4,2,1,44.99000168,11.25,44.99000168,3
0,0,0,1,199.9900055,30.0,199.9900055,0
6,4,2,1,199.9900055,4.0,199.9900055,3
4,4,0,1,349.9899902,19.25,349.9899902,4
6,4,2,2,119.9800034,3.599999905,59.99000168,3
2,1,1,3,75.0,13.5,25.0,0
2,1,1,1,199.9900055,30.0,199.9900055,0
5,4,1,1,39.99000168,1.200000048,39.99000168,3
0,0,0,5,199.9499969,31.98999977,39.99000168,0
2,1,1,1,299.980011,45.0,299.980011,4
0,0,0,1,49.97999954,0.0,49.97999954,0
2,1,1,1,299.980011,6.0,299.980011,0
2,1,1,1,99.98999786,10.0,99.98999786,0
2,4,-2,4,100.0,1.0,25.0,2
2,1,1,5,249.8999939,62.47999954,49.97999954,1
3,2,1,1,59.99000168,2.400000095,59.99000168,0
4,4,0,1,129.9900055,9.100000381,129.9900055,3
6,4,2,1,299.980011,6.0,299.980011,3
2,1,1,1,399.980011,0.0,399.980011,4
4,4,0,2,99.95999908,10.0,49.97999954,3
2,4,-2,1,59.99000168,6.0,59.99000168,2
2,1,1,3,179.9700012,9.899999619,59.99000168,0
0,0,0,1,199.9900055,32.0,199.9900055,0
6,4,2,1,399.980011,28.0,399.980011,4
2,4,-2,1,299.980011,48.0,299.980011,4
3,2,1,3,150.0,6.0,50.0,0
5,4,1,3,66.0,3.630000114,22.0,3
4,4,0,1,129.9900055,3.900000095,129.9900055,3
2,1,1,1,129.9900055,5.199999809,129.9900055,0
2,1,1,1,299.980011,21.0,299.980011,0
6,2,4,1,199.9900055,26.0,199.9900055,3
3,4,-1,4,399.9599915,4.0,99.98999786,1
3,4,-1,5,299.9500122,59.99000168,59.99000168,1
3,2,1,1,129.9900055,6.5,129.9900055,0
6,4,2,1,452.0400085,13.56000042,452.0400085,4
6,4,2,1,84.40000153,3.380000114,84.40000153,3
5,2,3,5,249.8999939,7.5,49.97999954,1
4,4,0,5,199.9499969,11.0,39.99000168,1
4,2,2,2,100.0,16.0,50.0,3
3,4,-1,5,250.0,50.0,50.0,1
3,2,1,5,159.9499969,31.98999977,31.98999977,1
2,4,-2,1,399.980011,28.0,399.980011,4
4,4,0,4,200.0,6.0,50.0,1
3,2,1,1,399.980011,100.0,399.980011,4
4,2,2,5,199.9499969,23.98999977,39.99000168,1
0,0,0,2,100.0,4.0,50.0,0
6,2,4,5,199.9499969,25.98999977,39.99000168,1
2,1,1,3,179.9700012,1.799999952,59.99000168,0
2,1,1,2,99.95999908,10.0,49.97999954,0
3,4,-1,4,399.9599915,28.0,99.98999786,1
5,4,1,2,99.95999908,4.0,49.97999954,3
0,0,0,2,99.95999908,3.0,49.97999954,0
2,1,1,1,39.99000168,1.200000048,39.99000168,0
5,4,1,4,239.9600067,38.38999939,59.99000168,1
1,0,1,4,199.9199982,8.0,49.97999954,0
5,4,1,4,239.9600067,59.99000168,59.99000168,1
4,4,0,1,399.980011,60.0,399.980011,4
5,4,1,1,299.980011,6.0,299.980011,3
2,1,1,3,150.0,6.0,50.0,0
6,4,2,5,299.9500122,15.0,59.99000168,1
2,2,0,1,199.9900055,32.0,199.9900055,0
4,2,2,4,200.0,10.0,50.0,1
6,4,2,5,499.9500122,45.0,99.98999786,1
6,4,2,1,49.97999954,8.5,49.97999954,3
2,4,-2,5,299.9500122,50.99000168,59.99000168,1
6,2,4,5,299.9500122,21.0,59.99000168,1
3,2,1,1,399.980011,60.0,399.980011,4
2,2,0,2,100.0,17.0,50.0,0
2,1,1,1,199.9900055,24.0,199.9900055,0
5,4,1,2,100.0,20.0,50.0,3
3,2,1,2,119.9800034,0.0,59.99000168,0
5,2,3,1,399.980011,60.0,399.980011,4
4,4,0,1,129.9900055,20.79999924,129.9900055,3
4,4,0,1,39.99000168,2.799999952,39.99000168,3
3,4,-1,1,399.980011,22.0,399.980011,4
5,2,3,1,399.980011,12.0,399.980011,4
6,4,2,1,50.0,5.0,50.0,3
3,4,-1,1,199.9900055,40.0,199.9900055,2
2,1,1,1,399.980011,48.0,399.980011,4
6,4,2,1,299.980011,54.0,299.980011,4
6,4,2,5,299.9500122,47.99000168,59.99000168,1
5,4,1,1,199.9900055,2.0,199.9900055,3
2,4,-2,1,129.9900055,0.0,129.9900055,2
2,1,1,1,129.9900055,5.199999809,129.9900055,0
2,4,-2,1,399.980011,100.0,399.980011,4
6,2,4,4,200.0,4.0,50.0,3
4,4,0,1,31.98999977,4.159999847,31.98999977,3
4,4,0,3,119.9700012,12.0,39.99000168,2
3,4,-1,3,74.97000122,9.0,24.98999977,2
2,4,-2,1,299.980011,45.0,299.980011,2
5,2,3,4,159.9600067,4.800000191,39.99000168,1
4,4,0,1,129.9900055,16.89999962,129.9900055,3
2,1,1,2,99.95999908,15.98999977,49.97999954,0
0,0,0,5,299.9500122,27.0,59.99000168,0
3,2,1,1,129.9900055,23.39999962,129.9900055,0
5,2,3,4,199.9199982,17.98999977,49.97999954,1
3,2,1,4,200.0,14.0,50.0,1
5,4,1,1,39.75,5.170000076,39.75,3
2,1,1,3,299.9700012,27.0,99.98999786,0
3,4,-1,1,399.980011,100.0,399.980011,4
2,1,1,1,299.980011,60.0,299.980011,4
6,4,2,1,199.9900055,40.0,199.9900055,3
4,4,0,5,299.9500122,0.0,59.99000168,1
2,1,1,1,199.9900055,26.0,199.9900055,0
6,4,2,5,149.9499969,1.5,29.98999977,1
3,4,-1,5,299.9500122,59.99000168,59.99000168,1
2,1,1,1,299.980011,3.0,299.980011,0
6,4,2,1,129.9900055,0.0,129.9900055,3
2,2,0,1,199.9900055,2.0,199.9900055,0
2,1,1,3,150.0,4.5,50.0,0
2,1,1,3,179.9700012,9.899999619,59.99000168,0
4,2,2,2,119.9800034,6.0,59.99000168,3
3,2,1,1,129.9900055,32.5,129.9900055,0
6,4,2,4,199.9199982,49.97999954,49.97999954,1
2,2,0,1,199.9900055,20.0,199.9900055,0
2,4,-2,3,149.9400024,37.49000168,49.97999954,2
5,2,3,1,299.980011,54.0,299.980011,4
2,2,0,3,164.9100037,0.0,54.97000122,0
4,4,0,1,399.980011,12.0,399.980011,4
5,4,1,1,84.40000153,12.65999985,84.40000153,3
6,4,2,2,119.9800034,24.0,59.99000168,3
2,1,1,4,399.9599915,36.0,99.98999786,0
2,1,1,1,399.980011,20.0,399.980011,4
6,4,2,1,24.98999977,0.75,24.98999977,3
2,4,-2,1,399.980011,100.0,399.980011,4
3,2,1,1,129.9900055,26.0,129.9900055,0
2,4,-2,3,149.9400024,0.0,49.97999954,2
3,4,-1,1,399.980011,0.0,399.980011,4
2,4,-2,1,129.9900055,20.79999924,129.9900055,2
2,2,0,1,199.9900055,6.0,199.9900055,0
2,1,1,4,199.9199982,25.98999977,49.97999954,0
6,4,2,1,31.98999977,5.119999886,31.98999977,3
5,4,1,1,260.6499939,14.34000015,260.6499939,3
5,4,1,1,59.99000168,0.0,59.99000168,3
2,4,-2,1,199.9900055,30.0,199.9900055,2
4,4,0,5,499.9500122,59.99000168,99.98999786,1
2,1,1,3,195.0,48.75,65.0,0
0,0,0,1,399.980011,64.0,399.980011,4
5,4,1,1,199.9900055,24.0,199.9900055,3
1,0,1,2,100.0,16.0,50.0,0
6,4,2,5,299.9500122,0.0,59.99000168,1
2,1,1,1,399.980011,48.0,399.980011,4
2,1,1,2,99.95999908,9.0,49.97999954,0
6,4,2,1,51.99000168,5.199999809,51.99000168,3
4,2,2,1,260.6499939,5.210000038,260.6499939,3
6,4,2,1,49.97999954,2.5,49.97999954,3
5,4,1,1,399.980011,60.0,399.980011,4
3,4,-1,5,250.0,13.75,50.0,1
2,4,-2,3,179.9700012,30.59000015,59.99000168,2
6,4,2,1,129.9900055,2.599999905,129.9900055,3
5,2,3,1,49.97999954,8.0,49.97999954,3
3,4,-1,3,150.0,1.5,50.0,2
1,0,1,3,179.9700012,9.0,59.99000168,0
2,4,-2,4,179.9600067,1.799999952,44.99000168,2
2,4,-2,3,155.9700012,38.99000168,51.99000168,2
2,2,0,4,199.9199982,23.98999977,49.97999954,0
2,4,-2,1,129.9900055,0.0,129.9900055,2
3,4,-1,1,199.9900055,34.0,199.9900055,2
2,4,-2,1,129.9900055,1.299999952,129.9900055,2
6,4,2,4,239.9600067,13.19999981,59.99000168,1
3,2,1,1,17.98999977,1.25999999,17.98999977,0
2,1,1,1,199.9900055,8.0,199.9900055,0
5,4,1,4,199.9199982,10.0,49.97999954,1
4,4,0,1,399.980011,48.0,399.980011,4
5,4,1,4,199.9199982,8.0,49.97999954,1
3,4,-1,1,399.980011,68.0,399.980011,4
2,1,1,1,129.9900055,15.60000038,129.9900055,0
5,4,1,1,461.480011,83.0699997,461.480011,4
6,4,2,1,49.97999954,8.5,49.97999954,3
2,1,1,1,399.980011,40.0,399.980011,4
2,1,1,2,199.9799957,18.0,99.98999786,0
5,2,3,1,84.40000153,3.380000114,84.40000153,3
2,1,1,1,49.97999954,12.5,49.97999954,0
6,4,2,5,250.0,62.5,50.0,1
3,2,1,5,124.9499969,18.73999977,24.98999977,1
3,2,1,1,399.980011,64.0,399.980011,4
5,4,1,3,179.9700012,9.0,59.99000168,3
3,4,-1,1,399.980011,100.0,399.980011,4
4,4,0,1,399.980011,12.0,399.980011,4
5,4,1,1,50.0,0.0,50.0,3
3,4,-1,1,49.97999954,2.75,49.97999954,2
3,4,-1,2,99.95999908,15.98999977,49.97999954,2
2,1,1,2,99.95999908,0.0,49.97999954,0
5,2,3,1,299.980011,6.0,299.980011,3
2,4,-2,5,250.0,40.0,50.0,1
6,4,2,1,452.0400085,58.77000046,452.0400085,4
2,4,-2,1,129.9900055,5.199999809,129.9900055,2
2,4,-2,2,31.97999954,1.600000024,15.98999977,2
3,4,-1,1,299.980011,54.0,299.980011,4
4,4,0,1,299.980011,6.0,299.980011,4
5,2,3,1,215.8200073,25.89999962,215.8200073,3
2,4,-2,1,299.980011,9.0,299.980011,2
2,1,1,4,399.9599915,71.98999786,99.98999786,1
3,2,1,1,99.98999786,7.0,99.98999786,0
5,4,1,4,399.9599915,40.0,99.98999786,1
2,4,-2,4,399.9599915,99.98999786,99.98999786,1
2,1,1,1,299.980011,0.0,299.980011,0
2,1,1,4,200.0,30.0,50.0,0
5,2,3,1,399.980011,16.0,399.980011,4
5,4,1,1,399.980011,80.0,399.980011,4
2,1,1,1,59.99000168,4.199999809,59.99000168,0
3,2,1,1,39.99000168,2.799999952,39.99000168,0
3,2,1,4,399.9599915,16.0,99.98999786,1
3,4,-1,1,399.980011,68.0,399.980011,4
4,4,0,1,49.97999954,5.0,49.97999954,3
6,2,4,2,140.0,21.0,70.0,3
4,4,0,1,399.980011,22.0,399.980011,4
2,2,0,1,129.9900055,19.5,129.9900055,0
3,4,-1,3,299.9700012,6.0,99.98999786,2
2,1,1,1,50.0,6.5,50.0,0
2,1,1,1,129.9900055,19.5,129.9900055,0
6,4,2,1,59.99000168,3.0,59.99000168,3
4,4,0,2,119.9800034,20.39999962,59.99000168,2
5,4,1,2,100.0,20.0,50.0,3
2,4,-2,1,399.980011,4.0,399.980011,4
2,4,-2,1,299.980011,48.0,299.980011,4
4,2,2,1,327.75,42.61000061,327.75,4
5,4,1,5,250.0,62.5,50.0,1
3,4,-1,2,99.95999908,12.98999977,49.97999954,2
2,1,1,3,89.97000122,15.28999996,29.98999977,0
5,4,1,1,39.99000168,1.600000024,39.99000168,3
2,1,1,1,129.9900055,22.10000038,129.9900055,0
2,1,1,1,399.980011,12.0,399.980011,4
2,4,-2,1,215.8200073,4.320000172,215.8200073,2
3,4,-1,1,399.980011,48.0,399.980011,4
4,4,0,1,399.980011,68.0,399.980011,4
3,2,1,1,59.99000168,4.199999809,59.99000168,0
2,4,-2,4,239.9600067,9.600000381,59.99000168,2
6,4,2,4,239.9600067,40.79000092,59.99000168,1
3,2,1,3,179.9700012,16.20000076,59.99000168,0
2,4,-2,1,129.9900055,13.0,129.9900055,2
6,4,2,4,199.9199982,39.97999954,49.97999954,1
4,4,0,1,199.9900055,50.0,199.9900055,4
3,4,-1,1,199.9900055,34.0,199.9900055,2
2,2,0,3,149.9400024,13.48999977,49.97999954,0
2,2,0,1,399.980011,72.0,399.980011,4
3,4,-1,1,399.980011,4.0,399.980011,4
6,4,2,5,125.0,22.5,25.0,1
6,4,2,4,239.9600067,24.0,59.99000168,1
2,4,-2,1,129.9900055,6.5,129.9900055,2
5,4,1,1,129.9900055,6.5,129.9900055,3
5,2,3,1,299.980011,36.0,299.980011,4
3,4,-1,5,199.9499969,23.98999977,39.99000168,1
4,4,0,1,24.98999977,2.25,24.98999977,3
3,4,-1,1,39.99000168,0.800000012,39.99000168,2
5,2,3,1,299.980011,48.0,299.980011,4
5,4,1,5,299.9500122,15.0,59.99000168,1
2,1,1,3,299.9700012,48.0,99.98999786,0
3,4,-1,1,299.980011,45.0,299.980011,4
5,2,3,1,50.0,10.0,50.0,3
3,4,-1,4,191.9600067,34.54999924,47.99000168,1
3,4,-1,1,399.980011,20.0,399.980011,4
3,4,-1,3,299.9700012,0.0,99.98999786,2
2,4,-2,1,50.0,9.0,50.0,2
2,1,1,1,299.980011,12.0,299.980011,0
3,4,-1,3,74.97000122,9.75,24.98999977,2
3,4,-1,1,399.980011,60.0,399.980011,4
2,4,-2,1,399.980011,12.0,399.980011,4
2,4,-2,3,150.0,0.0,50.0,2
3,4,-1,1,119.9899979,20.39999962,119.9899979,2
4,4,0,1,399.980011,8.0,399.980011,4
6,4,2,1,199.9900055,4.0,199.9900055,3
1,0,1,3,29.96999931,0.600000024,9.989999771,0
3,4,-1,1,532.5800171,47.93000031,532.5800171,4
6,2,4,4,239.9600067,40.79000092,59.99000168,1
5,4,1,4,239.9600067,43.18999863,59.99000168,1
2,1,1,1,299.980011,48.0,299.980011,4
6,2,4,1,129.9900055,5.199999809,129.9900055,3
2,4,-2,1,39.99000168,6.0,39.99000168,2
2,1,1,1,50.0,7.5,50.0,0
2,4,-2,1,49.97999954,3.5,49.97999954,2
2,4,-2,1,99.98999786,17.0,99.98999786,2
1,0,1,2,44.0,3.079999924,22.0,0
4,4,0,1,129.9900055,13.0,129.9900055,3
2,2,0,5,499.9500122,84.98999786,99.98999786,1
2,1,1,1,11.28999996,0.790000021,11.28999996,0
2,2,0,3,299.9700012,59.99000168,99.98999786,0
5,2,3,3,179.9700012,18.0,59.99000168,3
4,4,0,4,200.0,32.0,50.0,1
5,4,1,1,299.980011,0.0,299.980011,3
4,4,0,5,199.9499969,11.0,39.99000168,1
4,4,0,1,399.980011,36.0,399.980011,4
4,4,0,1,129.9900055,6.5,129.9900055,3
0,0,0,4,200.0,4.0,50.0,0
4,4,0,1,129.9900055,19.5,129.9900055,3
2,4,-2,3,179.9700012,18.0,59.99000168,2
2,1,1,5,499.9500122,35.0,99.98999786,1
2,4,-2,5,199.9499969,25.98999977,39.99000168,2
5,4,1,1,399.980011,20.0,399.980011,4
4,4,0,1,50.0,10.0,50.0,3
2,1,1,1,129.9900055,7.150000095,129.9900055,0
6,4,2,1,199.9900055,18.0,199.9900055,3
3,4,-1,1,119.9899979,6.0,119.9899979,2
4,4,0,1,199.9900055,30.0,199.9900055,2
4,4,0,1,399.980011,16.0,399.980011,4
3,4,-1,1,50.0,2.0,50.0,2
3,4,-1,1,329.9899902,18.14999962,329.9899902,4
5,4,1,1,199.9900055,30.0,199.9900055,3
2,1,1,5,499.9500122,0.0,99.98999786,1
2,4,-2,1,399.980011,52.0,399.980011,4
2,1,1,1,299.980011,16.5,299.980011,0
4,4,0,4,239.9600067,35.99000168,59.99000168,1
3,4,-1,1,399.980011,12.0,399.980011,4
6,4,2,5,499.9500122,20.0,99.98999786,1
6,4,2,1,99.98999786,2.0,99.98999786,3
1,0,1,1,299.980011,48.0,299.980011,0
2,2,0,1,327.75,9.829999924,327.75,4
6,4,2,1,84.40000153,0.839999974,84.40000153,3
2,1,1,1,50.0,1.5,50.0,0
3,2,1,1,299.980011,16.5,299.980011,4
3,4,-1,2,79.98000336,7.199999809,39.99000168,2
2,1,1,2,119.9800034,10.80000019,59.99000168,0
5,2,3,5,299.9500122,44.99000168,59.99000168,1
2,1,1,2,119.9800034,8.399999619,59.99000168,0
2,4,-2,1,129.9900055,22.10000038,129.9900055,2
0,0,0,1,129.9900055,23.39999962,129.9900055,0
2,1,1,5,124.9499969,16.23999977,24.98999977,0
2,1,1,2,119.9800034,12.0,59.99000168,0
3,4,-1,2,99.95999908,16.98999977,49.97999954,2
2,4,-2,1,129.9900055,0.0,129.9900055,2
2,2,0,1,299.980011,3.0,299.980011,0
4,4,0,1,129.9900055,9.100000381,129.9900055,3
2,2,0,3,179.9700012,16.20000076,59.99000168,0
5,4,1,3,150.0,6.0,50.0,3
5,2,3,1,59.99000168,9.600000381,59.99000168,3
6,2,4,1,199.9900055,6.0,199.9900055,3
6,4,2,4,239.9600067,24.0,59.99000168,1
2,1,1,1,129.9900055,19.5,129.9900055,0
2,4,-2,1,84.40000153,16.87999916,84.40000153,2
5,2,3,1,129.9900055,2.599999905,129.9900055,3
4,2,2,1,299.980011,0.0,299.980011,3
2,4,-2,4,199.9199982,19.98999977,49.97999954,2
2,1,1,4,200.0,30.0,50.0,0
2,1,1,5,250.0,17.5,50.0,0
3,4,-1,1,39.99000168,1.200000048,39.99000168,2
4,2,2,1,199.9900055,10.0,199.9900055,3
5,2,3,1,199.9900055,2.0,199.9900055,3
3,4,-1,5,299.9500122,27.0,59.99000168,1
6,4,2,2,199.9799957,10.0,99.98999786,3
2,2,0,1,129.9900055,22.10000038,129.9900055,0
2,4,-2,5,174.9499969,34.99000168,34.99000168,2
2,1,1,1,199.9900055,30.0,199.9900055,0
5,2,3,1,199.9900055,30.0,199.9900055,3
3,4,-1,1,50.0,2.0,50.0,2
2,2,0,1,461.480011,83.0699997,461.480011,4
5,2,3,1,299.980011,51.0,299.980011,4
1,0,1,1,59.99000168,10.19999981,59.99000168,0
3,4,-1,1,129.9900055,3.900000095,129.9900055,2
2,4,-2,1,299.980011,6.0,299.980011,2
5,2,3,1,59.99000168,1.799999952,59.99000168,3
2,4,-2,4,399.9599915,0.0,99.98999786,2
6,4,2,1,129.9900055,15.60000038,129.9900055,3
2,4,-2,2,100.0,15.0,50.0,2
2,1,1,5,299.9500122,0.0,59.99000168,0
3,2,1,1,49.97999954,8.5,49.97999954,0
2,1,1,4,239.9600067,12.0,59.99000168,0
4,4,0,1,299.980011,12.0,299.980011,4
4,4,0,1,129.9900055,6.5,129.9900055,3
2,4,-2,1,99.98999786,1.0,99.98999786,2
2,1,1,1,50.0,6.5,50.0,0
5,4,1,5,299.9500122,53.99000168,59.99000168,1
4,4,0,2,99.95999908,19.98999977,49.97999954,3
6,2,4,3,149.9400024,13.48999977,49.97999954,3
2,1,1,5,250.0,45.0,50.0,1
4,4,0,2,119.9800034,6.0,59.99000168,3
5,4,1,4,200.0,30.0,50.0,1
3,2,1,1,39.99000168,3.599999905,39.99000168,0
2,1,1,5,299.9500122,16.5,59.99000168,0
2,4,-2,1,199.9900055,14.0,199.9900055,2
2,4,-2,3,149.9400024,10.5,49.97999954,2
3,4,-1,1,129.9900055,7.150000095,129.9900055,2
6,4,2,1,299.980011,39.0,299.980011,4
2,2,0,1,124.9899979,21.25,124.9899979,0
3,4,-1,1,199.9900055,10.0,199.9900055,2
5,4,1,5,250.0,50.0,50.0,1
6,4,2,1,59.99000168,2.400000095,59.99000168,3
2,4,-2,1,59.99000168,0.600000024,59.99000168,2
6,2,4,2,100.0,20.0,50.0,3
0,0,0,3,149.9400024,23.98999977,49.97999954,0
2,1,1,1,129.9900055,3.900000095,129.9900055,0
5,4,1,2,199.9799957,32.0,99.98999786,3
0,0,0,4,239.9600067,4.800000191,59.99000168,0
2,1,1,2,99.95999908,19.98999977,49.97999954,0
4,2,2,1,532.5800171,15.97999954,532.5800171,4
2,1,1,1,399.980011,22.0,399.980011,4
3,4,-1,3,299.9700012,0.0,99.98999786,2
2,4,-2,4,199.9199982,49.97999954,49.97999954,2
5,2,3,1,129.9900055,19.5,129.9900055,3
2,4,-2,1,399.980011,52.0,399.980011,4
5,2,3,1,24.98999977,1.0,24.98999977,3
4,4,0,2,99.95999908,10.0,49.97999954,3
5,4,1,1,299.980011,60.0,299.980011,4
2,1,1,1,199.9900055,8.0,199.9900055,0
3,4,-1,5,199.9499969,25.98999977,39.99000168,1
2,4,-2,1,129.9900055,15.60000038,129.9900055,2
2,4,-2,1,252.8800049,30.35000038,252.8800049,2
5,4,1,1,129.9900055,9.100000381,129.9900055,3
2,1,1,1,31.98999977,1.75999999,31.98999977,0
4,4,0,4,59.95999908,7.199999809,14.98999977,1
2,4,-2,1,129.9900055,23.39999962,129.9900055,2
5,4,1,1,399.980011,0.0,399.980011,4
4,2,2,1,199.9900055,14.0,199.9900055,3
6,4,2,1,532.5800171,37.27999878,532.5800171,4
1,0,1,1,129.9900055,3.900000095,129.9900055,0
5,4,1,1,129.9900055,22.10000038,129.9900055,3
6,4,2,5,299.9500122,21.0,59.99000168,1
6,4,2,2,119.9800034,21.60000038,59.99000168,3
3,2,1,5,199.9499969,4.0,39.99000168,1
2,4,-2,1,129.9900055,7.150000095,129.9900055,2
6,4,2,4,400.0,20.0,100.0,1
0,0,0,4,200.0,18.0,50.0,0
2,1,1,2,100.0,13.0,50.0,0
3,4,-1,2,100.0,3.0,50.0,2
6,4,2,1,47.99000168,0.479999989,47.99000168,3
0,0,0,5,250.0,22.5,50.0,0
2,4,-2,4,159.9600067,31.98999977,39.99000168,2
5,4,1,5,299.9500122,9.0,59.99000168,1
5,4,1,1,129.9900055,0.0,129.9900055,3
5,2,3,1,31.98999977,1.279999971,31.98999977,3
3,2,1,1,199.9900055,34.0,199.9900055,0
2,1,1,1,299.980011,60.0,299.980011,4
5,2,3,1,49.97999954,2.0,49.97999954,3
2,4,-2,1,129.9900055,32.5,129.9900055,2
4,4,0,4,159.9600067,6.400000095,39.99000168,1
2,4,-2,3,119.9700012,2.400000095,39.99000168,2
2,1,1,5,139.9499969,4.199999809,27.98999977,0
4,2,2,1,39.75,5.960000038,39.75,3
2,1,1,1,39.99000168,4.800000191,39.99000168,0
5,2,3,1,199.9900055,4.0,199.9900055,3
5,4,1,1,461.480011,55.38000107,461.480011,4
2,1,1,1,299.980011,60.0,299.980011,4
2,4,-2,1,129.9900055,7.150000095,129.9900055,2
6,4,2,1,199.9900055,8.0,199.9900055,3
5,4,1,1,59.99000168,1.799999952,59.99000168,3
2,1,1,1,1500.0,300.0,1500.0,4
2,1,1,1,129.9900055,3.900000095,129.9900055,0
3,4,-1,1,59.99000168,5.400000095,59.99000168,2
2,4,-2,4,239.9600067,28.79999924,59.99000168,2
0,0,0,1,461.480011,25.37999916,461.480011,4
6,4,2,4,199.9199982,31.98999977,49.97999954,1
3,2,1,2,99.95999908,24.98999977,49.97999954,0
6,4,2,3,149.9400024,25.48999977,49.97999954,3
4,2,2,1,50.0,5.0,50.0,3
4,2,2,3,299.9700012,21.0,99.98999786,1
3,2,1,1,199.9900055,34.0,199.9900055,0
3,4,-1,1,129.9900055,26.0,129.9900055,2
5,2,3,3,149.9400024,29.98999977,49.97999954,3
2,1,1,5,199.9499969,23.98999977,39.99000168,0
2,1,1,1,299.980011,30.0,299.980011,0
4,4,0,4,399.9599915,22.0,99.98999786,1
4,4,0,4,239.9600067,47.99000168,59.99000168,1
4,4,0,1,299.980011,6.0,299.980011,4
4,4,0,1,399.980011,28.0,399.980011,4
5,4,1,1,399.980011,36.0,399.980011,4
2,2,0,1,199.9900055,20.0,199.9900055,0
5,2,3,1,199.9900055,50.0,199.9900055,3
3,4,-1,4,200.0,20.0,50.0,2
2,4,-2,3,179.9700012,5.400000095,59.99000168,2
5,4,1,1,50.0,0.0,50.0,3
2,4,-2,1,399.980011,0.0,399.980011,2
2,4,-2,1,199.9900055,18.0,199.9900055,2
6,4,2,1,129.9900055,16.89999962,129.9900055,3
5,4,1,4,399.9599915,4.0,99.98999786,1
3,2,1,1,299.980011,21.0,299.980011,4
1,0,1,4,239.9600067,40.79000092,59.99000168,0
3,4,-1,1,399.980011,22.0,399.980011,4
2,4,-2,1,399.980011,28.0,399.980011,4
2,1,1,2,100.0,3.0,50.0,0
2,4,-2,4,239.9600067,43.18999863,59.99000168,2
3,4,-1,4,200.0,6.0,50.0,2
5,4,1,4,200.0,4.0,50.0,1
2,4,-2,4,239.9600067,0.0,59.99000168,2
2,1,1,3,179.9700012,1.799999952,59.99000168,0
3,4,-1,1,129.9900055,20.79999924,129.9900055,2
6,4,2,5,199.9499969,4.0,39.99000168,1
4,4,0,1,199.9900055,0.0,199.9900055,3
4,4,0,3,149.9400024,6.0,49.97999954,2
3,4,-1,1,399.980011,28.0,399.980011,4
1,0,1,5,249.8999939,29.98999977,49.97999954,0
3,4,-1,1,399.980011,68.0,399.980011,4
4,4,0,4,200.0,11.0,50.0,1
6,4,2,4,399.9599915,71.98999786,99.98999786,1
4,4,0,5,299.9500122,16.5,59.99000168,1
3,4,-1,5,249.8999939,24.98999977,49.97999954,1
2,1,1,1,399.980011,8.0,399.980011,4
4,4,0,5,249.8999939,22.48999977,49.97999954,1
6,2,4,1,99.98999786,5.5,99.98999786,3
3,4,-1,1,199.9900055,10.0,199.9900055,2
3,4,-1,5,250.0,40.0,50.0,1
0,0,0,1,399.980011,72.0,399.980011,4
2,4,-2,2,100.0,0.0,50.0,2
2,1,1,2,49.97999954,6.0,24.98999977,0
6,4,2,1,399.980011,4.0,399.980011,4
6,4,2,1,59.99000168,1.200000048,59.99000168,3
2,1,1,1,1500.0,225.0,1500.0,4
6,4,2,1,299.980011,48.0,299.980011,4
2,4,-2,1,199.9900055,10.0,199.9900055,2
5,4,1,1,399.980011,20.0,399.980011,4
5,4,1,1,299.980011,30.0,299.980011,4
5,4,1,2,100.0,15.0,50.0,3
5,4,1,2,95.98000336,2.880000114,47.99000168,3
5,2,3,1,399.980011,12.0,399.980011,4
3,2,1,4,200.0,34.0,50.0,1
2,1,1,4,199.9199982,11.0,49.97999954,0
6,4,2,2,63.97999954,16.0,31.98999977,3
0,0,0,2,99.95999908,12.98999977,49.97999954,0
4,4,0,1,399.980011,100.0,399.980011,4
0,0,0,1,129.9900055,23.39999962,129.9900055,0
4,4,0,4,199.9199982,11.0,49.97999954,1
2,2,0,5,249.8999939,7.5,49.97999954,1
5,4,1,1,199.9900055,18.0,199.9900055,3
2,2,0,1,129.9900055,7.150000095,129.9900055,0
3,4,-1,2,199.9799957,40.0,99.98999786,2
5,4,1,1,199.9900055,34.0,199.9900055,3
2,4,-2,5,249.8999939,17.48999977,49.97999954,2
6,2,4,1,399.980011,0.0,399.980011,4
6,4,2,1,34.99000168,1.049999952,34.99000168,3
3,2,1,1,129.9900055,1.299999952,129.9900055,0
6,2,4,4,199.9199982,31.98999977,49.97999954,1
3,4,-1,1,399.980011,60.0,399.980011,4
5,4,1,1,129.9900055,11.69999981,129.9900055,3
6,4,2,1,19.98999977,3.0,19.98999977,3
2,4,-2,1,399.980011,100.0,399.980011,4
2,1,1,2,199.9799957,30.0,99.98999786,0
2,1,1,1,399.980011,60.0,399.980011,4
2,4,-2,1,299.980011,0.0,299.980011,2
2,2,0,1,129.9900055,26.0,129.9900055,0
6,2,4,2,119.9800034,2.400000095,59.99000168,3
2,1,1,1,129.9900055,15.60000038,129.9900055,0
3,2,1,5,499.9500122,25.0,99.98999786,1
3,4,-1,1,199.9900055,4.0,199.9900055,2
3,4,-1,1,39.75,7.159999847,39.75,2
2,1,1,4,399.9599915,67.98999786,99.98999786,1
5,4,1,2,79.98000336,2.400000095,39.99000168,3
5,4,1,4,200.0,6.0,50.0,1
5,2,3,5,250.0,30.0,50.0,1
4,4,0,3,299.9700012,3.0,99.98999786,1
2,2,0,1,50.0,0.0,50.0,0
2,1,1,5,199.9499969,8.0,39.99000168,0
5,4,1,4,239.9600067,43.18999863,59.99000168,1
6,4,2,3,149.9400024,1.5,49.97999954,3
2,1,1,1,129.9900055,13.0,129.9900055,0
2,1,1,1,299.980011,45.0,299.980011,4
1,0,1,1,199.9900055,14.0,199.9900055,0
2,4,-2,1,199.9900055,6.0,199.9900055,2
6,2,4,2,100.0,25.0,50.0,3
2,2,0,4,79.95999908,10.39000034,19.98999977,0
5,4,1,1,399.980011,20.0,399.980011,4
2,4,-2,1,299.980011,51.0,299.980011,4
5,4,1,5,299.9500122,27.0,59.99000168,1
2,1,1,1,199.9900055,18.0,199.9900055,0
6,4,2,1,299.980011,39.0,299.980011,4
1,0,1,1,399.980011,40.0,399.980011,4
0,0,0,1,299.980011,21.0,299.980011,0
0,0,0,5,299.9500122,53.99000168,59.99000168,0
5,2,3,5,499.9500122,0.0,99.98999786,1
3,4,-1,1,299.980011,39.0,299.980011,4
2,4,-2,4,159.9600067,39.99000168,39.99000168,2
3,4,-1,3,150.0,13.5,50.0,2
4,4,0,4,199.9199982,17.98999977,49.97999954,1
5,4,1,4,59.95999908,14.98999977,14.98999977,1
1,0,1,1,399.980011,36.0,399.980011,4
3,4,-1,1,199.9900055,11.0,199.9900055,2
4,4,0,1,399.980011,12.0,399.980011,4
2,1,1,1,199.9900055,26.0,199.9900055,0
0,0,0,1,49.97999954,0.0,49.97999954,0
3,4,-1,5,124.9499969,12.5,24.98999977,1
2,1,1,1,399.980011,12.0,399.980011,4
0,0,0,1,54.97000122,1.100000024,54.97000122,0
2,1,1,1,399.980011,40.0,399.980011,4
0,0,0,2,100.0,20.0,50.0,0
5,2,3,1,199.9900055,8.0,199.9900055,3
5,4,1,5,249.8999939,44.97999954,49.97999954,1
6,4,2,1,39.99000168,4.0,39.99000168,3
2,1,1,2,199.9799957,0.0,99.98999786,0
3,4,-1,1,59.99000168,7.800000191,59.99000168,2
5,2,3,1,129.9900055,16.89999962,129.9900055,3
5,4,1,2,119.9800034,18.0,59.99000168,3
2,2,0,1,59.99000168,9.600000381,59.99000168,0
1,0,1,1,199.9900055,10.0,199.9900055,0
5,2,3,4,159.9600067,31.98999977,39.99000168,1
1,0,1,1,299.980011,48.0,299.980011,0
4,4,0,3,119.9700012,29.98999977,39.99000168,1
6,4,2,5,250.0,45.0,50.0,1
6,4,2,4,200.0,2.0,50.0,1
6,4,2,3,179.9700012,32.38999939,59.99000168,3
5,4,1,1,399.980011,80.0,399.980011,4
3,4,-1,1,129.9900055,15.60000038,129.9900055,2
4,4,0,1,49.97999954,2.5,49.97999954,3
2,4,-2,1,129.9900055,0.0,129.9900055,2
2,1,1,5,499.9500122,50.0,99.98999786,1
5,4,1,1,299.980011,75.0,299.980011,4
2,4,-2,1,252.8800049,7.590000153,252.8800049,2
4,4,0,1,59.99000168,3.299999952,59.99000168,3
6,2,4,2,100.0,3.0,50.0,3
4,2,2,1,30.0,5.099999905,30.0,3
3,4,-1,2,119.9800034,2.400000095,59.99000168,2
5,4,1,1,129.9900055,0.0,129.9900055,3
3,4,-1,1,14.98999977,3.0,14.98999977,2
3,2,1,2,79.98000336,4.400000095,39.99000168,0
4,4,0,1,399.980011,52.0,399.980011,4
4,4,0,1,129.9900055,15.60000038,129.9900055,3
5,4,1,1,299.980011,54.0,299.980011,4
2,1,1,3,150.0,24.0,50.0,0
2,4,-2,1,129.9900055,20.79999924,129.9900055,2
6,4,2,4,159.9600067,8.800000191,39.99000168,1
4,4,0,2,43.97999954,1.320000052,21.98999977,3
5,4,1,1,399.980011,72.0,399.980011,4
4,4,0,1,199.9900055,50.0,199.9900055,4
4,4,0,1,129.9900055,3.900000095,129.9900055,3
6,2,4,1,399.980011,22.0,399.980011,4
6,2,4,4,239.9600067,31.19000053,59.99000168,1
5,4,1,1,299.980011,12.0,299.980011,4
3,2,1,4,399.9599915,59.99000168,99.98999786,1
4,2,2,1,50.0,2.5,50.0,3
6,4,2,1,299.980011,45.0,299.980011,4
2,2,0,1,299.980011,75.0,299.980011,4
4,4,0,4,200.0,40.0,50.0,1
4,2,2,1,59.99000168,10.80000019,59.99000168,3
3,4,-1,1,299.980011,48.0,299.980011,4
2,4,-2,3,59.97000122,9.0,19.98999977,2
3,4,-1,1,399.980011,40.0,399.980011,4
2,4,-2,5,249.8999939,0.0,49.97999954,2
3,4,-1,4,200.0,32.0,50.0,1
3,4,-1,1,399.980011,28.0,399.980011,4
6,4,2,1,299.980011,0.0,299.980011,3
2,4,-2,1,50.0,10.0,50.0,2
6,2,4,5,299.9500122,21.0,59.99000168,1
5,2,3,1,299.980011,51.0,299.980011,4
4,4,0,1,199.9900055,6.0,199.9900055,3
4,2,2,3,119.9700012,10.80000019,39.99000168,3
4,4,0,1,129.9900055,22.10000038,129.9900055,3
3,4,-1,5,499.9500122,35.0,99.98999786,1
5,2,3,1,299.980011,45.0,299.980011,4
2,1,1,1,399.980011,48.0,399.980011,4
2,4,-2,1,129.9900055,11.69999981,129.9900055,2
2,2,0,5,299.9500122,27.0,59.99000168,1
3,2,1,4,399.9599915,22.0,99.98999786,1
2,1,1,1,399.980011,12.0,399.980011,4
2,4,-2,1,399.980011,4.0,399.980011,4
3,4,-1,4,159.9600067,3.200000048,39.99000168,2
4,4,0,1,59.99000168,7.800000191,59.99000168,3
2,4,-2,5,199.9499969,33.99000168,39.99000168,2
3,4,-1,1,399.980011,64.0,399.980011,4
6,2,4,4,159.9600067,8.800000191,39.99000168,3
4,4,0,1,199.9900055,0.0,199.9900055,3
5,4,1,1,39.99000168,4.800000191,39.99000168,3
5,4,1,2,89.98000336,13.5,44.99000168,3
6,4,2,2,99.95999908,17.98999977,49.97999954,3
2,1,1,4,200.0,14.0,50.0,0
2,4,-2,1,129.9900055,15.60000038,129.9900055,2
6,4,2,3,119.9700012,10.80000019,39.99000168,3
1,0,1,1,399.980011,48.0,399.980011,4
2,1,1,4,159.9600067,6.400000095,39.99000168,0
6,2,4,1,59.99000168,12.0,59.99000168,3
4,4,0,5,250.0,42.5,50.0,1
4,4,0,1,199.9900055,36.0,199.9900055,2
3,4,-1,4,239.9600067,35.99000168,59.99000168,1
2,1,1,3,149.9400024,10.5,49.97999954,0
3,4,-1,5,79.94999695,9.590000153,15.98999977,1
2,1,1,1,199.9900055,2.0,199.9900055,0
2,4,-2,5,299.9500122,0.0,59.99000168,2
1,0,1,2,99.95999908,0.0,49.97999954,0
2,1,1,1,399.980011,22.0,399.980011,4
3,2,1,1,129.9900055,23.39999962,129.9900055,0
2,1,1,4,199.9199982,8.0,49.97999954,0
2,1,1,1,199.9900055,40.0,199.9900055,0
4,2,2,2,119.9800034,15.60000038,59.99000168,3
4,2,2,1,399.980011,68.0,399.980011,4
5,4,1,1,129.9900055,11.69999981,129.9900055,3
5,4,1,1,14.98999977,0.0,14.98999977,3
4,4,0,1,50.0,8.0,50.0,3
6,4,2,1,399.980011,52.0,399.980011,4
2,1,1,3,179.9700012,44.99000168,59.99000168,0
3,4,-1,1,199.9900055,11.0,199.9900055,2
6,4,2,1,59.99000168,5.400000095,59.99000168,3
4,2,2,3,44.97000122,7.199999809,14.98999977,3
6,4,2,1,49.97999954,8.5,49.97999954,3
5,2,3,1,50.0,5.0,50.0,3
2,4,-2,2,100.0,0.0,50.0,2
4,4,0,3,150.0,1.5,50.0,2
5,2,3,5,249.8999939,32.49000168,49.97999954,1
2,1,1,5,249.8999939,10.0,49.97999954,0
2,1,1,2,79.98000336,2.400000095,39.99000168,0
2,4,-2,1,299.980011,3.0,299.980011,2
5,4,1,5,299.9500122,50.99000168,59.99000168,1
5,4,1,3,150.0,8.25,50.0,3
1,0,1,1,299.980011,75.0,299.980011,4
6,2,4,1,39.99000168,2.200000048,39.99000168,3
6,4,2,2,119.9800034,6.599999905,59.99000168,3
2,1,1,1,299.980011,16.5,299.980011,0
2,4,-2,2,99.95999908,0.0,49.97999954,2
6,4,2,1,129.9900055,7.150000095,129.9900055,3
3,4,-1,3,179.9700012,27.0,59.99000168,2
5,4,1,1,299.980011,12.0,299.980011,4
3,4,-1,3,143.9700012,18.71999931,47.99000168,2
4,4,0,1,299.980011,36.0,299.980011,4
5,2,3,4,399.9599915,0.0,99.98999786,1
3,2,1,1,399.980011,68.0,399.980011,4
2,1,1,2,119.9800034,6.0,59.99000168,0
2,1,1,1,199.9900055,34.0,199.9900055,0
2,4,-2,3,299.9700012,39.0,99.98999786,2
2,1,1,1,399.980011,80.0,399.980011,4
3,4,-1,2,63.97999954,9.600000381,31.98999977,2
4,4,0,2,79.98000336,12.0,39.99000168,3
4,4,0,3,299.9700012,53.99000168,99.98999786,1
2,4,-2,1,199.9900055,36.0,199.9900055,2
4,4,0,1,59.99000168,1.799999952,59.99000168,3
6,4,2,5,124.9499969,12.5,24.98999977,1
2,4,-2,3,119.9700012,2.400000095,39.99000168,2
4,2,2,1,129.9900055,13.0,129.9900055,3
3,4,-1,1,199.9900055,24.0,199.9900055,2
4,4,0,1,299.980011,30.0,299.980011,4
6,2,4,1,50.0,0.5,50.0,3
5,4,1,1,129.9900055,19.5,129.9900055,3
3,4,-1,1,99.98999786,1.0,99.98999786,2
0,0,0,4,199.9199982,4.0,49.97999954,0
4,2,2,1,399.980011,64.0,399.980011,4
5,2,3,1,129.9900055,13.0,129.9900055,3
2,1,1,1,129.9900055,26.0,129.9900055,0
5,4,1,1,199.9900055,2.0,199.9900055,3
5,4,1,1,99.98999786,5.0,99.98999786,3
6,2,4,1,199.9900055,36.0,199.9900055,3
4,4,0,4,199.9199982,23.98999977,49.97999954,1
6,4,2,1,11.53999996,2.890000105,11.53999996,3
3,4,-1,5,499.9500122,99.98999786,99.98999786,1
4,2,2,4,239.9600067,24.0,59.99000168,1
2,1,1,1,299.980011,54.0,299.980011,4
6,2,4,1,399.980011,4.0,399.980011,4
2,1,1,3,119.9700012,14.39999962,39.99000168,0
3,4,-1,2,119.9800034,8.399999619,59.99000168,2
6,4,2,1,129.9900055,9.100000381,129.9900055,3
5,4,1,1,65.0,6.5,65.0,3
3,4,-1,1,49.97999954,0.5,49.97999954,2
4,4,0,1,1500.0,300.0,1500.0,4
3,4,-1,1,99.98999786,18.0,99.98999786,2
3,4,-1,5,499.9500122,35.0,99.98999786,1
5,4,1,2,99.95999908,7.0,49.97999954,3
6,2,4,1,399.980011,64.0,399.980011,4
4,4,0,4,199.9199982,10.0,49.97999954,1
6,4,2,1,49.97999954,0.0,49.97999954,3
4,4,0,5,299.9500122,53.99000168,59.99000168,1
5,4,1,5,99.94999695,0.0,19.98999977,1
6,4,2,3,75.0,5.25,25.0,3
2,1,1,4,199.9199982,29.98999977,49.97999954,0
4,4,0,2,119.9800034,15.60000038,59.99000168,3
2,2,0,2,99.95999908,19.98999977,49.97999954,0
3,2,1,4,239.9600067,59.99000168,59.99000168,1
4,4,0,1,399.980011,20.0,399.980011,4
2,1,1,1,199.9900055,4.0,199.9900055,0
2,4,-2,1,1500.0,30.0,1500.0,4
5,2,3,3,149.9400024,14.98999977,49.97999954,3
2,4,-2,1,399.980011,0.0,399.980011,2
2,4,-2,1,59.99000168,3.299999952,59.99000168,2
2,4,-2,2,119.9800034,2.400000095,59.99000168,2
2,4,-2,5,299.9500122,3.0,59.99000168,2
3,4,-1,2,100.0,17.0,50.0,2
5,4,1,1,39.99000168,2.0,39.99000168,3
2,1,1,1,299.980011,48.0,299.980011,4
2,4,-2,1,299.980011,36.0,299.980011,2
2,1,1,1,199.9900055,50.0,199.9900055,0
4,4,0,1,129.9900055,2.599999905,129.9900055,3
6,2,4,2,100.0,25.0,50.0,3
3,2,1,2,79.98000336,16.0,39.99000168,0
4,4,0,1,59.99000168,9.0,59.99000168,3
6,4,2,1,50.0,2.75,50.0,3
4,4,0,4,199.9199982,31.98999977,49.97999954,1
5,4,1,1,399.980011,12.0,399.980011,4
3,4,-1,1,59.99000168,7.199999809,59.99000168,2
5,4,1,1,129.9900055,15.60000038,129.9900055,3
2,1,1,5,199.9499969,6.0,39.99000168,0
5,4,1,1,129.9900055,22.10000038,129.9900055,3
2,4,-2,2,100.0,3.0,50.0,2
2,1,1,1,99.98999786,17.0,99.98999786,0
2,1,1,1,327.75,3.279999971,327.75,0
6,4,2,1,50.0,7.5,50.0,3
3,2,1,1,299.980011,6.0,299.980011,4
3,4,-1,1,129.9900055,6.5,129.9900055,2
2,4,-2,5,299.9500122,35.99000168,59.99000168,1
6,4,2,1,299.980011,54.0,299.980011,4
0,0,0,1,199.9900055,10.0,199.9900055,0
5,4,1,2,199.9799957,6.0,99.98999786,3
6,2,4,2,79.98000336,12.80000019,39.99000168,3
2,4,-2,2,199.9799957,36.0,99.98999786,2
6,4,2,2,99.95999908,5.0,49.97999954,3
4,4,0,1,199.9900055,32.0,199.9900055,2
6,4,2,3,179.9700012,12.60000038,59.99000168,3
6,4,2,1,59.99000168,9.600000381,59.99000168,3
5,2,3,1,199.9900055,36.0,199.9900055,3
3,4,-1,5,499.9500122,15.0,99.98999786,1
1,0,1,3,150.0,37.5,50.0,0
6,4,2,1,129.9900055,32.5,129.9900055,3
3,4,-1,2,39.97999954,6.0,19.98999977,2
0,0,0,1,11.53999996,1.039999962,11.53999996,0
6,4,2,3,179.9700012,18.0,59.99000168,3
5,4,1,1,49.97999954,6.0,49.97999954,3
4,2,2,1,59.99000168,6.0,59.99000168,3
6,4,2,2,99.95999908,7.0,49.97999954,3
3,4,-1,1,199.9900055,24.0,199.9900055,2
2,4,-2,1,39.75,3.980000019,39.75,2
0,0,0,1,357.1000061,3.569999933,357.1000061,0
4,4,0,2,100.0,15.0,50.0,3
2,4,-2,1,199.9900055,11.0,199.9900055,2
5,4,1,2,199.9799957,0.0,99.98999786,3
6,4,2,3,149.9400024,14.98999977,49.97999954,3
2,4,-2,5,325.0,32.5,65.0,1
4,4,0,4,399.9599915,79.98999786,99.98999786,1
6,4,2,1,59.99000168,5.400000095,59.99000168,3
6,4,2,3,179.9700012,23.39999962,59.99000168,3
3,2,1,4,200.0,24.0,50.0,1
0,0,0,4,99.95999908,15.98999977,24.98999977,0
4,4,0,1,399.980011,64.0,399.980011,4
2,1,1,5,299.9500122,74.98999786,59.99000168,1
6,4,2,1,50.0,4.5,50.0,3
3,4,-1,1,399.980011,20.0,399.980011,4
2,4,-2,1,299.980011,27.0,299.980011,2
2,2,0,1,54.97000122,7.150000095,54.97000122,0
2,4,-2,1,49.97999954,8.0,49.97999954,2
6,4,2,3,179.9700012,9.899999619,59.99000168,3
4,4,0,4,127.9599991,15.35999966,31.98999977,1
2,1,1,1,299.980011,15.0,299.980011,0
5,4,1,1,357.1000061,0.0,357.1000061,4
4,4,0,3,119.9700012,29.98999977,39.99000168,1
4,4,0,4,239.9600067,4.800000191,59.99000168,1
2,4,-2,2,79.98000336,5.599999905,39.99000168,2
5,4,1,1,199.9900055,32.0,199.9900055,3
6,4,2,2,119.9800034,21.60000038,59.99000168,3
4,2,2,1,399.980011,20.0,399.980011,4
2,1,1,1,199.9900055,11.0,199.9900055,0
4,4,0,1,399.980011,60.0,399.980011,4
2,1,1,1,49.97999954,6.5,49.97999954,0
6,4,2,2,99.95999908,12.0,49.97999954,3
3,4,-1,2,43.97999954,1.320000052,21.98999977,2
2,1,1,2,119.9800034,6.0,59.99000168,0
2,4,-2,2,119.9800034,2.400000095,59.99000168,2
0,0,0,4,199.9199982,4.0,49.97999954,0
5,4,1,1,129.9900055,6.5,129.9900055,3
5,4,1,4,200.0,20.0,50.0,1
6,4,2,3,149.9400024,14.98999977,49.97999954,3
2,1,1,2,119.9800034,14.39999962,59.99000168,0
2,4,-2,2,99.95999908,5.5,49.97999954,2
2,2,0,1,129.9900055,11.69999981,129.9900055,0
3,4,-1,1,252.8800049,40.45999908,252.8800049,2
3,4,-1,1,299.980011,12.0,299.980011,2
2,4,-2,1,299.980011,6.0,299.980011,2
4,4,0,1,199.9900055,2.0,199.9900055,3
4,4,0,1,252.8800049,13.90999985,252.8800049,2
3,2,1,1,39.99000168,1.600000024,39.99000168,0
3,2,1,1,129.9900055,6.5,129.9900055,0
2,1,1,1,199.9900055,36.0,199.9900055,0
6,2,4,1,452.0400085,24.86000061,452.0400085,4
6,4,2,3,150.0,13.5,50.0,3
4,2,2,5,299.9500122,3.0,59.99000168,1
6,4,2,1,129.9900055,26.0,129.9900055,3
3,2,1,4,200.0,24.0,50.0,1
2,4,-2,5,299.9500122,6.0,59.99000168,2
4,4,0,1,199.9900055,11.0,199.9900055,3
4,2,2,1,199.9900055,32.0,199.9900055,3
4,4,0,1,399.980011,0.0,399.980011,4
2,1,1,2,79.98000336,8.0,39.99000168,0
4,4,0,1,399.980011,80.0,399.980011,4
2,4,-2,5,49.95000076,7.989999771,9.989999771,2
5,4,1,2,119.9800034,0.0,59.99000168,3
2,2,0,2,79.98000336,3.200000048,39.99000168,0
4,4,0,4,199.9199982,13.98999977,49.97999954,1
5,4,1,1,129.9900055,26.0,129.9900055,3
4,4,0,5,499.9500122,0.0,99.98999786,1
3,4,-1,1,215.8200073,34.52999878,215.8200073,2
5,4,1,2,99.95999908,24.98999977,49.97999954,3
3,4,-1,5,199.9499969,49.99000168,39.99000168,1
4,2,2,1,399.980011,64.0,399.980011,4
2,1,1,1,49.97999954,1.0,49.97999954,0
6,4,2,4,200.0,50.0,50.0,1
3,2,1,1,299.980011,27.0,299.980011,4
4,4,0,4,200.0,24.0,50.0,1
5,2,3,5,299.9500122,74.98999786,59.99000168,1
5,4,1,1,199.9900055,40.0,199.9900055,3
3,4,-1,1,299.980011,54.0,299.980011,4
6,4,2,1,260.6499939,5.210000038,260.6499939,3
4,4,0,2,79.98000336,3.200000048,39.99000168,3
5,4,1,1,129.9900055,16.89999962,129.9900055,3
2,4,-2,5,250.0,40.0,50.0,1
3,4,-1,1,129.9900055,19.5,129.9900055,2
2,1,1,1,299.980011,75.0,299.980011,4
6,4,2,1,199.9900055,26.0,199.9900055,3
2,4,-2,4,239.9600067,47.99000168,59.99000168,2
4,2,2,1,129.9900055,9.100000381,129.9900055,3
4,2,2,1,399.980011,64.0,399.980011,4
5,4,1,5,149.9499969,25.48999977,29.98999977,1
3,4,-1,1,129.9900055,15.60000038,129.9900055,2
2,2,0,1,299.980011,15.0,299.980011,4
5,4,1,1,59.99000168,12.0,59.99000168,3
0,0,0,1,357.1000061,53.5699997,357.1000061,4
4,4,0,1,59.99000168,15.0,59.99000168,3
2,1,1,1,199.9900055,14.0,199.9900055,0
6,4,2,1,199.9900055,18.0,199.9900055,3
6,4,2,4,199.9199982,10.0,49.97999954,1
3,4,-1,1,399.980011,68.0,399.980011,4
6,4,2,1,199.9900055,20.0,199.9900055,3
4,4,0,1,299.980011,60.0,299.980011,4
4,4,0,1,129.9900055,3.900000095,129.9900055,3
2,1,1,5,299.9500122,0.0,59.99000168,0
6,2,4,4,239.9600067,24.0,59.99000168,1
5,4,1,3,150.0,6.0,50.0,3
2,1,1,3,179.9700012,30.59000015,59.99000168,0
3,4,-1,1,399.980011,80.0,399.980011,4
4,4,0,1,399.980011,68.0,399.980011,4
4,2,2,3,299.9700012,12.0,99.98999786,1
6,4,2,4,200.0,50.0,50.0,1
5,4,1,5,49.95000076,7.489999771,9.989999771,1
3,4,-1,5,250.0,42.5,50.0,1
6,2,4,2,99.95999908,16.98999977,49.97999954,3
3,4,-1,1,199.9900055,32.0,199.9900055,2
4,2,2,1,129.9900055,16.89999962,129.9900055,3
3,4,-1,1,1500.0,135.0,1500.0,4
2,1,1,5,199.9499969,29.98999977,39.99000168,0
3,4,-1,1,399.980011,52.0,399.980011,4
5,2,3,1,199.9900055,0.0,199.9900055,3
5,4,1,4,239.9600067,9.600000381,59.99000168,1
2,4,-2,1,50.0,5.0,50.0,2
4,4,0,1,399.980011,12.0,399.980011,4
3,2,1,1,299.980011,27.0,299.980011,4
3,4,-1,5,159.9499969,39.99000168,31.98999977,1
6,4,2,2,199.9799957,32.0,99.98999786,3
5,4,1,4,200.0,24.0,50.0,1
2,1,1,1,199.9900055,0.0,199.9900055,0
2,1,1,5,299.9500122,0.0,59.99000168,0
4,2,2,2,200.0,30.0,100.0,3
5,4,1,1,199.9900055,6.0,199.9900055,3
5,2,3,1,199.0,0.0,199.0,3
3,2,1,2,99.95999908,5.0,49.97999954,0
2,1,1,3,150.0,25.5,50.0,0
2,4,-2,1,129.9900055,15.60000038,129.9900055,2
3,4,-1,1,129.9900055,20.79999924,129.9900055,2
4,2,2,1,129.9900055,11.69999981,129.9900055,3
1,0,1,1,215.8200073,19.42000008,215.8200073,0
5,4,1,1,51.99000168,8.840000153,51.99000168,3
2,2,0,1,299.980011,12.0,299.980011,0
6,2,4,5,249.8999939,39.97999954,49.97999954,1
1,0,1,1,199.9900055,20.0,199.9900055,0
5,2,3,4,239.9600067,12.0,59.99000168,1
2,4,-2,1,50.0,12.5,50.0,2
2,4,-2,1,199.9900055,18.0,199.9900055,2
4,4,0,5,249.8999939,49.97999954,49.97999954,1
4,2,2,3,179.9700012,18.0,59.99000168,3
6,4,2,1,129.9900055,7.150000095,129.9900055,3
2,1,1,1,129.9900055,6.5,129.9900055,0
2,1,1,1,399.980011,8.0,399.980011,4
3,4,-1,1,59.99000168,7.800000191,59.99000168,2
3,2,1,1,399.980011,52.0,399.980011,4
2,4,-2,5,299.9500122,0.0,59.99000168,2
6,4,2,1,399.980011,22.0,399.980011,4
1,0,1,5,224.9499969,56.24000168,44.99000168,0
3,2,1,1,357.1000061,46.41999817,357.1000061,4
6,4,2,5,199.9499969,39.99000168,39.99000168,1
3,4,-1,1,129.9900055,0.0,129.9900055,2
2,1,1,1,129.9900055,5.199999809,129.9900055,0
2,4,-2,4,87.95999908,21.98999977,21.98999977,2
6,2,4,1,399.980011,40.0,399.980011,4
4,4,0,1,59.99000168,12.0,59.99000168,3
2,4,-2,1,199.9900055,18.0,199.9900055,2
2,4,-2,1,129.9900055,0.0,129.9900055,2
6,2,4,1,399.980011,12.0,399.980011,4
0,0,0,3,179.9700012,23.39999962,59.99000168,0
2,1,1,5,99.94999695,12.98999977,19.98999977,0
3,4,-1,4,399.9599915,59.99000168,99.98999786,1
6,4,2,5,74.94999695,11.98999977,14.98999977,1
5,2,3,5,250.0,25.0,50.0,1
3,4,-1,3,119.9700012,1.200000048,39.99000168,2
4,4,0,1,99.98999786,25.0,99.98999786,3
3,4,-1,5,249.8999939,49.97999954,49.97999954,1
3,4,-1,1,299.980011,30.0,299.980011,4
2,1,1,2,100.0,10.0,50.0,0
0,0,0,4,199.9199982,23.98999977,49.97999954,0
5,4,1,1,399.980011,12.0,399.980011,4
6,2,4,1,452.0400085,9.039999962,452.0400085,4
4,4,0,3,179.9700012,27.0,59.99000168,1
4,4,0,5,299.9500122,16.5,59.99000168,1
4,4,0,1,299.980011,0.0,299.980011,4
2,4,-2,2,199.9799957,32.0,99.98999786,2
4,4,0,1,299.980011,27.0,299.980011,4
6,2,4,1,129.9900055,0.0,129.9900055,3
2,4,-2,3,179.9700012,27.0,59.99000168,2
6,2,4,1,399.980011,16.0,399.980011,4
6,2,4,1,210.8500061,35.84000015,210.8500061,3
4,4,0,3,149.9400024,13.48999977,49.97999954,1
4,2,2,4,59.95999908,3.299999952,14.98999977,1
6,4,2,1,299.980011,16.5,299.980011,3
5,4,1,1,129.9900055,13.0,129.9900055,3
5,4,1,1,399.980011,4.0,399.980011,4
6,4,2,4,159.9600067,1.600000024,39.99000168,1
2,1,1,1,293.0400085,2.930000067,293.0400085,0
4,2,2,1,50.0,10.0,50.0,3
4,4,0,1,199.9900055,0.0,199.9900055,3
2,1,1,1,299.980011,0.0,299.980011,0
3,4,-1,3,299.9700012,59.99000168,99.98999786,1
3,4,-1,2,99.95999908,2.0,49.97999954,2
4,4,0,1,299.980011,9.0,299.980011,4
6,4,2,1,399.980011,60.0,399.980011,4
3,2,1,2,119.9800034,1.200000048,59.99000168,0
2,1,1,4,239.9600067,2.400000095,59.99000168,0
5,2,3,2,99.95999908,10.0,49.97999954,3
4,4,0,3,119.9700012,18.0,39.99000168,1
3,4,-1,1,299.980011,60.0,299.980011,4
2,1,1,4,199.9199982,31.98999977,49.97999954,0
6,4,2,2,99.95999908,19.98999977,49.97999954,3
4,2,2,1,199.9900055,14.0,199.9900055,3
2,1,1,4,200.0,8.0,50.0,0
5,4,1,3,179.9700012,7.199999809,59.99000168,3
5,4,1,4,159.9600067,19.20000076,39.99000168,1
3,2,1,2,79.98000336,12.0,39.99000168,0
6,4,2,5,249.8999939,0.0,49.97999954,1
2,1,1,5,174.9499969,26.23999977,34.99000168,0
5,2,3,2,99.95999908,14.98999977,49.97999954,3
3,4,-1,3,195.0,5.849999905,65.0,2
3,4,-1,1,199.9900055,2.0,199.9900055,2
6,4,2,3,149.9400024,14.98999977,49.97999954,3
2,2,0,1,19.98999977,0.400000006,19.98999977,0
2,1,1,1,129.9900055,26.0,129.9900055,0
6,4,2,1,129.9900055,15.60000038,129.9900055,3
2,2,0,5,249.8999939,32.49000168,49.97999954,1
6,2,4,1,129.9900055,3.900000095,129.9900055,3
2,2,0,1,199.9900055,18.0,199.9900055,0
6,2,4,1,129.9900055,16.89999962,129.9900055,3
4,2,2,2,119.9800034,10.80000019,59.99000168,3
3,4,-1,1,399.980011,28.0,399.980011,4
2,2,0,4,239.9600067,16.79999924,59.99000168,0
3,4,-1,1,399.980011,20.0,399.980011,4
2,4,-2,1,199.9900055,11.0,199.9900055,2
2,1,1,1,399.980011,28.0,399.980011,4
6,2,4,1,50.0,12.5,50.0,3
4,4,0,4,159.9600067,11.19999981,39.99000168,1
2,1,1,1,199.9900055,26.0,199.9900055,0
5,4,1,1,39.99000168,2.200000048,39.99000168,3
2,1,1,4,79.95999908,7.199999809,19.98999977,0
6,4,2,4,199.9199982,33.99000168,49.97999954,1
6,4,2,1,129.9900055,22.10000038,129.9900055,3
4,4,0,1,199.9900055,36.0,199.9900055,2
2,1,1,1,49.97999954,4.5,49.97999954,0
2,1,1,3,150.0,22.5,50.0,0
0,0,0,5,199.9499969,18.0,39.99000168,0
2,4,-2,1,399.980011,64.0,399.980011,4
6,4,2,2,199.9799957,18.0,99.98999786,3
4,4,0,1,299.980011,16.5,299.980011,4
6,4,2,1,129.9900055,20.79999924,129.9900055,3
4,4,0,1,299.980011,16.5,299.980011,4
4,4,0,5,249.8999939,49.97999954,49.97999954,1
3,2,1,4,399.9599915,22.0,99.98999786,1
2,4,-2,4,239.9600067,12.0,59.99000168,2
2,1,1,1,399.980011,40.0,399.980011,4
5,4,1,2,49.97999954,2.5,24.98999977,3
1,0,1,3,179.9700012,5.400000095,59.99000168,0
2,2,0,1,199.9900055,6.0,199.9900055,0
6,4,2,1,129.9900055,16.89999962,129.9900055,3
6,4,2,1,399.980011,40.0,399.980011,4
2,1,1,1,299.980011,54.0,299.980011,4
6,4,2,5,499.9500122,25.0,99.98999786,1
6,4,2,2,79.98000336,13.60000038,39.99000168,3
4,4,0,4,200.0,0.0,50.0,1
5,4,1,2,119.9800034,15.60000038,59.99000168,3
2,2,0,1,199.9900055,14.0,199.9900055,0
2,4,-2,3,150.0,37.5,50.0,2
6,4,2,1,299.980011,27.0,299.980011,4
2,4,-2,5,299.9500122,9.0,59.99000168,2
5,4,1,1,199.9900055,30.0,199.9900055,3
5,2,3,5,250.0,10.0,50.0,1
6,4,2,3,150.0,18.0,50.0,3
6,4,2,2,99.95999908,5.0,49.97999954,3
6,4,2,3,299.9700012,27.0,99.98999786,1
2,1,1,1,50.0,0.0,50.0,0
5,4,1,5,449.9500122,18.0,89.98999786,1
3,4,-1,1,252.8800049,32.86999893,252.8800049,2
3,4,-1,1,299.980011,48.0,299.980011,4
2,1,1,2,119.9800034,24.0,59.99000168,0
5,4,1,1,129.9900055,6.5,129.9900055,3
2,4,-2,4,159.9600067,6.400000095,39.99000168,2
2,1,1,1,164.3800049,27.94000053,164.3800049,0
4,4,0,1,129.9900055,13.0,129.9900055,3
4,4,0,1,199.9900055,8.0,199.9900055,3
2,4,-2,5,249.8999939,32.49000168,49.97999954,1
4,4,0,1,532.5800171,37.27999878,532.5800171,4
4,4,0,1,299.980011,9.0,299.980011,4
2,4,-2,1,399.980011,8.0,399.980011,4
4,2,2,4,239.9600067,9.600000381,59.99000168,1
3,4,-1,1,327.75,55.72000122,327.75,4
2,1,1,1,199.9900055,2.0,199.9900055,0
4,4,0,3,119.9700012,10.80000019,39.99000168,2
6,4,2,5,174.9499969,9.619999886,34.99000168,1
5,4,1,4,200.0,34.0,50.0,1
4,4,0,1,299.980011,51.0,299.980011,4
5,4,1,1,199.9900055,18.0,199.9900055,3
1,0,1,4,239.9600067,38.38999939,59.99000168,0
2,2,0,5,299.9500122,38.99000168,59.99000168,1
4,4,0,1,129.9900055,23.39999962,129.9900055,3
4,4,0,1,299.980011,30.0,299.980011,4
2,1,1,2,199.9799957,30.0,99.98999786,0
2,4,-2,5,299.9500122,6.0,59.99000168,2
4,4,0,1,399.980011,4.0,399.980011,4
6,4,2,4,200.0,24.0,50.0,1
6,2,4,1,49.97999954,0.5,49.97999954,3
0,0,0,2,79.98000336,20.0,39.99000168,0
6,4,2,5,299.9500122,53.99000168,59.99000168,1
2,4,-2,2,60.0,7.199999809,30.0,2
5,2,3,4,399.9599915,20.0,99.98999786,1
2,4,-2,1,452.0400085,4.519999981,452.0400085,4
2,4,-2,1,99.98999786,0.0,99.98999786,2
4,4,0,1,129.9900055,11.69999981,129.9900055,3
6,2,4,1,50.0,2.5,50.0,3
5,4,1,5,199.9499969,20.0,39.99000168,1
5,4,1,3,74.97000122,11.25,24.98999977,3
4,4,0,2,119.9800034,15.60000038,59.99000168,3
4,4,0,1,399.980011,36.0,399.980011,4
3,4,-1,3,299.9700012,16.5,99.98999786,2
3,4,-1,2,119.9800034,19.20000076,59.99000168,2
6,2,4,3,149.9400024,26.98999977,49.97999954,3
4,4,0,3,150.0,25.5,50.0,1
6,2,4,1,199.9900055,30.0,199.9900055,3
5,2,3,1,129.9900055,13.0,129.9900055,3
5,2,3,3,150.0,24.0,50.0,3
6,4,2,1,399.980011,16.0,399.980011,4
6,2,4,1,399.980011,48.0,399.980011,4
6,4,2,1,299.980011,15.0,299.980011,3
4,4,0,1,199.9900055,0.0,199.9900055,3
4,4,0,3,149.9400024,26.98999977,49.97999954,1
6,4,2,2,99.95999908,19.98999977,49.97999954,3
3,4,-1,1,452.0400085,0.0,452.0400085,4
3,2,1,1,49.97999954,0.0,49.97999954,0
5,4,1,1,199.9900055,10.0,199.9900055,3
2,1,1,3,150.0,37.5,50.0,0
2,2,0,2,119.9800034,6.599999905,59.99000168,0
3,4,-1,3,299.9700012,21.0,99.98999786,2
6,4,2,4,199.9199982,8.0,49.97999954,1
2,4,-2,3,179.9700012,7.199999809,59.99000168,2
6,4,2,3,150.0,19.5,50.0,3
6,4,2,1,11.53999996,0.119999997,11.53999996,3
3,4,-1,1,399.980011,48.0,399.980011,4
6,4,2,1,129.9900055,3.900000095,129.9900055,3
3,2,1,1,49.97999954,7.5,49.97999954,0
4,4,0,5,299.9500122,35.99000168,59.99000168,1
0,0,0,1,129.9900055,23.39999962,129.9900055,0
4,4,0,1,129.9900055,19.5,129.9900055,3
2,1,1,1,210.8500061,33.74000168,210.8500061,0
2,4,-2,1,349.9899902,59.5,349.9899902,4
5,2,3,5,249.8999939,2.5,49.97999954,1
4,4,0,5,199.9499969,20.0,39.99000168,1
2,2,0,1,199.9900055,4.0,199.9900055,0
4,4,0,1,399.980011,0.0,399.980011,4
4,4,0,2,31.97999954,6.400000095,15.98999977,3
6,2,4,1,129.9900055,32.5,129.9900055,3
6,4,2,1,129.9900055,11.69999981,129.9900055,3
3,4,-1,4,399.9599915,0.0,99.98999786,1
2,1,1,1,129.9900055,15.60000038,129.9900055,0
3,4,-1,1,99.98999786,18.0,99.98999786,2
2,4,-2,2,199.9799957,34.0,99.98999786,2
6,4,2,1,399.980011,0.0,399.980011,4
2,4,-2,1,399.980011,72.0,399.980011,4
6,4,2,5,299.9500122,59.99000168,59.99000168,1
2,4,-2,1,299.980011,9.0,299.980011,2
5,2,3,1,299.980011,3.0,299.980011,3
4,2,2,3,150.0,6.0,50.0,3
3,2,1,3,179.9700012,16.20000076,59.99000168,0
6,2,4,1,199.9900055,6.0,199.9900055,3
6,4,2,2,119.9800034,4.800000191,59.99000168,3
3,4,-1,4,199.9199982,2.0,49.97999954,2
4,4,0,1,299.980011,27.0,299.980011,4
3,4,-1,3,149.9400024,10.5,49.97999954,2
6,4,2,1,129.9900055,32.5,129.9900055,3
3,2,1,2,119.9800034,15.60000038,59.99000168,0
4,4,0,5,249.8999939,49.97999954,49.97999954,1
6,2,4,3,179.9700012,32.38999939,59.99000168,3
2,1,1,2,100.0,5.0,50.0,0
2,4,-2,1,129.9900055,3.900000095,129.9900055,2
3,2,1,1,129.9900055,13.0,129.9900055,0
5,4,1,1,299.980011,60.0,299.980011,4
2,4,-2,5,199.9499969,18.0,39.99000168,2
5,4,1,3,299.9700012,9.0,99.98999786,1
3,4,-1,1,399.980011,36.0,399.980011,4
4,4,0,1,129.9900055,9.100000381,129.9900055,3
2,4,-2,3,150.0,13.5,50.0,2
2,4,-2,1,399.980011,16.0,399.980011,4
5,4,1,3,149.9400024,6.0,49.97999954,3
3,4,-1,1,199.9900055,6.0,199.9900055,2
4,2,2,4,99.95999908,12.98999977,24.98999977,1
3,4,-1,1,49.97999954,2.75,49.97999954,2
3,4,-1,1,1500.0,75.0,1500.0,4
3,4,-1,4,71.95999908,6.480000019,17.98999977,2
6,4,2,1,30.0,4.800000191,30.0,3
2,1,1,1,129.9900055,6.5,129.9900055,0
2,1,1,1,461.480011,4.610000134,461.480011,4
5,4,1,4,239.9600067,59.99000168,59.99000168,1
2,4,-2,4,200.0,11.0,50.0,2
4,4,0,1,59.99000168,10.19999981,59.99000168,3
4,4,0,1,199.9900055,36.0,199.9900055,2
5,4,1,2,199.9799957,2.0,99.98999786,3
5,2,3,1,129.9900055,13.0,129.9900055,3
4,4,0,5,199.9499969,11.0,39.99000168,1
6,4,2,2,100.0,5.5,50.0,3
3,4,-1,1,39.99000168,6.400000095,39.99000168,2
2,1,1,3,149.9400024,3.0,49.97999954,0
2,1,1,4,239.9600067,47.99000168,59.99000168,0
4,4,0,1,299.980011,54.0,299.980011,4
4,2,2,1,399.980011,22.0,399.980011,4
2,4,-2,1,199.9900055,0.0,199.9900055,2
0,0,0,1,129.9900055,16.89999962,129.9900055,0
4,4,0,1,59.99000168,1.799999952,59.99000168,3
5,2,3,4,199.9199982,13.98999977,49.97999954,1
2,4,-2,1,299.980011,0.0,299.980011,2
4,4,0,2,100.0,7.0,50.0,3
2,4,-2,1,461.480011,92.30000305,461.480011,4
2,1,1,5,249.8999939,32.49000168,49.97999954,0
3,4,-1,1,29.98999977,3.599999905,29.98999977,2
6,2,4,1,399.980011,64.0,399.980011,4
4,4,0,1,50.0,3.5,50.0,3
4,2,2,1,199.9900055,34.0,199.9900055,3
2,1,1,1,399.980011,40.0,399.980011,4
5,4,1,1,399.980011,60.0,399.980011,4
3,4,-1,1,299.980011,16.5,299.980011,2
2,1,1,5,249.8999939,7.5,49.97999954,0
2,1,1,3,299.9700012,36.0,99.98999786,0
4,4,0,1,11.53999996,0.349999994,11.53999996,3
5,4,1,1,399.980011,0.0,399.980011,4
6,2,4,2,199.9799957,0.0,99.98999786,3
6,2,4,3,299.9700012,27.0,99.98999786,3
4,4,0,1,199.9900055,8.0,199.9900055,3
2,1,1,3,179.9700012,16.20000076,59.99000168,0
2,4,-2,1,59.99000168,6.0,59.99000168,2
2,1,1,1,49.97999954,5.0,49.97999954,0
2,2,0,3,119.9700012,23.98999977,39.99000168,0
2,1,1,4,207.9600067,8.319999695,51.99000168,0
3,4,-1,4,239.9600067,12.0,59.99000168,2
5,4,1,3,179.9700012,9.899999619,59.99000168,3
3,4,-1,1,399.980011,100.0,399.980011,4
4,4,0,1,299.980011,54.0,299.980011,4
2,1,1,1,399.980011,0.0,399.980011,4
4,2,2,1,11.53999996,0.629999995,11.53999996,3
5,4,1,1,30.0,2.700000048,30.0,3
2,4,-2,4,199.9199982,19.98999977,49.97999954,2
4,2,2,3,150.0,8.25,50.0,3
5,4,1,3,119.9700012,15.60000038,39.99000168,3
6,4,2,1,199.9900055,30.0,199.9900055,3
3,4,-1,3,150.0,22.5,50.0,2
2,2,0,1,299.980011,54.0,299.980011,4
2,4,-2,4,200.0,34.0,50.0,2
2,2,0,5,249.8999939,29.98999977,49.97999954,1
2,4,-2,1,399.980011,4.0,399.980011,4
5,4,1,5,249.8999939,10.0,49.97999954,1
5,4,1,1,129.9900055,11.69999981,129.9900055,3
2,4,-2,3,150.0,10.5,50.0,2
4,4,0,4,239.9600067,47.99000168,59.99000168,1
3,4,-1,1,199.9900055,34.0,199.9900055,2
4,2,2,3,74.97000122,12.0,24.98999977,3
3,4,-1,1,199.9900055,30.0,199.9900055,2
4,4,0,1,39.99000168,0.400000006,39.99000168,3
2,1,1,3,74.97000122,3.75,24.98999977,0
2,4,-2,2,199.9799957,0.0,99.98999786,2
6,4,2,3,179.9700012,12.60000038,59.99000168,3
5,4,1,1,299.980011,27.0,299.980011,4
5,4,1,4,399.9599915,79.98999786,99.98999786,1
3,4,-1,3,179.9700012,23.39999962,59.99000168,2
3,2,1,1,461.480011,115.3700027,461.480011,4
3,4,-1,1,59.99000168,3.299999952,59.99000168,2
5,2,3,3,150.0,4.5,50.0,3
5,4,1,4,239.9600067,38.38999939,59.99000168,1
6,4,2,4,159.9600067,6.400000095,39.99000168,1
6,2,4,4,139.9600067,16.79999924,34.99000168,3
6,4,2,2,50.0,0.5,25.0,3
2,1,1,2,199.9799957,2.0,99.98999786,0
4,4,0,1,129.9900055,13.0,129.9900055,3
5,4,1,1,399.980011,80.0,399.980011,4
2,1,1,5,250.0,30.0,50.0,0
4,4,0,1,59.99000168,9.0,59.99000168,3
3,2,1,1,31.98999977,1.600000024,31.98999977,0
4,2,2,1,50.0,1.5,50.0,3
4,2,2,1,129.9900055,15.60000038,129.9900055,3
2,4,-2,1,129.9900055,13.0,129.9900055,2
3,4,-1,5,449.9500122,112.4899979,89.98999786,1
4,2,2,1,129.9900055,11.69999981,129.9900055,3
4,4,0,1,129.9900055,1.299999952,129.9900055,3
2,1,1,1,299.980011,36.0,299.980011,4
5,4,1,5,250.0,40.0,50.0,1
2,1,1,1,461.480011,55.38000107,461.480011,4
2,1,1,3,150.0,6.0,50.0,0
5,4,1,3,150.0,25.5,50.0,1
2,4,-2,1,299.980011,16.5,299.980011,2
4,4,0,1,399.980011,100.0,399.980011,4
6,4,2,1,299.980011,21.0,299.980011,3
2,4,-2,4,200.0,32.0,50.0,2
4,2,2,1,399.980011,80.0,399.980011,4
3,2,1,3,149.9400024,22.48999977,49.97999954,0
3,4,-1,3,299.9700012,6.0,99.98999786,2
1,0,1,1,199.9900055,40.0,199.9900055,0
6,4,2,5,250.0,17.5,50.0,1
3,2,1,4,200.0,24.0,50.0,1
6,2,4,3,119.9700012,1.200000048,39.99000168,3
4,4,0,1,299.980011,3.0,299.980011,4
2,4,-2,1,299.980011,6.0,299.980011,2
1,0,1,1,199.9900055,6.0,199.9900055,0
3,4,-1,5,499.9500122,25.0,99.98999786,1
2,1,1,5,199.9499969,35.99000168,39.99000168,0
5,2,3,5,249.8999939,44.97999954,49.97999954,1
5,2,3,1,215.8200073,0.0,215.8200073,3
2,4,-2,1,1500.0,195.0,1500.0,4
0,0,0,5,499.9500122,15.0,99.98999786,0
2,4,-2,4,320.0,9.600000381,80.0,2
2,4,-2,3,75.0,0.75,25.0,2
3,4,-1,1,129.9900055,16.89999962,129.9900055,2
2,1,1,1,299.980011,60.0,299.980011,4
4,4,0,1,49.97999954,8.5,49.97999954,3
2,1,1,1,50.0,2.5,50.0,0
4,2,2,3,149.9400024,23.98999977,49.97999954,3
2,1,1,1,199.9900055,20.0,199.9900055,0
5,4,1,3,179.9700012,32.38999939,59.99000168,1
5,4,1,1,39.99000168,4.0,39.99000168,3
2,1,1,1,129.9900055,6.5,129.9900055,0
6,4,2,4,280.0,25.20000076,70.0,1
2,2,0,1,199.9900055,34.0,199.9900055,0
3,4,-1,1,299.980011,36.0,299.980011,4
4,2,2,4,239.9600067,31.19000053,59.99000168,1
0,0,0,1,299.980011,48.0,299.980011,0
3,4,-1,1,59.99000168,3.0,59.99000168,2
5,4,1,2,119.9800034,10.80000019,59.99000168,3
3,4,-1,1,199.9900055,32.0,199.9900055,2
5,4,1,1,24.98999977,1.75,24.98999977,3
2,1,1,1,399.980011,4.0,399.980011,4
4,2,2,4,399.9599915,63.99000168,99.98999786,1
1,0,1,5,250.0,22.5,50.0,0
2,4,-2,1,50.0,2.5,50.0,2
6,4,2,1,59.99000168,10.80000019,59.99000168,3
4,2,2,1,215.8200073,34.52999878,215.8200073,3
6,4,2,1,50.0,8.5,50.0,3
3,4,-1,4,199.9199982,4.0,49.97999954,2
5,4,1,5,199.9499969,33.99000168,39.99000168,1
6,4,2,2,199.9799957,14.0,99.98999786,3
6,4,2,1,59.99000168,0.600000024,59.99000168,3
3,4,-1,1,299.980011,39.0,299.980011,4
4,4,0,1,199.9900055,24.0,199.9900055,2
6,4,2,2,119.9800034,15.60000038,59.99000168,3
2,2,0,1,199.9900055,50.0,199.9900055,0
1,0,1,4,239.9600067,28.79999924,59.99000168,0
4,4,0,1,399.980011,40.0,399.980011,4
0,0,0,5,199.9499969,25.98999977,39.99000168,0
6,4,2,5,249.8999939,24.98999977,49.97999954,1
2,1,1,1,399.980011,100.0,399.980011,4
5,4,1,3,179.9700012,27.0,59.99000168,1
3,4,-1,1,399.980011,68.0,399.980011,4
5,4,1,1,129.9900055,20.79999924,129.9900055,3
6,4,2,1,59.99000168,6.0,59.99000168,3
2,1,1,1,199.9900055,14.0,199.9900055,0
6,2,4,1,399.980011,8.0,399.980011,4
3,4,-1,1,129.9900055,2.599999905,129.9900055,2
5,4,1,1,199.9900055,10.0,199.9900055,3
2,1,1,1,399.980011,28.0,399.980011,4
5,2,3,4,239.9600067,16.79999924,59.99000168,1
4,4,0,1,199.9900055,11.0,199.9900055,3
2,1,1,4,200.0,34.0,50.0,0
1,0,1,3,74.97000122,12.73999977,24.98999977,0
2,1,1,1,399.980011,16.0,399.980011,4
2,2,0,4,239.9600067,31.19000053,59.99000168,0
2,1,1,3,74.97000122,3.75,24.98999977,0
6,4,2,1,109.9899979,13.19999981,109.9899979,3
3,4,-1,1,299.980011,16.5,299.980011,2
2,2,0,1,129.9900055,0.0,129.9900055,0
5,4,1,1,299.980011,60.0,299.980011,4
2,2,0,1,164.3800049,1.639999986,164.3800049,0
2,1,1,5,250.0,30.0,50.0,0
2,4,-2,4,239.9600067,13.19999981,59.99000168,2
2,1,1,1,99.98999786,10.0,99.98999786,0
4,4,0,4,399.9599915,20.0,99.98999786,1
2,2,0,1,452.0400085,113.0100021,452.0400085,4
5,2,3,5,299.9500122,53.99000168,59.99000168,1
5,4,1,4,200.0,0.0,50.0,1
6,4,2,4,239.9600067,35.99000168,59.99000168,1
2,1,1,4,120.0,20.39999962,30.0,0
2,1,1,4,200.0,26.0,50.0,0
1,0,1,4,200.0,6.0,50.0,0
2,4,-2,1,129.9900055,16.89999962,129.9900055,2
5,2,3,5,499.9500122,74.98999786,99.98999786,1
2,1,1,1,129.9900055,7.150000095,129.9900055,0
5,4,1,3,299.9700012,3.0,99.98999786,1
2,4,-2,4,119.9599991,20.38999939,29.98999977,2
6,4,2,1,399.980011,20.0,399.980011,4
2,4,-2,1,357.1000061,14.27999973,357.1000061,2
2,1,1,3,150.0,3.0,50.0,0
4,2,2,3,299.9700012,74.98999786,99.98999786,1
5,2,3,1,399.980011,60.0,399.980011,4
4,4,0,1,199.9900055,50.0,199.9900055,4
6,4,2,1,399.980011,80.0,399.980011,4
3,4,-1,1,100.0,12.0,100.0,2
4,2,2,4,239.9600067,2.400000095,59.99000168,1
3,4,-1,2,79.98000336,5.599999905,39.99000168,2
6,4,2,1,199.9900055,30.0,199.9900055,3
2,2,0,1,99.98999786,12.0,99.98999786,0
0,0,0,4,239.9600067,4.800000191,59.99000168,0
3,2,1,3,149.9400024,25.48999977,49.97999954,0
5,2,3,5,124.9499969,1.25,24.98999977,1
3,4,-1,1,24.98999977,1.25,24.98999977,2
3,4,-1,1,299.980011,54.0,299.980011,4
2,1,1,2,79.98000336,14.39999962,39.99000168,0
4,4,0,2,100.0,5.5,50.0,3
2,1,1,5,499.9500122,5.0,99.98999786,1
2,4,-2,1,399.980011,68.0,399.980011,4
2,1,1,5,250.0,32.5,50.0,0
3,4,-1,4,399.9599915,0.0,99.98999786,1
3,4,-1,5,249.8999939,44.97999954,49.97999954,1
6,2,4,1,252.8800049,30.35000038,252.8800049,3
6,2,4,1,399.980011,60.0,399.980011,4
1,0,1,5,350.0,3.5,70.0,0
4,4,0,4,159.9600067,25.59000015,39.99000168,1
5,4,1,1,199.9900055,0.0,199.9900055,3
2,2,0,1,399.980011,20.0,399.980011,4
6,2,4,5,249.8999939,0.0,49.97999954,1
4,4,0,5,299.9500122,50.99000168,59.99000168,1
2,1,1,3,299.9700012,59.99000168,99.98999786,0
2,2,0,4,239.9600067,0.0,59.99000168,0
2,1,1,1,399.980011,72.0,399.980011,4
3,4,-1,1,399.980011,12.0,399.980011,4
5,2,3,4,100.0,4.0,25.0,3
2,1,1,1,399.980011,36.0,399.980011,4
6,2,4,1,59.99000168,1.799999952,59.99000168,3
3,2,1,4,239.9600067,12.0,59.99000168,1
4,4,0,1,399.980011,68.0,399.980011,4
2,2,0,1,399.980011,100.0,399.980011,4
6,2,4,5,249.8999939,49.97999954,49.97999954,1
3,2,1,4,39.95999908,4.0,9.989999771,0
3,4,-1,1,199.9900055,2.0,199.9900055,2
2,1,1,5,249.8999939,32.49000168,49.97999954,0
2,1,1,4,99.95999908,1.0,24.98999977,0
2,4,-2,4,239.9600067,38.38999939,59.99000168,2
2,1,1,1,399.980011,48.0,399.980011,4
4,4,0,5,250.0,50.0,50.0,1
6,4,2,1,399.980011,40.0,399.980011,4
3,4,-1,4,200.0,0.0,50.0,2
3,2,1,3,150.0,0.0,50.0,0
3,2,1,3,149.9400024,1.5,49.97999954,0
5,2,3,5,149.9499969,23.98999977,29.98999977,1
6,4,2,1,59.99000168,15.0,59.99000168,3
4,4,0,1,299.980011,21.0,299.980011,4
3,4,-1,2,100.0,1.0,50.0,2
3,4,-1,3,149.9400024,26.98999977,49.97999954,2
6,4,2,1,59.99000168,2.400000095,59.99000168,3
5,4,1,1,299.980011,21.0,299.980011,4
5,4,1,1,129.9900055,3.900000095,129.9900055,3
4,4,0,1,129.9900055,23.39999962,129.9900055,3
3,4,-1,5,299.9500122,44.99000168,59.99000168,1
2,1,1,3,179.9700012,7.199999809,59.99000168,0
2,2,0,3,155.9700012,8.579999924,51.99000168,0
6,4,2,3,179.9700012,35.99000168,59.99000168,3
5,4,1,3,150.0,3.0,50.0,3
0,0,0,1,129.9900055,22.10000038,129.9900055,0
2,4,-2,3,179.9700012,32.38999939,59.99000168,2
4,4,0,3,299.9700012,50.99000168,99.98999786,1
5,4,1,2,99.95999908,5.5,49.97999954,3
3,4,-1,1,129.9900055,13.0,129.9900055,2
2,4,-2,3,179.9700012,28.79999924,59.99000168,2
2,4,-2,5,199.9499969,23.98999977,39.99000168,2
2,1,1,1,199.9900055,50.0,199.9900055,0
2,1,1,1,50.0,12.5,50.0,0
3,2,1,1,399.980011,52.0,399.980011,4
3,4,-1,1,129.9900055,16.89999962,129.9900055,2
5,4,1,1,129.9900055,16.89999962,129.9900055,3
5,4,1,1,299.980011,45.0,299.980011,4
4,4,0,1,129.9900055,1.299999952,129.9900055,3
2,1,1,1,50.0,5.0,50.0,0
4,4,0,2,119.9800034,10.80000019,59.99000168,3
3,2,1,1,299.980011,75.0,299.980011,4
2,1,1,1,129.9900055,6.5,129.9900055,0
6,2,4,1,59.99000168,3.0,59.99000168,3
5,4,1,3,179.9700012,21.60000038,59.99000168,1
2,1,1,3,179.9700012,27.0,59.99000168,0
2,4,-2,5,299.9500122,47.99000168,59.99000168,1
3,4,-1,1,215.8200073,43.15999985,215.8200073,2
3,4,-1,2,99.95999908,10.0,49.97999954,2
5,2,3,1,199.9900055,2.0,199.9900055,3
2,1,1,3,150.0,7.5,50.0,0
2,4,-2,1,399.980011,52.0,399.980011,4
3,4,-1,1,129.9900055,5.199999809,129.9900055,2
4,4,0,3,299.9700012,48.0,99.98999786,1
2,2,0,1,299.980011,3.0,299.980011,0
5,4,1,1,99.98999786,1.0,99.98999786,3
5,4,1,1,129.9900055,15.60000038,129.9900055,3
5,4,1,4,239.9600067,35.99000168,59.99000168,1
1,0,1,4,159.9600067,4.800000191,39.99000168,0
2,4,-2,1,129.9900055,0.0,129.9900055,2
6,4,2,1,299.980011,12.0,299.980011,3
5,4,1,1,199.9900055,6.0,199.9900055,3
6,2,4,3,149.9400024,3.0,49.97999954,3
3,4,-1,2,119.9800034,19.20000076,59.99000168,2
6,2,4,4,207.9600067,27.03000069,51.99000168,1
6,4,2,1,17.98999977,2.880000114,17.98999977,3
6,4,2,1,129.9900055,16.89999962,129.9900055,3
6,4,2,1,215.8200073,6.46999979,215.8200073,3
3,4,-1,1,399.980011,0.0,399.980011,4
2,1,1,4,159.9600067,14.39999962,39.99000168,0
6,4,2,1,399.980011,0.0,399.980011,4
2,4,-2,1,357.1000061,25.0,357.1000061,4
2,2,0,3,150.0,25.5,50.0,0
5,4,1,1,129.9900055,0.0,129.9900055,3
4,2,2,1,1500.0,375.0,1500.0,4
3,2,1,1,299.980011,12.0,299.980011,4
5,4,1,2,119.9800034,19.20000076,59.99000168,3
4,2,2,1,129.9900055,22.10000038,129.9900055,3
2,4,-2,5,250.0,7.5,50.0,2
5,4,1,1,199.9900055,32.0,199.9900055,3
6,4,2,1,59.99000168,7.199999809,59.99000168,3
5,2,3,3,284.9700012,42.75,94.98999786,1
3,2,1,2,19.97999954,0.800000012,9.989999771,0
2,4,-2,1,399.980011,100.0,399.980011,4
5,4,1,3,119.9700012,19.20000076,39.99000168,3
3,4,-1,1,299.980011,51.0,299.980011,4
2,2,0,1,299.980011,16.5,299.980011,4
3,4,-1,2,69.98000336,9.100000381,34.99000168,2
6,4,2,1,399.980011,16.0,399.980011,4
3,4,-1,1,199.9900055,0.0,199.9900055,2
5,2,3,1,299.980011,45.0,299.980011,4
1,0,1,1,50.0,6.5,50.0,0
1,0,1,1,129.9900055,2.599999905,129.9900055,0
5,4,1,4,239.9600067,16.79999924,59.99000168,1
2,1,1,1,59.99000168,6.0,59.99000168,0
4,2,2,2,39.97999954,0.400000006,19.98999977,3
3,4,-1,1,129.9900055,6.5,129.9900055,2
2,1,1,1,299.980011,9.0,299.980011,0
4,4,0,5,199.9499969,0.0,39.99000168,1
3,4,-1,1,24.98999977,0.75,24.98999977,2
3,4,-1,1,99.98999786,0.0,99.98999786,2
5,4,1,1,199.9900055,40.0,199.9900055,3
2,1,1,2,100.0,5.0,50.0,0
6,2,4,4,239.9600067,16.79999924,59.99000168,1
3,2,1,5,250.0,32.5,50.0,1
2,2,0,1,129.9900055,23.39999962,129.9900055,0
6,4,2,4,399.9599915,71.98999786,99.98999786,1
6,4,2,1,199.9900055,32.0,199.9900055,3
5,4,1,1,129.9900055,9.100000381,129.9900055,3
6,2,4,1,129.9900055,20.79999924,129.9900055,3
6,4,2,3,95.97000122,1.919999957,31.98999977,3
3,4,-1,2,99.95999908,3.0,49.97999954,2
6,4,2,1,129.9900055,0.0,129.9900055,3
2,1,1,1,199.9900055,32.0,199.9900055,0
6,4,2,3,179.9700012,30.59000015,59.99000168,3
6,2,4,1,50.0,6.5,50.0,3
3,2,1,1,399.980011,28.0,399.980011,4
3,4,-1,4,239.9600067,12.0,59.99000168,2
4,4,0,1,299.980011,12.0,299.980011,4
4,2,2,5,499.9500122,50.0,99.98999786,1
3,4,-1,2,199.9799957,0.0,99.98999786,2
3,2,1,1,299.980011,51.0,299.980011,4
4,4,0,1,179.9900055,28.79999924,179.9900055,2
6,2,4,1,129.9900055,16.89999962,129.9900055,3
6,4,2,3,179.9700012,30.59000015,59.99000168,3
6,4,2,1,299.980011,9.0,299.980011,3
4,4,0,1,49.97999954,6.5,49.97999954,3
1,0,1,2,29.97999954,0.0,14.98999977,0
6,2,4,1,129.9900055,11.69999981,129.9900055,3
2,4,-2,2,119.9800034,21.60000038,59.99000168,2
2,1,1,5,199.9499969,33.99000168,39.99000168,0
3,4,-1,3,150.0,19.5,50.0,2
6,4,2,1,129.9900055,1.299999952,129.9900055,3
5,4,1,1,129.9900055,9.100000381,129.9900055,3
6,2,4,1,129.9900055,9.100000381,129.9900055,3
3,4,-1,1,129.9900055,32.5,129.9900055,2
6,4,2,5,250.0,30.0,50.0,1
3,4,-1,5,299.9500122,53.99000168,59.99000168,1
6,4,2,1,399.980011,36.0,399.980011,4
5,2,3,1,129.9900055,32.5,129.9900055,3
4,4,0,3,150.0,27.0,50.0,1
3,4,-1,1,299.980011,30.0,299.980011,4
5,4,1,1,39.99000168,3.599999905,39.99000168,3
3,2,1,4,199.9199982,2.0,49.97999954,0
2,1,1,1,299.980011,0.0,299.980011,0
3,4,-1,1,399.9899902,8.0,399.9899902,4
5,4,1,3,150.0,19.5,50.0,3
4,2,2,5,499.9500122,45.0,99.98999786,1
2,2,0,5,250.0,12.5,50.0,1
2,4,-2,3,179.9700012,16.20000076,59.99000168,2
3,4,-1,1,50.0,6.5,50.0,2
3,4,-1,1,199.9900055,20.0,199.9900055,2
2,1,1,4,159.9600067,25.59000015,39.99000168,0
2,1,1,2,119.9800034,19.20000076,59.99000168,0
2,4,-2,1,50.0,0.0,50.0,2
5,2,3,3,150.0,10.5,50.0,3
4,4,0,2,99.95999908,12.98999977,49.97999954,3
6,4,2,1,129.9900055,11.69999981,129.9900055,3
2,4,-2,5,299.9500122,47.99000168,59.99000168,1
4,4,0,3,119.9700012,14.39999962,39.99000168,2
6,4,2,5,499.9500122,64.98999786,99.98999786,1
4,4,0,4,200.0,30.0,50.0,1
5,4,1,5,250.0,25.0,50.0,1
6,2,4,5,249.8999939,62.47999954,49.97999954,1
4,4,0,1,39.75,1.590000033,39.75,3
2,1,1,1,399.980011,8.0,399.980011,4
3,4,-1,1,299.980011,36.0,299.980011,4
6,4,2,1,399.980011,4.0,399.980011,4
2,2,0,1,129.9900055,0.0,129.9900055,0
3,4,-1,5,249.8999939,32.49000168,49.97999954,1
6,2,4,5,199.9499969,8.0,39.99000168,1
3,4,-1,1,399.980011,4.0,399.980011,4
2,1,1,1,399.980011,22.0,399.980011,4
6,4,2,4,199.9199982,8.0,49.97999954,1
5,2,3,1,129.9900055,2.599999905,129.9900055,3
2,4,-2,5,250.0,7.5,50.0,2
4,4,0,2,99.95999908,10.0,49.97999954,3
4,4,0,4,63.95999908,5.760000229,15.98999977,1
0,0,0,5,325.0,6.5,65.0,0
0,0,0,2,79.98000336,1.600000024,39.99000168,0
2,1,1,3,284.9700012,56.99000168,94.98999786,0
3,4,-1,3,149.9400024,29.98999977,49.97999954,2
3,4,-1,2,199.9799957,26.0,99.98999786,2
2,4,-2,2,60.0,4.199999809,30.0,2
6,4,2,3,149.9400024,6.0,49.97999954,3
5,4,1,1,299.980011,27.0,299.980011,4
3,2,1,3,179.9700012,18.0,59.99000168,0
2,2,0,3,150.0,24.0,50.0,0
5,2,3,1,129.9900055,15.60000038,129.9900055,3
2,2,0,1,129.9900055,5.199999809,129.9900055,0
4,4,0,1,129.9900055,15.60000038,129.9900055,3
2,4,-2,1,299.980011,48.0,299.980011,4
6,2,4,3,210.0,0.0,70.0,3
5,4,1,1,199.9900055,40.0,199.9900055,3
2,4,-2,1,399.980011,20.0,399.980011,4
2,2,0,2,99.95999908,16.98999977,49.97999954,0
5,2,3,1,215.8200073,4.320000172,215.8200073,3
5,4,1,1,189.0,5.670000076,189.0,3
6,4,2,2,119.9800034,14.39999962,59.99000168,3
6,4,2,1,129.9900055,23.39999962,129.9900055,3
2,4,-2,5,299.9500122,21.0,59.99000168,2
3,4,-1,1,199.9900055,6.0,199.9900055,2
4,4,0,1,299.980011,3.0,299.980011,4
2,4,-2,4,199.9199982,10.0,49.97999954,2
2,4,-2,1,99.98999786,0.0,99.98999786,2
5,4,1,1,59.99000168,3.0,59.99000168,3
3,4,-1,5,250.0,22.5,50.0,1
5,4,1,1,199.9900055,8.0,199.9900055,3
0,0,0,1,129.9900055,0.0,129.9900055,0
3,4,-1,2,100.0,12.0,50.0,2
5,4,1,5,139.9499969,27.98999977,27.98999977,1
4,2,2,1,199.9900055,20.0,199.9900055,3
6,4,2,5,199.9499969,2.0,39.99000168,1
4,4,0,1,199.9900055,11.0,199.9900055,3
5,4,1,1,129.9900055,1.299999952,129.9900055,3
5,2,3,2,100.0,7.0,50.0,3
3,4,-1,1,129.9900055,11.69999981,129.9900055,2
3,4,-1,1,399.980011,68.0,399.980011,4
6,4,2,1,199.9900055,30.0,199.9900055,3
4,4,0,4,280.0,2.799999952,70.0,1
2,4,-2,3,210.0,14.69999981,70.0,2
6,4,2,4,399.9599915,99.98999786,99.98999786,1
5,2,3,5,299.9500122,38.99000168,59.99000168,1
6,4,2,4,200.0,20.0,50.0,1
6,4,2,2,100.0,2.0,50.0,3
0,0,0,2,100.0,1.0,50.0,0
2,4,-2,1,299.980011,54.0,299.980011,4
6,4,2,1,399.980011,8.0,399.980011,4
5,4,1,5,299.9500122,0.0,59.99000168,1
2,4,-2,3,179.9700012,9.899999619,59.99000168,2
2,4,-2,2,79.98000336,4.0,39.99000168,2
5,4,1,2,119.9800034,12.0,59.99000168,3
3,4,-1,1,199.9900055,6.0,199.9900055,2
4,2,2,1,399.980011,52.0,399.980011,4
2,4,-2,4,159.9600067,16.0,39.99000168,2
2,4,-2,1,299.980011,12.0,299.980011,2
2,1,1,2,199.9799957,0.0,99.98999786,0
6,4,2,1,199.9900055,20.0,199.9900055,3
2,4,-2,4,199.9199982,0.0,49.97999954,2
4,4,0,1,299.980011,3.0,299.980011,4
5,4,1,2,99.95999908,0.0,49.97999954,3
2,2,0,1,299.980011,3.0,299.980011,0
2,4,-2,4,199.9199982,0.0,49.97999954,2
2,4,-2,5,79.94999695,4.0,15.98999977,2
2,1,1,5,74.94999695,14.98999977,14.98999977,0
2,4,-2,1,199.9900055,10.0,199.9900055,2
6,2,4,1,299.9899902,51.0,299.9899902,4
5,2,3,5,299.9500122,9.0,59.99000168,1
4,4,0,1,129.9900055,13.0,129.9900055,3
1,0,1,1,399.980011,100.0,399.980011,4
2,1,1,5,249.8999939,17.48999977,49.97999954,0
2,4,-2,1,199.9900055,14.0,199.9900055,2
2,4,-2,1,399.980011,52.0,399.980011,4
5,4,1,1,299.980011,36.0,299.980011,4
0,0,0,1,39.99000168,8.0,39.99000168,0
6,4,2,3,119.9700012,0.0,39.99000168,3
5,4,1,1,99.98999786,4.0,99.98999786,3
0,0,0,1,199.9900055,40.0,199.9900055,0
2,4,-2,2,99.95999908,2.0,49.97999954,2
6,4,2,1,50.0,6.0,50.0,3
6,4,2,1,50.0,10.0,50.0,3
0,0,0,4,200.0,6.0,50.0,0
5,4,1,3,299.9700012,36.0,99.98999786,1
3,2,1,1,199.9900055,6.0,199.9900055,0
6,2,4,4,199.9199982,6.0,49.97999954,3
4,2,2,1,59.99000168,6.0,59.99000168,3
4,4,0,1,399.980011,20.0,399.980011,4
2,1,1,1,199.9900055,20.0,199.9900055,0
6,4,2,1,299.980011,12.0,299.980011,3
4,4,0,4,159.9600067,8.0,39.99000168,1
1,0,1,4,239.9600067,4.800000191,59.99000168,0
4,4,0,1,299.980011,30.0,299.980011,4
4,4,0,5,250.0,32.5,50.0,1
2,2,0,4,280.0,8.399999619,70.0,0
3,4,-1,1,15.98999977,0.639999986,15.98999977,2
2,2,0,5,249.8999939,49.97999954,49.97999954,1
2,1,1,5,299.9500122,12.0,59.99000168,0
2,1,1,1,99.98999786,0.0,99.98999786,0
5,4,1,1,199.9900055,34.0,199.9900055,3
5,4,1,3,149.9400024,8.25,49.97999954,3
2,1,1,1,129.9900055,9.100000381,129.9900055,0
6,4,2,1,399.980011,40.0,399.980011,4
5,4,1,3,179.9700012,21.60000038,59.99000168,1
2,1,1,3,179.9700012,16.20000076,59.99000168,0
3,2,1,1,199.9900055,8.0,199.9900055,0
5,4,1,5,299.9500122,16.5,59.99000168,1
2,1,1,1,357.1000061,57.13999939,357.1000061,4
6,2,4,4,239.9600067,12.0,59.99000168,1
6,4,2,2,100.0,17.0,50.0,3
6,4,2,1,129.9900055,3.900000095,129.9900055,3
2,4,-2,1,299.980011,9.0,299.980011,2
5,2,3,1,189.0,18.89999962,189.0,3
3,4,-1,1,199.9900055,6.0,199.9900055,2
6,4,2,1,129.9900055,26.0,129.9900055,3
2,4,-2,5,249.8999939,49.97999954,49.97999954,1
2,4,-2,3,149.9400024,1.5,49.97999954,2
6,4,2,2,99.95999908,12.0,49.97999954,3
4,4,0,1,50.0,2.75,50.0,3
6,4,2,1,50.0,3.5,50.0,3
2,1,1,1,49.97999954,0.0,49.97999954,0
2,1,1,5,49.95000076,2.5,9.989999771,0
2,2,0,1,199.9900055,4.0,199.9900055,0
3,4,-1,4,199.9199982,49.97999954,49.97999954,1
4,4,0,3,150.0,30.0,50.0,1
1,0,1,1,299.980011,9.0,299.980011,0
3,2,1,1,199.9900055,26.0,199.9900055,0
6,4,2,5,299.9500122,16.5,59.99000168,1
5,4,1,4,159.9600067,31.98999977,39.99000168,1
6,4,2,1,30.0,3.599999905,30.0,3
3,4,-1,2,199.9799957,34.0,99.98999786,2
5,2,3,1,399.980011,68.0,399.980011,4
2,1,1,2,199.9799957,26.0,99.98999786,0
6,4,2,1,49.97999954,10.0,49.97999954,3
6,4,2,5,250.0,0.0,50.0,1
2,1,1,5,124.9499969,19.98999977,24.98999977,0
2,1,1,4,199.9199982,23.98999977,49.97999954,0
3,4,-1,3,179.9700012,30.59000015,59.99000168,2
4,4,0,1,399.980011,48.0,399.980011,4
2,1,1,1,399.980011,52.0,399.980011,4
4,2,2,2,100.0,20.0,50.0,3
6,4,2,5,499.9500122,99.98999786,99.98999786,1
3,2,1,5,299.9500122,27.0,59.99000168,1
5,2,3,2,119.9800034,18.0,59.99000168,3
6,4,2,1,199.9900055,26.0,199.9900055,3
6,4,2,1,299.980011,27.0,299.980011,4
6,4,2,1,299.980011,12.0,299.980011,3
4,4,0,1,124.9899979,31.25,124.9899979,3
2,4,-2,1,15.98999977,1.120000005,15.98999977,2
2,1,1,1,399.980011,48.0,399.980011,4
4,4,0,2,100.0,1.0,50.0,3
4,4,0,1,399.980011,60.0,399.980011,4
2,4,-2,1,199.9900055,26.0,199.9900055,2
3,4,-1,1,461.480011,9.229999542,461.480011,4
4,4,0,1,399.980011,48.0,399.980011,4
5,2,3,1,199.9900055,2.0,199.9900055,3
6,4,2,1,199.9900055,4.0,199.9900055,3
5,4,1,1,129.9900055,19.5,129.9900055,3
4,4,0,1,59.99000168,0.0,59.99000168,3
5,2,3,1,59.99000168,1.799999952,59.99000168,3
4,4,0,3,299.9700012,53.99000168,99.98999786,1
5,2,3,1,299.980011,60.0,299.980011,4
4,4,0,3,150.0,4.5,50.0,2
3,4,-1,1,15.98999977,2.880000114,15.98999977,2
4,2,2,5,250.0,37.5,50.0,1
5,2,3,1,129.9900055,15.60000038,129.9900055,3
3,4,-1,1,461.480011,13.84000015,461.480011,4
2,1,1,3,150.0,4.5,50.0,0
3,4,-1,1,11.53999996,0.629999995,11.53999996,2
5,4,1,1,399.980011,16.0,399.980011,4
2,2,0,2,99.95999908,15.98999977,49.97999954,0
4,2,2,1,199.9900055,20.0,199.9900055,3
6,4,2,1,399.980011,8.0,399.980011,4
6,4,2,2,99.95999908,10.0,49.97999954,3
2,1,1,4,159.9600067,28.79000092,39.99000168,0
4,4,0,4,239.9600067,9.600000381,59.99000168,1
2,1,1,1,129.9900055,2.599999905,129.9900055,0
5,4,1,1,129.9900055,22.10000038,129.9900055,3
2,1,1,1,129.9900055,7.150000095,129.9900055,0
3,2,1,1,99.98999786,1.0,99.98999786,0
2,1,1,5,250.0,42.5,50.0,1
2,2,0,4,199.9199982,39.97999954,49.97999954,0
2,4,-2,3,149.9400024,13.48999977,49.97999954,2
4,4,0,4,159.9600067,27.19000053,39.99000168,1
2,4,-2,3,299.9700012,53.99000168,99.98999786,2
5,4,1,5,299.9500122,30.0,59.99000168,1
5,4,1,1,299.980011,48.0,299.980011,4
3,4,-1,1,129.9900055,22.10000038,129.9900055,2
2,1,1,3,74.97000122,0.0,24.98999977,0
2,1,1,1,199.9900055,26.0,199.9900055,0
2,4,-2,3,119.9700012,21.59000015,39.99000168,2
2,4,-2,1,49.97999954,8.5,49.97999954,2
2,4,-2,1,129.9900055,0.0,129.9900055,2
3,4,-1,5,250.0,62.5,50.0,1
2,1,1,3,150.0,10.5,50.0,0
6,4,2,1,129.9900055,7.150000095,129.9900055,3
5,2,3,1,129.9900055,3.900000095,129.9900055,3
3,4,-1,4,200.0,50.0,50.0,1
5,4,1,3,119.9700012,1.200000048,39.99000168,3
5,4,1,3,150.0,18.0,50.0,3
2,4,-2,1,129.9900055,1.299999952,129.9900055,2
2,1,1,1,129.9900055,23.39999962,129.9900055,0
6,2,4,1,299.980011,51.0,299.980011,4
3,4,-1,1,129.9900055,20.79999924,129.9900055,2
5,4,1,1,129.9900055,26.0,129.9900055,3
2,4,-2,1,399.980011,4.0,399.980011,4
3,4,-1,1,50.0,0.5,50.0,2
5,2,3,3,179.9700012,18.0,59.99000168,3
2,1,1,5,159.9499969,14.39999962,31.98999977,0
3,4,-1,5,249.8999939,12.5,49.97999954,1
6,4,2,1,452.0400085,90.41000366,452.0400085,4
3,4,-1,1,129.9900055,22.10000038,129.9900055,2
5,4,1,2,199.9799957,11.0,99.98999786,3
6,4,2,2,19.97999954,0.0,9.989999771,3
2,1,1,1,299.9899902,27.0,299.9899902,0
4,4,0,1,129.9900055,5.199999809,129.9900055,3
4,4,0,3,179.9700012,1.799999952,59.99000168,2
3,4,-1,1,59.08000183,14.77000046,59.08000183,2
2,1,1,2,100.0,10.0,50.0,0
2,4,-2,4,239.9600067,12.0,59.99000168,2
5,2,3,1,99.98999786,10.0,99.98999786,3
2,1,1,1,129.9900055,11.69999981,129.9900055,0
2,4,-2,1,299.980011,51.0,299.980011,4
6,4,2,1,199.9900055,2.0,199.9900055,3
2,4,-2,4,239.9600067,31.19000053,59.99000168,2
3,4,-1,2,100.0,3.0,50.0,2
6,4,2,3,155.9700012,6.239999771,51.99000168,3
5,4,1,1,357.1000061,46.41999817,357.1000061,4
5,2,3,2,199.9799957,36.0,99.98999786,3
6,4,2,1,129.9900055,7.150000095,129.9900055,3
4,4,0,1,399.980011,22.0,399.980011,4
2,4,-2,5,150.0,10.5,30.0,2
2,4,-2,3,179.9700012,7.199999809,59.99000168,2
2,1,1,1,327.75,32.77999878,327.75,4
3,4,-1,1,532.5800171,53.25999832,532.5800171,4
3,4,-1,4,191.9600067,23.04000092,47.99000168,1
4,4,0,1,21.98999977,3.519999981,21.98999977,3
6,4,2,1,50.0,9.0,50.0,3
2,4,-2,1,11.53999996,0.810000002,11.53999996,2
3,4,-1,1,49.97999954,4.5,49.97999954,2
2,4,-2,1,129.9900055,7.150000095,129.9900055,2
3,4,-1,1,399.980011,8.0,399.980011,4
4,2,2,1,129.9900055,22.10000038,129.9900055,3
2,1,1,1,399.980011,20.0,399.980011,4
2,4,-2,1,399.980011,64.0,399.980011,4
4,4,0,1,299.980011,15.0,299.980011,4
6,2,4,4,199.9199982,2.0,49.97999954,3
1,0,1,1,59.99000168,12.0,59.99000168,0
4,4,0,2,79.98000336,9.600000381,39.99000168,3
4,2,2,3,150.0,18.0,50.0,3
6,4,2,5,249.8999939,5.0,49.97999954,1
1,0,1,1,129.9900055,26.0,129.9900055,0
2,1,1,1,199.9900055,34.0,199.9900055,0
2,4,-2,1,129.9900055,16.89999962,129.9900055,2
5,4,1,1,129.9900055,20.79999924,129.9900055,3
6,4,2,1,299.980011,6.0,299.980011,3
5,2,3,4,239.9600067,0.0,59.99000168,1
2,2,0,2,79.98000336,12.80000019,39.99000168,0
3,4,-1,5,250.0,42.5,50.0,1
6,4,2,2,99.95999908,4.0,49.97999954,3
2,1,1,1,399.980011,12.0,399.980011,4
2,2,0,1,399.980011,12.0,399.980011,4
2,2,0,5,239.9499969,13.19999981,47.99000168,1
5,4,1,3,150.0,0.0,50.0,3
2,2,0,5,249.8999939,29.98999977,49.97999954,1
6,2,4,2,99.95999908,4.0,49.97999954,3
1,0,1,3,149.9400024,1.5,49.97999954,0
6,2,4,1,299.980011,0.0,299.980011,3
2,4,-2,4,139.9600067,22.38999939,34.99000168,2
4,4,0,3,179.9700012,5.400000095,59.99000168,1
5,2,3,1,49.97999954,10.0,49.97999954,3
3,4,-1,5,499.9500122,79.98999786,99.98999786,1
5,4,1,3,119.9700012,4.800000191,39.99000168,3
6,4,2,1,199.9900055,6.0,199.9900055,3
2,1,1,2,199.9799957,20.0,99.98999786,0
5,2,3,4,63.95999908,3.519999981,15.98999977,3
1,0,1,4,199.9199982,13.98999977,49.97999954,0
4,4,0,1,399.980011,12.0,399.980011,4
5,4,1,3,299.9700012,50.99000168,99.98999786,1
1,0,1,5,249.8999939,12.5,49.97999954,0
2,1,1,1,50.0,6.0,50.0,0
1,0,1,4,239.9600067,28.79999924,59.99000168,0
6,4,2,1,129.9900055,9.100000381,129.9900055,3
2,1,1,2,99.95999908,9.0,49.97999954,0
5,4,1,1,299.980011,16.5,299.980011,4
2,4,-2,2,99.95999908,17.98999977,49.97999954,2
2,2,0,1,399.980011,28.0,399.980011,4
4,4,0,1,215.8200073,11.86999989,215.8200073,2
3,4,-1,1,59.99000168,9.0,59.99000168,2
6,2,4,1,59.99000168,5.400000095,59.99000168,3
5,2,3,1,199.9900055,32.0,199.9900055,3
3,2,1,3,149.9400024,25.48999977,49.97999954,0
0,0,0,1,129.9900055,16.89999962,129.9900055,0
5,4,1,1,129.9900055,1.299999952,129.9900055,3
2,1,1,5,250.0,0.0,50.0,0
2,2,0,1,299.980011,51.0,299.980011,4
5,2,3,1,452.0400085,22.60000038,452.0400085,4
5,4,1,1,199.9900055,32.0,199.9900055,3
4,4,0,1,199.9900055,6.0,199.9900055,3
3,4,-1,3,150.0,1.5,50.0,2
4,2,2,5,99.94999695,7.0,19.98999977,1
2,1,1,1,452.0400085,58.77000046,452.0400085,4
4,4,0,1,399.980011,64.0,399.980011,4
6,4,2,2,119.9800034,8.399999619,59.99000168,3
2,4,-2,1,129.9900055,26.0,129.9900055,2
2,4,-2,1,99.98999786,15.0,99.98999786,2
2,4,-2,5,249.8999939,49.97999954,49.97999954,1
0,0,0,4,399.9599915,8.0,99.98999786,0
6,2,4,1,399.980011,60.0,399.980011,4
2,1,1,1,24.98999977,1.370000005,24.98999977,0
3,4,-1,1,399.980011,48.0,399.980011,4
3,4,-1,5,299.9500122,21.0,59.99000168,1
3,4,-1,1,399.980011,68.0,399.980011,4
5,4,1,5,299.9500122,74.98999786,59.99000168,1
4,4,0,3,179.9700012,32.38999939,59.99000168,1
0,0,0,3,179.9700012,21.60000038,59.99000168,0
2,1,1,1,39.99000168,1.600000024,39.99000168,0
5,4,1,1,532.5800171,29.29000092,532.5800171,4
0,0,0,1,299.980011,16.5,299.980011,0
3,4,-1,4,239.9600067,43.18999863,59.99000168,1
4,2,2,2,99.95999908,10.0,49.97999954,3
3,4,-1,1,129.9900055,9.100000381,129.9900055,2
5,4,1,3,150.0,22.5,50.0,3
4,4,0,5,109.9499969,1.100000024,21.98999977,1
2,1,1,3,149.9400024,3.0,49.97999954,0
2,4,-2,4,199.9199982,17.98999977,49.97999954,2
2,4,-2,3,179.9700012,21.60000038,59.99000168,2
2,1,1,1,84.40000153,15.18999958,84.40000153,0
3,4,-1,2,119.9800034,30.0,59.99000168,2
2,4,-2,1,199.9900055,14.0,199.9900055,2
5,4,1,1,399.980011,40.0,399.980011,4
3,4,-1,3,179.9700012,27.0,59.99000168,2
5,4,1,3,65.97000122,8.579999924,21.98999977,3
6,4,2,3,74.97000122,5.25,24.98999977,3
2,2,0,1,299.980011,54.0,299.980011,4
3,2,1,1,399.980011,4.0,399.980011,4
3,4,-1,5,109.9499969,3.299999952,21.98999977,1
4,4,0,1,59.99000168,9.0,59.99000168,3
2,4,-2,4,239.9600067,38.38999939,59.99000168,2
5,4,1,5,299.9500122,44.99000168,59.99000168,1
5,4,1,1,399.980011,64.0,399.980011,4
5,4,1,3,149.9400024,26.98999977,49.97999954,1
4,4,0,2,100.0,3.0,50.0,3
5,4,1,2,199.9799957,36.0,99.98999786,3
3,4,-1,3,179.9700012,21.60000038,59.99000168,2
6,2,4,4,199.9199982,4.0,49.97999954,3
2,1,1,1,399.980011,22.0,399.980011,4
4,4,0,5,199.9499969,6.0,39.99000168,1
3,4,-1,4,200.0,6.0,50.0,2
2,4,-2,5,299.9500122,21.0,59.99000168,2
2,1,1,1,299.980011,27.0,299.980011,0
0,0,0,3,149.9400024,23.98999977,49.97999954,0
0,0,0,1,215.8200073,34.52999878,215.8200073,0
2,4,-2,1,129.9900055,15.60000038,129.9900055,2
2,2,0,1,129.9900055,0.0,129.9900055,0
6,2,4,5,249.8999939,10.0,49.97999954,1
4,4,0,5,250.0,22.5,50.0,1
6,4,2,2,99.95999908,15.98999977,49.97999954,3
1,0,1,5,124.9499969,22.48999977,24.98999977,0
3,4,-1,5,299.9500122,44.99000168,59.99000168,1
2,4,-2,5,249.8999939,12.5,49.97999954,2
2,1,1,3,89.97000122,16.19000053,29.98999977,0
3,2,1,1,399.980011,100.0,399.980011,4
3,2,1,3,179.9700012,5.400000095,59.99000168,0
2,1,1,1,399.980011,72.0,399.980011,4
5,4,1,2,119.9800034,14.39999962,59.99000168,3
3,4,-1,1,49.97999954,8.0,49.97999954,2
2,4,-2,5,499.9500122,15.0,99.98999786,1
5,4,1,2,39.97999954,8.0,19.98999977,3
6,4,2,2,99.95999908,17.98999977,49.97999954,3
3,4,-1,4,319.9599915,38.40000153,79.98999786,1
4,4,0,5,499.9500122,99.98999786,99.98999786,1
0,0,0,1,49.97999954,6.5,49.97999954,0
5,4,1,1,299.980011,9.0,299.980011,3
4,4,0,2,100.0,4.0,50.0,3
3,2,1,1,399.980011,16.0,399.980011,4
3,4,-1,5,199.9499969,20.0,39.99000168,1
2,1,1,2,100.0,0.0,50.0,0
3,2,1,4,191.9600067,30.70999908,47.99000168,1
6,4,2,1,199.9900055,24.0,199.9900055,3
5,2,3,1,129.9900055,20.79999924,129.9900055,3
0,0,0,1,50.0,6.0,50.0,0
4,2,2,2,99.95999908,4.0,49.97999954,3
6,2,4,4,200.0,6.0,50.0,3
2,1,1,1,299.980011,15.0,299.980011,0
1,0,1,4,159.9600067,11.19999981,39.99000168,0
2,1,1,1,399.980011,80.0,399.980011,4
2,4,-2,1,199.9900055,8.0,199.9900055,2
3,4,-1,4,199.9199982,31.98999977,49.97999954,1
6,4,2,1,399.980011,20.0,399.980011,4
6,4,2,4,199.9199982,49.97999954,49.97999954,1
5,4,1,1,50.0,6.0,50.0,3
5,4,1,3,149.9400024,19.48999977,49.97999954,3
1,0,1,1,199.9900055,2.0,199.9900055,0
5,4,1,3,150.0,13.5,50.0,3
2,1,1,1,199.9900055,24.0,199.9900055,0
3,2,1,1,399.980011,48.0,399.980011,4
6,4,2,4,239.9600067,4.800000191,59.99000168,1
0,0,0,1,99.98999786,13.0,99.98999786,0
2,2,0,2,79.98000336,16.0,39.99000168,0
3,4,-1,4,159.9600067,14.39999962,39.99000168,2
3,2,1,1,129.9900055,6.5,129.9900055,0
3,4,-1,5,199.9499969,23.98999977,39.99000168,1
2,1,1,3,179.9700012,23.39999962,59.99000168,0
6,4,2,1,129.9900055,23.39999962,129.9900055,3
4,2,2,3,179.9700012,44.99000168,59.99000168,1
4,4,0,1,299.980011,12.0,299.980011,4
2,1,1,1,199.9900055,30.0,199.9900055,0
2,1,1,1,399.980011,52.0,399.980011,4
2,4,-2,1,59.99000168,2.400000095,59.99000168,2
4,4,0,1,299.980011,16.5,299.980011,4
2,1,1,1,49.97999954,5.0,49.97999954,0
3,2,1,1,399.980011,48.0,399.980011,4
5,4,1,1,399.980011,0.0,399.980011,4
4,4,0,5,250.0,37.5,50.0,1
6,4,2,5,299.9500122,9.0,59.99000168,1
2,1,1,2,99.95999908,1.0,49.97999954,0
5,4,1,2,99.95999908,9.0,49.97999954,3
5,2,3,1,199.9900055,30.0,199.9900055,3
4,4,0,1,164.3800049,41.09999847,164.3800049,2
3,4,-1,1,199.9900055,26.0,199.9900055,2
2,4,-2,1,129.9900055,6.5,129.9900055,2
6,4,2,1,129.9900055,6.5,129.9900055,3
2,1,1,1,399.980011,68.0,399.980011,4
3,4,-1,5,250.0,2.5,50.0,1
2,1,1,4,159.9600067,6.400000095,39.99000168,0
5,4,1,3,179.9700012,9.0,59.99000168,3
6,4,2,1,49.97999954,1.5,49.97999954,3
3,2,1,3,179.9700012,1.799999952,59.99000168,0
1,0,1,3,149.9400024,25.48999977,49.97999954,0
4,4,0,2,100.0,0.0,50.0,3
4,4,0,5,79.94999695,3.200000048,15.98999977,1
2,1,1,1,461.480011,78.44999695,461.480011,4
5,4,1,1,59.99000168,1.200000048,59.99000168,3
2,2,0,2,119.9800034,10.80000019,59.99000168,0
4,4,0,1,129.9900055,2.599999905,129.9900055,3
3,2,1,1,179.9900055,3.599999905,179.9900055,0
6,2,4,5,299.9500122,50.99000168,59.99000168,1
4,4,0,4,239.9600067,47.99000168,59.99000168,1
2,4,-2,1,24.98999977,6.25,24.98999977,2
4,4,0,2,99.95999908,9.0,49.97999954,3
2,1,1,3,149.9400024,29.98999977,49.97999954,0
2,1,1,2,199.9799957,14.0,99.98999786,0
0,0,0,1,199.9900055,10.0,199.9900055,0
2,4,-2,4,207.9600067,27.03000069,51.99000168,2
3,4,-1,1,50.0,1.0,50.0,2
6,4,2,1,399.980011,4.0,399.980011,4
6,2,4,3,149.9400024,7.5,49.97999954,3
6,4,2,3,150.0,37.5,50.0,3
2,1,1,4,200.0,4.0,50.0,0
2,1,1,1,129.9900055,23.39999962,129.9900055,0
1,0,1,2,119.9800034,6.599999905,59.99000168,0
4,4,0,1,129.9900055,15.60000038,129.9900055,3
5,2,3,1,399.980011,72.0,399.980011,4
3,2,1,1,399.980011,68.0,399.980011,4
5,4,1,3,179.9700012,0.0,59.99000168,3
5,4,1,1,199.9900055,34.0,199.9900055,3
4,4,0,1,129.9900055,15.60000038,129.9900055,3
2,4,-2,1,299.980011,0.0,299.980011,2
3,4,-1,3,179.9700012,44.99000168,59.99000168,2
6,4,2,2,199.9799957,34.0,99.98999786,3
2,4,-2,1,129.9900055,26.0,129.9900055,2
3,4,-1,2,119.9800034,4.800000191,59.99000168,2
3,2,1,3,150.0,15.0,50.0,0
3,2,1,3,149.9400024,13.48999977,49.97999954,0
5,2,3,5,250.0,32.5,50.0,1
5,4,1,5,249.8999939,7.5,49.97999954,1
2,1,1,1,164.3800049,32.88000107,164.3800049,0
2,4,-2,1,299.980011,51.0,299.980011,4
6,2,4,1,129.9900055,23.39999962,129.9900055,3
2,1,1,1,199.9900055,30.0,199.9900055,0
4,4,0,1,399.980011,48.0,399.980011,4
2,1,1,1,399.980011,72.0,399.980011,4
3,2,1,1,399.980011,100.0,399.980011,4
2,1,1,1,299.980011,27.0,299.980011,0
5,2,3,3,89.97000122,6.300000191,29.98999977,3
4,2,2,1,399.980011,60.0,399.980011,4
5,2,3,1,9.989999771,1.0,9.989999771,3
2,4,-2,3,119.9700012,15.60000038,39.99000168,2
2,4,-2,2,29.97999954,3.900000095,14.98999977,2
4,2,2,5,249.8999939,62.47999954,49.97999954,1
2,4,-2,5,250.0,42.5,50.0,1
2,4,-2,4,239.9600067,35.99000168,59.99000168,2
2,1,1,1,129.9900055,22.10000038,129.9900055,0
2,1,1,2,99.95999908,5.5,49.97999954,0
2,1,1,4,199.9199982,39.97999954,49.97999954,0
5,2,3,1,199.9900055,10.0,199.9900055,3
3,4,-1,2,119.9800034,20.39999962,59.99000168,2
4,2,2,1,327.75,39.33000183,327.75,4
5,2,3,1,129.9900055,5.199999809,129.9900055,3
6,4,2,5,99.94999695,11.98999977,19.98999977,1
3,2,1,1,11.53999996,2.309999943,11.53999996,0
3,4,-1,4,239.9600067,13.19999981,59.99000168,2
5,4,1,4,99.95999908,12.0,24.98999977,1
3,4,-1,1,399.980011,100.0,399.980011,4
3,4,-1,2,99.95999908,15.98999977,49.97999954,2
2,4,-2,3,179.9700012,16.20000076,59.99000168,2
2,2,0,2,100.0,17.0,50.0,0
5,2,3,4,200.0,18.0,50.0,1
2,1,1,3,149.9400024,19.48999977,49.97999954,0
2,1,1,1,399.980011,28.0,399.980011,4
4,4,0,1,299.980011,60.0,299.980011,4
6,2,4,3,119.9700012,18.0,39.99000168,3
6,4,2,5,199.9499969,35.99000168,39.99000168,1
5,2,3,3,150.0,15.0,50.0,3
4,4,0,1,129.9900055,11.69999981,129.9900055,3
3,4,-1,1,129.9900055,23.39999962,129.9900055,2
4,4,0,1,129.9900055,23.39999962,129.9900055,3
3,4,-1,1,299.980011,36.0,299.980011,4
3,4,-1,4,199.9199982,23.98999977,49.97999954,1
2,1,1,1,299.980011,39.0,299.980011,4
6,2,4,1,39.99000168,0.800000012,39.99000168,3
4,4,0,3,150.0,7.5,50.0,2
0,0,0,4,239.9600067,59.99000168,59.99000168,0
6,4,2,1,49.97999954,6.0,49.97999954,3
4,4,0,1,399.980011,8.0,399.980011,4
6,4,2,3,149.9400024,22.48999977,49.97999954,3
2,1,1,2,119.9800034,8.399999619,59.99000168,0
2,2,0,5,499.9500122,0.0,99.98999786,1
3,4,-1,1,30.0,5.099999905,30.0,2
5,4,1,5,499.9500122,27.5,99.98999786,1
5,4,1,1,532.5800171,69.23999786,532.5800171,4
2,1,1,1,129.9900055,26.0,129.9900055,0
3,4,-1,2,100.0,16.0,50.0,2
6,4,2,1,199.9900055,4.0,199.9900055,3
6,4,2,4,59.95999908,9.590000153,14.98999977,3
4,2,2,3,299.9700012,30.0,99.98999786,1
2,1,1,1,49.97999954,1.0,49.97999954,0
6,4,2,5,299.9500122,0.0,59.99000168,1
5,4,1,1,399.980011,36.0,399.980011,4
6,4,2,5,249.8999939,17.48999977,49.97999954,1
2,1,1,3,119.9700012,3.599999905,39.99000168,0
2,1,1,2,100.0,0.0,50.0,0
4,4,0,4,199.9199982,29.98999977,49.97999954,1
2,1,1,5,249.8999939,17.48999977,49.97999954,0
4,4,0,5,174.9499969,31.48999977,34.99000168,1
2,4,-2,1,129.9900055,0.0,129.9900055,2
3,2,1,1,293.0400085,26.37000084,293.0400085,4
6,4,2,5,299.9500122,74.98999786,59.99000168,1
4,2,2,1,299.980011,0.0,299.980011,3
6,4,2,3,299.9700012,45.0,99.98999786,1
3,4,-1,1,129.9900055,32.5,129.9900055,2
5,4,1,1,129.9900055,23.39999962,129.9900055,3
3,4,-1,1,59.99000168,10.80000019,59.99000168,2
2,2,0,4,399.9599915,48.0,99.98999786,1
6,2,4,1,129.9900055,15.60000038,129.9900055,3
4,4,0,4,59.95999908,0.600000024,14.98999977,1
0,0,0,2,199.9799957,30.0,99.98999786,0
6,4,2,1,129.9900055,11.69999981,129.9900055,3
6,2,4,1,399.980011,16.0,399.980011,4
5,4,1,1,399.980011,8.0,399.980011,4
2,2,0,1,129.9900055,2.599999905,129.9900055,0
6,4,2,1,129.9900055,26.0,129.9900055,3
6,2,4,2,100.0,20.0,50.0,3
5,2,3,1,399.980011,72.0,399.980011,4
5,4,1,2,119.9800034,12.0,59.99000168,3
2,4,-2,1,299.980011,9.0,299.980011,2
5,4,1,1,50.0,6.0,50.0,3
6,4,2,3,149.9400024,13.48999977,49.97999954,3
2,2,0,5,224.9499969,38.24000168,44.99000168,1
6,2,4,3,74.97000122,3.0,24.98999977,3
2,4,-2,3,150.0,25.5,50.0,2
2,4,-2,1,327.75,81.94000244,327.75,4
2,1,1,1,399.980011,16.0,399.980011,4
2,1,1,1,299.980011,48.0,299.980011,4
6,4,2,5,250.0,25.0,50.0,1
3,4,-1,5,499.9500122,0.0,99.98999786,1
2,4,-2,1,399.980011,64.0,399.980011,4
4,2,2,1,164.3800049,3.289999962,164.3800049,3
2,1,1,2,99.95999908,16.98999977,49.97999954,0
5,4,1,4,239.9600067,0.0,59.99000168,1
5,4,1,5,250.0,25.0,50.0,1
4,2,2,1,59.99000168,9.600000381,59.99000168,3
5,2,3,5,499.9500122,0.0,99.98999786,1
5,4,1,1,49.97999954,9.0,49.97999954,3
5,4,1,1,199.9900055,14.0,199.9900055,3
4,2,2,1,399.980011,80.0,399.980011,4
3,4,-1,1,199.9900055,24.0,199.9900055,2
4,4,0,1,199.9900055,24.0,199.9900055,2
2,1,1,1,119.9899979,14.39999962,119.9899979,0
5,4,1,1,299.980011,75.0,299.980011,4
4,4,0,1,357.1000061,25.0,357.1000061,4
6,4,2,3,300.0,3.0,100.0,3
5,4,1,1,532.5800171,37.27999878,532.5800171,4
5,4,1,4,127.9599991,11.52000046,31.98999977,1
4,4,0,1,199.9900055,34.0,199.9900055,2
2,2,0,1,129.9900055,2.599999905,129.9900055,0
3,4,-1,1,399.980011,72.0,399.980011,4
5,4,1,1,199.9900055,11.0,199.9900055,3
4,4,0,1,49.97999954,4.5,49.97999954,3
0,0,0,1,59.99000168,2.400000095,59.99000168,0
5,2,3,5,250.0,37.5,50.0,1
2,1,1,1,299.980011,54.0,299.980011,4
2,2,0,4,399.9599915,12.0,99.98999786,1
3,4,-1,4,159.9600067,8.800000191,39.99000168,2
6,4,2,2,119.9800034,6.599999905,59.99000168,3
2,1,1,3,149.9400024,6.0,49.97999954,0
4,2,2,1,39.99000168,4.800000191,39.99000168,3
4,4,0,1,299.980011,30.0,299.980011,4
2,1,1,2,199.9799957,50.0,99.98999786,0
6,4,2,3,179.9700012,23.39999962,59.99000168,3
2,4,-2,1,260.6499939,44.31000137,260.6499939,2
3,2,1,4,239.9600067,13.19999981,59.99000168,1
4,4,0,3,179.9700012,30.59000015,59.99000168,1
5,2,3,1,129.9900055,23.39999962,129.9900055,3
4,2,2,1,399.980011,68.0,399.980011,4
5,2,3,5,159.9499969,25.59000015,31.98999977,1
1,0,1,1,49.97999954,2.0,49.97999954,0
6,4,2,2,99.95999908,2.0,49.97999954,3
6,2,4,3,299.9700012,30.0,99.98999786,3
2,1,1,2,199.9799957,30.0,99.98999786,0
5,4,1,1,252.8800049,63.22000122,252.8800049,4
5,4,1,5,199.9499969,18.0,39.99000168,1
2,4,-2,2,79.98000336,13.60000038,39.99000168,2
5,2,3,3,149.9400024,19.48999977,49.97999954,3
6,4,2,1,399.980011,52.0,399.980011,4
3,4,-1,4,199.9199982,0.0,49.97999954,2
5,4,1,2,99.95999908,7.0,49.97999954,3
2,1,1,2,199.9799957,18.0,99.98999786,0
3,4,-1,1,99.98999786,25.0,99.98999786,2
3,4,-1,1,252.8800049,25.29000092,252.8800049,2
2,2,0,5,249.8999939,2.5,49.97999954,1
2,1,1,1,215.8200073,6.46999979,215.8200073,0
6,4,2,1,299.980011,30.0,299.980011,4
2,4,-2,1,399.980011,12.0,399.980011,4
5,4,1,1,199.9900055,20.0,199.9900055,3
6,2,4,1,199.9900055,30.0,199.9900055,3
5,4,1,1,199.9900055,34.0,199.9900055,3
1,0,1,4,239.9600067,7.199999809,59.99000168,0
2,1,1,5,299.9500122,38.99000168,59.99000168,1
2,2,0,1,399.980011,12.0,399.980011,4
4,4,0,1,399.980011,20.0,399.980011,4
2,4,-2,3,150.0,3.0,50.0,2
3,4,-1,1,260.6499939,65.16000366,260.6499939,4
5,4,1,3,155.9700012,26.51000023,51.99000168,1
5,4,1,4,399.9599915,12.0,99.98999786,1
5,4,1,2,99.95999908,3.0,49.97999954,3
0,0,0,2,100.0,17.0,50.0,0
3,4,-1,1,299.980011,48.0,299.980011,4
5,4,1,1,260.6499939,2.609999895,260.6499939,3
5,2,3,1,129.9900055,23.39999962,129.9900055,3
3,4,-1,1,399.980011,64.0,399.980011,4
2,4,-2,1,399.980011,40.0,399.980011,4
3,4,-1,2,100.0,18.0,50.0,2
2,1,1,5,199.9499969,35.99000168,39.99000168,0
4,4,0,1,299.980011,9.0,299.980011,4
3,2,1,1,199.9900055,36.0,199.9900055,0
2,4,-2,3,299.9700012,59.99000168,99.98999786,2
5,2,3,3,179.9700012,9.0,59.99000168,3
3,2,1,1,99.98999786,3.0,99.98999786,0
3,4,-1,3,149.9400024,37.49000168,49.97999954,2
3,2,1,1,99.98999786,17.0,99.98999786,0
5,4,1,1,129.9900055,1.299999952,129.9900055,3
2,1,1,1,199.9900055,40.0,199.9900055,0
2,1,1,5,299.9500122,9.0,59.99000168,0
4,4,0,1,399.980011,12.0,399.980011,4
4,2,2,1,129.9900055,6.5,129.9900055,3
2,4,-2,1,299.980011,75.0,299.980011,4
2,1,1,1,129.9900055,3.900000095,129.9900055,0
2,1,1,1,399.980011,22.0,399.980011,4
2,4,-2,1,399.980011,12.0,399.980011,4
5,4,1,5,250.0,2.5,50.0,1
5,4,1,1,461.480011,69.22000122,461.480011,4
1,0,1,2,199.9799957,26.0,99.98999786,0
3,4,-1,1,252.8800049,30.35000038,252.8800049,2
3,2,1,1,199.9900055,30.0,199.9900055,0
3,4,-1,1,299.980011,54.0,299.980011,4
3,4,-1,1,129.9900055,26.0,129.9900055,2
6,4,2,1,129.9900055,23.39999962,129.9900055,3
2,4,-2,1,14.98999977,1.350000024,14.98999977,2
2,4,-2,3,149.9400024,3.0,49.97999954,2
5,4,1,4,399.9599915,40.0,99.98999786,1
4,2,2,4,320.0,6.400000095,80.0,1
5,4,1,5,99.94999695,17.98999977,19.98999977,1
5,4,1,5,249.8999939,0.0,49.97999954,1
5,2,3,1,129.9900055,1.299999952,129.9900055,3
1,0,1,5,250.0,50.0,50.0,0
6,4,2,3,179.9700012,7.199999809,59.99000168,3
3,4,-1,1,399.980011,40.0,399.980011,4
5,4,1,1,299.980011,51.0,299.980011,4
3,2,1,1,199.9900055,36.0,199.9900055,0
2,4,-2,2,100.0,18.0,50.0,2
6,4,2,1,199.9900055,8.0,199.9900055,3
4,4,0,1,199.9900055,2.0,199.9900055,3
2,1,1,1,129.9900055,32.5,129.9900055,0
3,4,-1,4,199.9199982,25.98999977,49.97999954,1
4,4,0,1,399.980011,16.0,399.980011,4
2,1,1,5,299.9500122,35.99000168,59.99000168,1
5,4,1,4,127.9599991,12.80000019,31.98999977,1
2,4,-2,1,299.980011,6.0,299.980011,2
3,4,-1,1,399.980011,68.0,399.980011,4
5,2,3,1,129.9900055,19.5,129.9900055,3
4,2,2,4,199.9199982,29.98999977,49.97999954,1
6,2,4,4,239.9600067,0.0,59.99000168,3
2,2,0,1,49.97999954,2.75,49.97999954,0
5,4,1,1,39.99000168,6.0,39.99000168,3
2,1,1,2,99.95999908,12.98999977,49.97999954,0
6,2,4,1,129.9900055,32.5,129.9900055,3
5,2,3,3,179.9700012,16.20000076,59.99000168,3
6,4,2,1,19.98999977,2.400000095,19.98999977,3
5,4,1,4,120.0,4.800000191,30.0,1
3,4,-1,1,129.9900055,22.10000038,129.9900055,2
5,4,1,3,179.9700012,27.0,59.99000168,1
2,4,-2,3,179.9700012,32.38999939,59.99000168,2
6,4,2,1,199.9900055,11.0,199.9900055,3
2,1,1,5,299.9500122,6.0,59.99000168,0
6,4,2,1,399.980011,100.0,399.980011,4
3,2,1,1,399.980011,64.0,399.980011,4
2,1,1,4,239.9600067,43.18999863,59.99000168,0
6,4,2,1,299.980011,45.0,299.980011,4
6,4,2,5,299.9500122,27.0,59.99000168,1
2,4,-2,2,100.0,12.0,50.0,2
2,1,1,1,399.980011,20.0,399.980011,4
4,4,0,1,129.9900055,6.5,129.9900055,3
5,4,1,2,100.0,12.0,50.0,3
2,4,-2,2,79.98000336,5.599999905,39.99000168,2
2,4,-2,3,149.9400024,25.48999977,49.97999954,2
2,4,-2,4,200.0,8.0,50.0,2
6,4,2,1,50.0,9.0,50.0,3
5,4,1,1,129.9900055,11.69999981,129.9900055,3
5,4,1,2,119.9800034,18.0,59.99000168,3
2,1,1,5,250.0,5.0,50.0,0
6,4,2,1,199.9900055,40.0,199.9900055,3
3,4,-1,3,269.9700012,43.20000076,89.98999786,2
3,4,-1,1,129.9900055,9.100000381,129.9900055,2
6,4,2,1,199.9900055,0.0,199.9900055,3
2,4,-2,1,129.9900055,13.0,129.9900055,2
4,2,2,4,200.0,20.0,50.0,1
6,4,2,1,249.9900055,40.0,249.9900055,3
2,4,-2,4,200.0,24.0,50.0,2
5,4,1,1,199.9900055,24.0,199.9900055,3
5,4,1,1,129.9900055,23.39999962,129.9900055,3
4,4,0,1,59.99000168,3.0,59.99000168,3
6,4,2,5,299.9500122,30.0,59.99000168,1
5,4,1,3,150.0,30.0,50.0,1
3,2,1,1,50.0,0.0,50.0,0
3,4,-1,3,179.9700012,18.0,59.99000168,2
6,4,2,3,150.0,1.5,50.0,3
3,4,-1,3,53.97000122,0.540000021,17.98999977,2
0,0,0,1,199.9900055,10.0,199.9900055,0
5,4,1,1,399.980011,64.0,399.980011,4
3,4,-1,2,99.95999908,0.0,49.97999954,2
0,0,0,2,119.9800034,24.0,59.99000168,0
2,2,0,1,199.9900055,36.0,199.9900055,0
2,1,1,1,39.99000168,6.0,39.99000168,0
6,4,2,3,299.9700012,6.0,99.98999786,3
6,4,2,1,25.0,4.5,25.0,3
4,4,0,1,50.0,12.5,50.0,3
2,2,0,1,399.980011,72.0,399.980011,4
3,4,-1,1,299.980011,16.5,299.980011,2
5,4,1,3,179.9700012,30.59000015,59.99000168,1
2,4,-2,2,100.0,10.0,50.0,2
4,2,2,5,250.0,2.5,50.0,1
4,2,2,1,129.9900055,2.599999905,129.9900055,3
2,1,1,1,129.9900055,5.199999809,129.9900055,0
4,4,0,1,399.980011,36.0,399.980011,4
3,4,-1,4,159.9600067,6.400000095,39.99000168,2
4,2,2,1,24.98999977,5.0,24.98999977,3
4,4,0,1,399.980011,4.0,399.980011,4
5,4,1,4,199.9199982,33.99000168,49.97999954,1
3,4,-1,5,249.8999939,24.98999977,49.97999954,1
5,4,1,3,179.9700012,35.99000168,59.99000168,1
3,2,1,4,239.9600067,16.79999924,59.99000168,1
2,1,1,4,239.9600067,16.79999924,59.99000168,0
3,4,-1,4,199.9199982,2.0,49.97999954,2
3,4,-1,5,299.9500122,35.99000168,59.99000168,1
2,4,-2,1,399.980011,52.0,399.980011,4
2,2,0,1,299.980011,21.0,299.980011,4
2,1,1,1,299.980011,27.0,299.980011,0
2,4,-2,1,299.980011,21.0,299.980011,2
6,4,2,1,49.97999954,1.5,49.97999954,3
2,1,1,5,299.9500122,44.99000168,59.99000168,1
6,2,4,4,200.0,36.0,50.0,1
3,4,-1,1,299.980011,3.0,299.980011,2
1,0,1,4,199.9199982,29.98999977,49.97999954,0
2,4,-2,1,129.9900055,16.89999962,129.9900055,2
3,4,-1,3,150.0,24.0,50.0,2
4,4,0,1,199.9900055,6.0,199.9900055,3
2,1,1,1,199.9900055,32.0,199.9900055,0
5,2,3,3,149.9400024,4.5,49.97999954,3
4,4,0,4,200.0,18.0,50.0,1
2,1,1,2,79.98000336,12.0,39.99000168,0
2,2,0,5,199.9499969,23.98999977,39.99000168,1
3,2,1,5,250.0,40.0,50.0,1
3,2,1,1,39.99000168,2.799999952,39.99000168,0
1,0,1,1,149.9900055,6.0,149.9900055,0
6,4,2,1,399.980011,48.0,399.980011,4
4,2,2,5,299.9500122,3.0,59.99000168,1
3,4,-1,1,129.9900055,19.5,129.9900055,2
2,1,1,3,150.0,7.5,50.0,0
2,4,-2,2,99.95999908,0.0,49.97999954,2
5,2,3,3,89.97000122,14.39999962,29.98999977,3
5,2,3,1,357.1000061,32.13999939,357.1000061,4
3,4,-1,4,200.0,6.0,50.0,2
4,2,2,1,399.980011,60.0,399.980011,4
3,4,-1,1,299.980011,45.0,299.980011,4
2,1,1,1,199.9900055,18.0,199.9900055,0
6,4,2,2,199.9799957,11.0,99.98999786,3
5,2,3,1,299.980011,0.0,299.980011,3
4,4,0,5,299.9500122,0.0,59.99000168,1
3,4,-1,5,249.8999939,42.47999954,49.97999954,1
2,4,-2,1,59.99000168,6.0,59.99000168,2
2,1,1,2,199.9799957,34.0,99.98999786,0
1,0,1,1,199.9900055,26.0,199.9900055,0
5,4,1,1,129.9900055,19.5,129.9900055,3
3,4,-1,1,59.99000168,1.200000048,59.99000168,2
3,4,-1,1,399.980011,0.0,399.980011,4
5,4,1,4,199.9199982,11.0,49.97999954,1
2,4,-2,5,49.95000076,0.0,9.989999771,2
2,2,0,1,129.9900055,20.79999924,129.9900055,0
6,4,2,1,399.980011,68.0,399.980011,4
6,2,4,1,99.98999786,7.0,99.98999786,3
4,4,0,1,399.980011,68.0,399.980011,4
2,4,-2,4,239.9600067,21.60000038,59.99000168,2
6,4,2,1,129.9900055,6.5,129.9900055,3
0,0,0,2,130.0,3.900000095,65.0,0
4,4,0,2,100.0,4.0,50.0,3
4,2,2,1,399.9899902,48.0,399.9899902,4
2,4,-2,1,215.8200073,36.68999863,215.8200073,2
3,4,-1,1,399.980011,36.0,399.980011,4
6,4,2,1,199.9900055,20.0,199.9900055,3
2,4,-2,4,159.9600067,25.59000015,39.99000168,2
3,2,1,1,129.9900055,32.5,129.9900055,0
6,4,2,3,179.9700012,18.0,59.99000168,3
6,4,2,1,129.9900055,22.10000038,129.9900055,3
5,4,1,1,399.980011,28.0,399.980011,4
3,4,-1,3,119.9700012,29.98999977,39.99000168,2
6,4,2,1,129.9900055,22.10000038,129.9900055,3
5,4,1,3,299.9700012,50.99000168,99.98999786,1
6,4,2,1,399.980011,48.0,399.980011,4
2,4,-2,1,399.980011,8.0,399.980011,4
0,0,0,1,399.980011,8.0,399.980011,0
4,2,2,1,399.980011,36.0,399.980011,4
5,4,1,1,215.8200073,38.84999847,215.8200073,3
6,2,4,4,200.0,40.0,50.0,1
2,1,1,3,299.9700012,74.98999786,99.98999786,0
4,4,0,1,252.8800049,25.29000092,252.8800049,4
2,4,-2,1,399.980011,40.0,399.980011,4
5,4,1,1,49.97999954,12.5,49.97999954,3
2,4,-2,5,199.9499969,29.98999977,39.99000168,2
2,1,1,1,199.9900055,30.0,199.9900055,0
5,4,1,4,239.9600067,31.19000053,59.99000168,1
4,4,0,1,399.980011,72.0,399.980011,4
2,1,1,1,399.980011,60.0,399.980011,4
0,0,0,3,179.9700012,28.79999924,59.99000168,0
2,1,1,4,120.0,8.399999619,30.0,0
2,2,0,1,299.980011,6.0,299.980011,0
0,0,0,1,99.98999786,25.0,99.98999786,0
3,2,1,1,299.980011,45.0,299.980011,4
2,4,-2,4,239.9600067,2.400000095,59.99000168,2
3,4,-1,4,199.9199982,6.0,49.97999954,2
3,4,-1,1,199.9900055,20.0,199.9900055,2
5,4,1,3,150.0,24.0,50.0,3
4,2,2,3,134.9700012,0.0,44.99000168,3
3,4,-1,1,199.9900055,24.0,199.9900055,2
2,1,1,1,299.980011,9.0,299.980011,0
5,4,1,2,79.98000336,16.0,39.99000168,3
2,1,1,1,299.980011,21.0,299.980011,0
2,1,1,5,249.8999939,39.97999954,49.97999954,1
4,4,0,4,219.8800049,21.98999977,54.97000122,1
2,2,0,1,399.980011,28.0,399.980011,4
2,4,-2,4,239.9600067,16.79999924,59.99000168,2
6,4,2,1,129.9900055,13.0,129.9900055,3
3,4,-1,3,95.97000122,11.52000046,31.98999977,2
4,4,0,1,399.980011,28.0,399.980011,4
4,4,0,1,399.980011,80.0,399.980011,4
0,0,0,1,399.980011,68.0,399.980011,4
2,1,1,4,159.9600067,4.800000191,39.99000168,0
5,4,1,5,250.0,30.0,50.0,1
2,1,1,2,100.0,3.0,50.0,0
5,4,1,3,53.97000122,7.019999981,17.98999977,3
3,4,-1,2,79.98000336,5.599999905,39.99000168,2
2,1,1,2,79.98000336,20.0,39.99000168,0
3,4,-1,1,199.9900055,10.0,199.9900055,2
0,0,0,3,149.9400024,1.5,49.97999954,0
4,4,0,5,250.0,40.0,50.0,1
5,2,3,2,119.9800034,3.599999905,59.99000168,3
5,4,1,1,129.9900055,22.10000038,129.9900055,3
2,4,-2,1,399.980011,16.0,399.980011,4
5,2,3,1,49.97999954,2.0,49.97999954,3
6,4,2,1,199.9900055,36.0,199.9900055,3
6,4,2,1,50.0,10.0,50.0,3
5,2,3,1,299.980011,9.0,299.980011,3
0,0,0,2,100.0,9.0,50.0,0
4,4,0,1,399.980011,60.0,399.980011,4
2,4,-2,4,399.9599915,12.0,99.98999786,2
6,4,2,1,299.980011,36.0,299.980011,4
4,4,0,5,299.9500122,3.0,59.99000168,1
3,2,1,2,100.0,13.0,50.0,0
5,4,1,4,199.9199982,25.98999977,49.97999954,1
2,4,-2,3,179.9700012,1.799999952,59.99000168,2
6,2,4,5,499.9500122,99.98999786,99.98999786,1
5,2,3,2,79.98000336,1.600000024,39.99000168,3
3,2,1,1,99.98999786,18.0,99.98999786,0
5,4,1,1,49.97999954,7.5,49.97999954,3
4,4,0,1,129.9900055,7.150000095,129.9900055,3
6,4,2,1,50.0,1.0,50.0,3
2,1,1,1,84.40000153,4.639999866,84.40000153,0
5,4,1,1,34.99000168,1.399999976,34.99000168,3
2,4,-2,3,179.9700012,35.99000168,59.99000168,2
5,4,1,1,129.9900055,0.0,129.9900055,3
6,4,2,1,129.9900055,0.0,129.9900055,3
6,2,4,1,49.97999954,8.5,49.97999954,3
3,4,-1,5,250.0,2.5,50.0,1
5,4,1,1,199.9900055,11.0,199.9900055,3
3,4,-1,1,129.9900055,20.79999924,129.9900055,2
2,1,1,3,119.9700012,12.0,39.99000168,0
2,1,1,1,129.9900055,11.69999981,129.9900055,0
6,2,4,3,179.9700012,9.0,59.99000168,3
4,4,0,1,129.9900055,0.0,129.9900055,3
6,4,2,3,299.9700012,45.0,99.98999786,1
3,4,-1,1,29.98999977,0.300000012,29.98999977,2
3,4,-1,2,199.9799957,2.0,99.98999786,2
2,1,1,1,129.9900055,19.5,129.9900055,0
4,2,2,1,199.9900055,6.0,199.9900055,3
2,1,1,1,299.980011,48.0,299.980011,4
0,0,0,1,24.98999977,4.5,24.98999977,0
2,4,-2,1,399.980011,52.0,399.980011,4
5,4,1,4,239.9600067,2.400000095,59.99000168,1
4,2,2,2,100.0,20.0,50.0,3
5,2,3,5,199.9499969,31.98999977,39.99000168,1
6,4,2,1,299.980011,0.0,299.980011,3
2,1,1,3,119.9700012,14.39999962,39.99000168,0
3,4,-1,3,179.9700012,23.39999962,59.99000168,2
4,4,0,5,499.9500122,27.5,99.98999786,1
3,4,-1,1,399.980011,68.0,399.980011,4
3,2,1,5,299.9500122,30.0,59.99000168,1
4,4,0,1,299.980011,16.5,299.980011,4
4,4,0,1,399.980011,22.0,399.980011,4
5,2,3,1,129.9900055,22.10000038,129.9900055,3
5,2,3,4,239.9600067,12.0,59.99000168,1
2,1,1,2,119.9800034,21.60000038,59.99000168,0
2,1,1,1,59.99000168,15.0,59.99000168,0
2,1,1,2,99.95999908,14.98999977,49.97999954,0
4,4,0,1,199.9900055,2.0,199.9900055,3
2,1,1,1,129.9900055,0.0,129.9900055,0
4,4,0,1,129.9900055,32.5,129.9900055,3
4,4,0,1,199.9900055,26.0,199.9900055,2
4,4,0,1,129.9900055,22.10000038,129.9900055,3
2,1,1,1,129.9900055,32.5,129.9900055,0
2,1,1,1,399.980011,40.0,399.980011,4
2,4,-2,3,119.9700012,14.39999962,39.99000168,2
2,4,-2,4,79.95999908,8.0,19.98999977,2
3,4,-1,1,99.98999786,10.0,99.98999786,2
2,4,-2,1,199.9900055,24.0,199.9900055,2
5,4,1,1,210.8500061,4.21999979,210.8500061,3
2,2,0,1,39.99000168,7.199999809,39.99000168,0
3,4,-1,1,399.980011,28.0,399.980011,4
5,4,1,1,299.980011,51.0,299.980011,4
3,4,-1,3,299.9700012,74.98999786,99.98999786,1
2,4,-2,1,399.980011,28.0,399.980011,4
5,2,3,3,150.0,1.5,50.0,3
2,4,-2,1,49.97999954,1.0,49.97999954,2
0,0,0,1,49.97999954,0.0,49.97999954,0
6,4,2,1,54.97000122,6.599999905,54.97000122,3
2,4,-2,4,199.9199982,29.98999977,49.97999954,2
2,4,-2,1,59.99000168,2.400000095,59.99000168,2
2,1,1,2,39.97999954,3.599999905,19.98999977,0
6,4,2,1,399.980011,68.0,399.980011,4
3,4,-1,1,59.99000168,10.19999981,59.99000168,2
6,2,4,1,164.3800049,8.220000267,164.3800049,3
2,2,0,1,129.9900055,20.79999924,129.9900055,0
3,2,1,1,399.980011,20.0,399.980011,4
2,1,1,4,399.9599915,99.98999786,99.98999786,1
6,2,4,1,399.980011,4.0,399.980011,4
4,4,0,1,99.98999786,20.0,99.98999786,3
6,4,2,1,399.980011,8.0,399.980011,4
2,1,1,2,119.9800034,30.0,59.99000168,0
1,0,1,3,179.9700012,7.199999809,59.99000168,0
2,2,0,1,299.980011,45.0,299.980011,4
0,0,0,1,199.9900055,24.0,199.9900055,0
4,4,0,1,299.980011,39.0,299.980011,4
5,4,1,1,399.980011,64.0,399.980011,4
0,0,0,1,129.9900055,23.39999962,129.9900055,0
4,4,0,1,129.9900055,2.599999905,129.9900055,3
3,2,1,3,299.9700012,30.0,99.98999786,1
3,4,-1,1,129.9900055,26.0,129.9900055,2
6,4,2,1,49.97999954,10.0,49.97999954,3
5,4,1,1,299.980011,9.0,299.980011,3
3,4,-1,2,100.0,9.0,50.0,2
2,4,-2,5,159.9499969,14.39999962,31.98999977,2
4,4,0,2,119.9800034,6.599999905,59.99000168,3
6,2,4,1,399.980011,0.0,399.980011,4
4,4,0,2,119.9800034,14.39999962,59.99000168,3
2,2,0,5,299.9500122,15.0,59.99000168,1
2,4,-2,3,179.9700012,1.799999952,59.99000168,2
6,4,2,3,179.9700012,0.0,59.99000168,3
3,2,1,1,49.97999954,10.0,49.97999954,0
6,4,2,4,200.0,26.0,50.0,1
2,1,1,1,129.9900055,7.150000095,129.9900055,0
3,2,1,1,299.980011,21.0,299.980011,4
2,1,1,3,149.9400024,4.5,49.97999954,0
2,1,1,1,199.9900055,14.0,199.9900055,0
4,4,0,1,199.9900055,24.0,199.9900055,2
6,2,4,1,129.9900055,26.0,129.9900055,3
4,2,2,5,499.9500122,45.0,99.98999786,1
3,4,-1,1,49.97999954,6.0,49.97999954,2
1,0,1,1,129.9900055,19.5,129.9900055,0
2,4,-2,5,299.9500122,47.99000168,59.99000168,1
2,4,-2,1,399.980011,0.0,399.980011,2
2,4,-2,5,89.94999695,15.28999996,17.98999977,2
5,4,1,4,239.9600067,43.18999863,59.99000168,1
2,1,1,2,119.9800034,6.0,59.99000168,0
3,4,-1,1,199.9900055,20.0,199.9900055,2
3,2,1,1,399.980011,36.0,399.980011,4
6,4,2,1,399.980011,48.0,399.980011,4
5,4,1,1,84.40000153,10.97000027,84.40000153,3
4,4,0,2,100.0,16.0,50.0,3
5,4,1,1,199.9900055,2.0,199.9900055,3
2,1,1,3,149.9400024,8.25,49.97999954,0
2,4,-2,5,499.9500122,15.0,99.98999786,1
5,4,1,3,149.9400024,19.48999977,49.97999954,3
2,4,-2,1,299.980011,75.0,299.980011,4
6,4,2,1,59.99000168,0.0,59.99000168,3
2,1,1,1,299.980011,36.0,299.980011,4
6,4,2,1,59.99000168,6.0,59.99000168,3
1,0,1,2,100.0,18.0,50.0,0
5,4,1,3,90.0,2.700000048,30.0,3
6,4,2,1,50.0,2.75,50.0,3
4,4,0,1,199.9900055,14.0,199.9900055,3
3,4,-1,5,299.9500122,44.99000168,59.99000168,1
2,4,-2,1,299.980011,75.0,299.980011,4
3,4,-1,2,99.95999908,9.0,49.97999954,2
3,2,1,1,84.40000153,12.65999985,84.40000153,0
2,1,1,3,65.97000122,0.660000026,21.98999977,0
2,4,-2,1,399.980011,4.0,399.980011,4
2,2,0,1,129.9900055,3.900000095,129.9900055,0
6,2,4,1,15.98999977,0.319999993,15.98999977,3
6,4,2,1,299.980011,48.0,299.980011,4
2,1,1,5,299.9500122,38.99000168,59.99000168,1
2,2,0,1,199.9900055,40.0,199.9900055,0
6,4,2,1,399.980011,4.0,399.980011,4
2,4,-2,1,129.9900055,7.150000095,129.9900055,2
5,4,1,5,124.9499969,1.25,24.98999977,1
2,1,1,1,129.9900055,9.100000381,129.9900055,0
4,4,0,2,95.98000336,4.800000191,47.99000168,3
2,4,-2,5,299.9500122,16.5,59.99000168,2
4,2,2,4,199.9199982,0.0,49.97999954,1
2,4,-2,3,179.9700012,9.899999619,59.99000168,2
2,1,1,2,100.0,1.0,50.0,0
4,4,0,1,399.980011,80.0,399.980011,4
4,4,0,5,299.9500122,21.0,59.99000168,1
3,2,1,1,129.9900055,6.5,129.9900055,0
4,4,0,1,129.9900055,7.150000095,129.9900055,3
5,2,3,2,100.0,1.0,50.0,3
3,2,1,1,99.98999786,15.0,99.98999786,0
2,2,0,3,299.9700012,50.99000168,99.98999786,0
5,2,3,1,50.0,1.0,50.0,3
2,4,-2,1,199.9900055,10.0,199.9900055,2
2,1,1,1,50.0,5.0,50.0,0
4,2,2,3,179.9700012,12.60000038,59.99000168,3
4,4,0,3,179.9700012,35.99000168,59.99000168,1
5,4,1,1,399.980011,64.0,399.980011,4
2,4,-2,2,119.9800034,6.0,59.99000168,2
2,4,-2,1,199.9900055,14.0,199.9900055,2
2,4,-2,5,249.8999939,2.5,49.97999954,2
2,1,1,3,149.9400024,26.98999977,49.97999954,0
2,1,1,3,119.9700012,0.0,39.99000168,0
3,4,-1,1,399.980011,52.0,399.980011,4
2,1,1,1,59.99000168,3.0,59.99000168,0
5,2,3,1,39.99000168,2.0,39.99000168,3
5,4,1,1,399.980011,52.0,399.980011,4
3,4,-1,1,129.9900055,1.299999952,129.9900055,2
3,4,-1,4,399.9599915,63.99000168,99.98999786,1
6,4,2,1,199.9900055,26.0,199.9900055,3
6,4,2,1,210.8500061,0.0,210.8500061,3
3,4,-1,1,260.6499939,46.91999817,260.6499939,4
1,0,1,1,129.9900055,15.60000038,129.9900055,0
2,1,1,1,399.980011,48.0,399.980011,4
6,2,4,4,200.0,10.0,50.0,3
6,4,2,3,149.9400024,29.98999977,49.97999954,3
2,4,-2,1,532.5800171,95.86000061,532.5800171,4
2,1,1,3,150.0,3.0,50.0,0
3,4,-1,1,99.98999786,17.0,99.98999786,2
5,4,1,4,239.9600067,2.400000095,59.99000168,1
2,4,-2,3,149.9400024,23.98999977,49.97999954,2
1,0,1,5,199.9499969,23.98999977,39.99000168,0
2,2,0,3,90.0,4.5,30.0,0
4,4,0,1,129.9900055,1.299999952,129.9900055,3
3,2,1,1,299.980011,60.0,299.980011,4
4,4,0,1,399.980011,12.0,399.980011,4
2,1,1,1,215.8200073,0.0,215.8200073,0
3,4,-1,1,199.9900055,2.0,199.9900055,2
2,4,-2,2,100.0,5.0,50.0,2
5,4,1,2,119.9800034,30.0,59.99000168,3
3,4,-1,1,129.9900055,23.39999962,129.9900055,2
5,2,3,5,299.9500122,15.0,59.99000168,1
5,4,1,1,199.9900055,26.0,199.9900055,3
2,4,-2,1,129.9900055,26.0,129.9900055,2
4,4,0,1,532.5800171,29.29000092,532.5800171,4
2,1,1,1,299.980011,45.0,299.980011,4
3,2,1,1,199.9900055,30.0,199.9900055,0
2,4,-2,1,399.980011,100.0,399.980011,4
3,2,1,5,250.0,7.5,50.0,1
5,2,3,1,299.980011,60.0,299.980011,4
5,2,3,1,357.1000061,64.27999878,357.1000061,4
2,2,0,1,129.9900055,11.69999981,129.9900055,0
6,4,2,1,39.75,0.0,39.75,3
3,2,1,3,299.9700012,15.0,99.98999786,0
2,4,-2,3,179.9700012,3.599999905,59.99000168,2
5,4,1,1,129.9900055,6.5,129.9900055,3
2,1,1,1,199.9900055,40.0,199.9900055,0
2,2,0,1,299.980011,0.0,299.980011,0
5,4,1,2,100.0,3.0,50.0,3
2,1,1,5,499.9500122,84.98999786,99.98999786,1
6,2,4,1,129.9900055,0.0,129.9900055,3
3,4,-1,1,199.9900055,0.0,199.9900055,2
3,4,-1,2,100.0,25.0,50.0,2
6,4,2,4,139.9600067,5.599999905,34.99000168,1
5,4,1,1,299.980011,27.0,299.980011,4
2,1,1,1,260.6499939,39.09999847,260.6499939,0
2,4,-2,3,179.9700012,27.0,59.99000168,2
2,1,1,1,129.9900055,9.100000381,129.9900055,0
2,4,-2,1,357.1000061,53.5699997,357.1000061,4
6,4,2,5,249.8999939,44.97999954,49.97999954,1
2,1,1,4,159.9600067,25.59000015,39.99000168,0
0,0,0,2,99.95999908,2.0,49.97999954,0
2,1,1,1,129.9900055,9.100000381,129.9900055,0
2,1,1,1,399.980011,80.0,399.980011,4
2,4,-2,1,399.980011,100.0,399.980011,4
2,4,-2,5,199.9499969,0.0,39.99000168,2
2,1,1,5,249.8999939,22.48999977,49.97999954,0
6,4,2,1,399.980011,68.0,399.980011,4
4,2,2,1,50.0,2.0,50.0,3
3,4,-1,1,399.980011,4.0,399.980011,4
6,4,2,1,199.9900055,14.0,199.9900055,3
5,4,1,5,299.9500122,6.0,59.99000168,1
2,4,-2,1,299.980011,0.0,299.980011,2
3,4,-1,4,239.9600067,4.800000191,59.99000168,2
2,4,-2,1,49.97999954,9.0,49.97999954,2
2,4,-2,1,49.97999954,6.0,49.97999954,2
6,4,2,5,299.9500122,3.0,59.99000168,1
5,4,1,4,199.9199982,35.99000168,49.97999954,1
2,1,1,3,149.9400024,0.0,49.97999954,0
2,1,1,1,129.9900055,3.900000095,129.9900055,0
5,4,1,1,399.980011,72.0,399.980011,4
5,4,1,1,399.980011,28.0,399.980011,4
3,4,-1,5,499.9500122,84.98999786,99.98999786,1
5,4,1,1,129.9900055,7.150000095,129.9900055,3
2,2,0,4,99.95999908,16.98999977,24.98999977,0
5,4,1,3,119.9700012,19.20000076,39.99000168,3
5,4,1,5,499.9500122,74.98999786,99.98999786,1
2,4,-2,4,39.95999908,5.190000057,9.989999771,2
2,1,1,2,119.9800034,15.60000038,59.99000168,0
3,4,-1,1,99.0,16.82999992,99.0,2
2,1,1,1,299.980011,75.0,299.980011,4
4,4,0,1,129.9900055,9.100000381,129.9900055,3
6,4,2,1,11.53999996,0.579999983,11.53999996,3
0,0,0,1,299.980011,36.0,299.980011,0
2,1,1,1,129.9900055,0.0,129.9900055,0
3,2,1,1,299.980011,27.0,299.980011,4
2,4,-2,4,239.9600067,9.600000381,59.99000168,2
2,4,-2,1,129.9900055,19.5,129.9900055,2
4,2,2,4,239.9600067,31.19000053,59.99000168,1
2,1,1,1,199.9900055,20.0,199.9900055,0
2,4,-2,1,49.97999954,8.0,49.97999954,2
5,4,1,1,199.9900055,2.0,199.9900055,3
4,4,0,2,99.95999908,3.0,49.97999954,3
3,4,-1,3,179.9700012,16.20000076,59.99000168,2
6,4,2,1,199.9900055,24.0,199.9900055,3
0,0,0,1,199.9900055,32.0,199.9900055,0
2,4,-2,1,199.9900055,2.0,199.9900055,2
6,2,4,2,99.95999908,17.98999977,49.97999954,3
3,4,-1,5,299.9500122,12.0,59.99000168,1
3,4,-1,4,399.9599915,0.0,99.98999786,1
6,4,2,4,239.9600067,9.600000381,59.99000168,1
2,1,1,4,239.9600067,31.19000053,59.99000168,0
4,4,0,1,129.9900055,23.39999962,129.9900055,3
2,1,1,2,100.0,9.0,50.0,0
2,4,-2,2,100.0,3.0,50.0,2
2,4,-2,1,129.9900055,26.0,129.9900055,2
2,4,-2,3,150.0,6.0,50.0,2
3,4,-1,1,49.97999954,0.0,49.97999954,2
2,1,1,3,179.9700012,30.59000015,59.99000168,0
3,4,-1,3,150.0,4.5,50.0,2
2,4,-2,4,200.0,36.0,50.0,2
2,1,1,2,199.9799957,6.0,99.98999786,0
5,4,1,5,199.9499969,31.98999977,39.99000168,1
4,2,2,3,179.9700012,9.0,59.99000168,3
2,4,-2,1,399.980011,4.0,399.980011,4
4,2,2,5,249.8999939,37.49000168,49.97999954,1
5,2,3,1,199.9900055,20.0,199.9900055,3
2,4,-2,3,299.9700012,21.0,99.98999786,2
3,4,-1,1,199.9900055,4.0,199.9900055,2
2,1,1,1,159.9900055,20.79999924,159.9900055,0
2,1,1,1,399.980011,48.0,399.980011,4
2,4,-2,1,299.980011,9.0,299.980011,2
5,2,3,5,499.9500122,64.98999786,99.98999786,1
5,4,1,2,99.95999908,12.98999977,49.97999954,3
5,4,1,1,199.9900055,4.0,199.9900055,3
3,4,-1,1,199.9900055,30.0,199.9900055,2
2,2,0,4,239.9600067,31.19000053,59.99000168,0
2,4,-2,1,299.980011,9.0,299.980011,2
3,4,-1,1,129.9900055,3.900000095,129.9900055,2
4,2,2,2,99.95999908,15.98999977,49.97999954,3
6,2,4,1,199.9900055,40.0,199.9900055,3
3,2,1,5,249.8999939,39.97999954,49.97999954,1
4,4,0,1,399.980011,28.0,399.980011,4
2,1,1,1,299.980011,21.0,299.980011,0
0,0,0,1,129.9900055,19.5,129.9900055,0
4,2,2,3,179.9700012,28.79999924,59.99000168,1
5,4,1,1,399.980011,72.0,399.980011,4
3,4,-1,1,50.0,2.75,50.0,2
5,4,1,5,250.0,12.5,50.0,1
2,4,-2,2,49.97999954,6.0,24.98999977,2
2,4,-2,2,119.9800034,2.400000095,59.99000168,2
5,2,3,1,199.9900055,0.0,199.9900055,3
0,0,0,1,129.9900055,16.89999962,129.9900055,0
2,4,-2,1,199.9900055,36.0,199.9900055,2
2,4,-2,1,209.9900055,33.59999847,209.9900055,2
4,4,0,3,119.9700012,20.38999939,39.99000168,1
3,2,1,1,129.9900055,1.299999952,129.9900055,0
4,4,0,1,357.1000061,53.5699997,357.1000061,4
5,4,1,2,119.9800034,10.80000019,59.99000168,3
2,4,-2,2,199.9799957,20.0,99.98999786,2
6,4,2,1,50.0,0.0,50.0,3
4,4,0,3,95.97000122,0.959999979,31.98999977,2
2,4,-2,1,199.9900055,20.0,199.9900055,2
5,2,3,1,129.9900055,22.10000038,129.9900055,3
2,1,1,4,200.0,34.0,50.0,0
6,4,2,1,129.9900055,22.10000038,129.9900055,3
3,4,-1,1,49.97999954,5.0,49.97999954,2
2,1,1,1,399.980011,12.0,399.980011,4
6,2,4,1,299.980011,54.0,299.980011,4
2,1,1,1,129.9900055,5.199999809,129.9900055,0
5,4,1,4,159.9600067,16.0,39.99000168,1
1,0,1,1,50.0,2.5,50.0,0
2,1,1,1,399.980011,48.0,399.980011,4
6,4,2,1,129.9900055,20.79999924,129.9900055,3
2,1,1,2,119.9800034,21.60000038,59.99000168,0
4,2,2,5,299.9500122,3.0,59.99000168,1
6,4,2,1,299.980011,15.0,299.980011,3
2,4,-2,5,249.8999939,29.98999977,49.97999954,2
4,2,2,2,100.0,25.0,50.0,3
5,2,3,1,39.99000168,6.0,39.99000168,3
0,0,0,2,199.9799957,24.0,99.98999786,0
6,2,4,1,17.98999977,0.99000001,17.98999977,3
5,4,1,1,399.980011,28.0,399.980011,4
3,2,1,1,399.980011,8.0,399.980011,4
2,1,1,2,100.0,1.0,50.0,0
5,4,1,1,399.980011,68.0,399.980011,4
5,4,1,2,99.95999908,14.98999977,49.97999954,3
2,1,1,1,199.9900055,30.0,199.9900055,0
5,4,1,1,399.980011,80.0,399.980011,4
6,2,4,1,129.9900055,3.900000095,129.9900055,3
5,2,3,1,129.9900055,2.599999905,129.9900055,3
2,1,1,1,49.97999954,2.75,49.97999954,0
0,0,0,1,399.980011,100.0,399.980011,4
6,4,2,2,119.9800034,14.39999962,59.99000168,3
4,4,0,2,100.0,4.0,50.0,3
3,4,-1,1,299.980011,51.0,299.980011,4
6,4,2,1,399.980011,72.0,399.980011,4
2,4,-2,2,119.9800034,2.400000095,59.99000168,2
2,1,1,4,199.9199982,6.0,49.97999954,0
2,4,-2,1,199.9900055,10.0,199.9900055,2
5,4,1,1,199.9900055,4.0,199.9900055,3
6,4,2,3,149.9400024,6.0,49.97999954,3
6,2,4,1,199.9900055,24.0,199.9900055,3
6,4,2,1,129.9900055,11.69999981,129.9900055,3
4,4,0,3,179.9700012,44.99000168,59.99000168,1
3,2,1,1,299.980011,54.0,299.980011,4
6,4,2,4,200.0,8.0,50.0,1
3,4,-1,1,59.99000168,9.0,59.99000168,2
4,2,2,1,39.99000168,0.800000012,39.99000168,3
4,4,0,2,100.0,9.0,50.0,3
3,4,-1,1,14.98999977,3.75,14.98999977,2
0,0,0,1,50.0,8.0,50.0,0
2,4,-2,1,129.9900055,0.0,129.9900055,2
3,4,-1,1,299.980011,21.0,299.980011,2
0,0,0,1,129.9900055,16.89999962,129.9900055,0
6,2,4,1,50.0,4.5,50.0,3
5,4,1,1,399.980011,12.0,399.980011,4
3,4,-1,3,299.9700012,30.0,99.98999786,2
2,1,1,1,59.99000168,10.80000019,59.99000168,0
6,4,2,1,129.9900055,1.299999952,129.9900055,3
2,4,-2,1,129.9900055,6.5,129.9900055,2
4,2,2,1,299.980011,51.0,299.980011,4
2,1,1,5,249.8999939,39.97999954,49.97999954,1
2,1,1,3,150.0,19.5,50.0,0
4,4,0,1,199.9900055,18.0,199.9900055,2
5,4,1,3,150.0,10.5,50.0,3
5,2,3,3,299.9700012,74.98999786,99.98999786,1
4,4,0,1,399.980011,68.0,399.980011,4
6,4,2,3,149.9400024,23.98999977,49.97999954,3
2,4,-2,2,95.98000336,9.600000381,47.99000168,2
4,4,0,5,299.9500122,0.0,59.99000168,1
6,4,2,1,129.9900055,23.39999962,129.9900055,3
3,2,1,4,200.0,10.0,50.0,1
4,4,0,1,129.9900055,3.900000095,129.9900055,3
3,2,1,1,452.0400085,45.20000076,452.0400085,4
6,4,2,4,399.9599915,4.0,99.98999786,1
5,4,1,1,299.980011,39.0,299.980011,4
1,0,1,1,39.99000168,6.400000095,39.99000168,0
4,4,0,5,499.9500122,10.0,99.98999786,1
3,4,-1,1,129.9900055,7.150000095,129.9900055,2
5,4,1,3,150.0,27.0,50.0,1
2,1,1,3,299.9700012,59.99000168,99.98999786,0
3,4,-1,1,129.9900055,32.5,129.9900055,2
2,4,-2,3,299.9700012,12.0,99.98999786,2
4,2,2,1,299.980011,0.0,299.980011,3
2,4,-2,5,199.9499969,31.98999977,39.99000168,2
6,2,4,2,199.9799957,40.0,99.98999786,3
3,4,-1,2,100.0,10.0,50.0,2
3,2,1,3,179.9700012,32.38999939,59.99000168,0
5,4,1,3,119.9700012,15.60000038,39.99000168,3
5,4,1,1,129.9900055,32.5,129.9900055,3
2,1,1,1,399.980011,16.0,399.980011,4
4,4,0,1,199.9900055,32.0,199.9900055,2
5,4,1,4,239.9600067,16.79999924,59.99000168,1
6,2,4,4,200.0,8.0,50.0,3
3,4,-1,3,299.9700012,27.0,99.98999786,2
3,4,-1,1,129.9900055,19.5,129.9900055,2
5,4,1,1,199.9900055,4.0,199.9900055,3
2,1,1,2,99.95999908,5.0,49.97999954,0
6,2,4,1,199.9900055,4.0,199.9900055,3
6,2,4,4,399.9599915,4.0,99.98999786,1
2,2,0,4,207.9600067,24.95999908,51.99000168,0
3,4,-1,3,299.9700012,53.99000168,99.98999786,1
2,1,1,1,199.9900055,14.0,199.9900055,0
2,2,0,4,200.0,6.0,50.0,0
3,2,1,4,200.0,32.0,50.0,1
2,1,1,3,149.9400024,14.98999977,49.97999954,0
1,0,1,1,50.0,8.5,50.0,0
2,1,1,1,199.9900055,2.0,199.9900055,0
4,4,0,2,79.98000336,10.39999962,39.99000168,3
3,4,-1,1,199.9900055,18.0,199.9900055,2
2,4,-2,1,11.28999996,1.809999943,11.28999996,2
4,4,0,4,200.0,50.0,50.0,1
2,1,1,1,399.980011,64.0,399.980011,4
2,4,-2,3,150.0,24.0,50.0,2
6,4,2,1,293.0400085,14.64999962,293.0400085,3
6,4,2,1,129.9900055,22.10000038,129.9900055,3
6,4,2,3,119.9700012,0.0,39.99000168,3
2,4,-2,1,129.9900055,9.100000381,129.9900055,2
4,4,0,1,129.9900055,15.60000038,129.9900055,3
3,4,-1,5,199.9499969,33.99000168,39.99000168,1
6,4,2,4,399.9599915,79.98999786,99.98999786,1
3,4,-1,4,99.95999908,16.98999977,24.98999977,2
6,4,2,5,249.8999939,29.98999977,49.97999954,1
5,2,3,5,499.9500122,124.9899979,99.98999786,1
2,4,-2,3,179.9700012,9.0,59.99000168,2
6,2,4,1,199.9900055,24.0,199.9900055,3
2,1,1,1,199.9900055,11.0,199.9900055,0
2,4,-2,1,299.980011,27.0,299.980011,2
0,0,0,5,250.0,17.5,50.0,0
2,1,1,1,50.0,6.5,50.0,0
4,4,0,1,399.980011,16.0,399.980011,4
2,4,-2,1,399.980011,40.0,399.980011,4
2,1,1,1,129.9900055,1.299999952,129.9900055,0
5,4,1,1,260.6499939,46.91999817,260.6499939,4
1,0,1,1,129.9900055,23.39999962,129.9900055,0
2,1,1,1,124.9899979,12.5,124.9899979,0
3,4,-1,5,250.0,32.5,50.0,1
2,1,1,1,399.980011,12.0,399.980011,4
2,4,-2,1,199.9900055,32.0,199.9900055,2
2,1,1,1,399.980011,48.0,399.980011,4
6,2,4,1,59.99000168,4.199999809,59.99000168,3
6,4,2,3,150.0,15.0,50.0,3
3,4,-1,1,199.9900055,40.0,199.9900055,2
3,2,1,1,199.9900055,26.0,199.9900055,0
5,4,1,1,299.980011,75.0,299.980011,4
2,4,-2,5,499.9500122,15.0,99.98999786,1
5,2,3,2,100.0,0.0,50.0,3
5,4,1,1,15.98999977,0.319999993,15.98999977,3
3,2,1,2,119.9800034,21.60000038,59.99000168,0
6,2,4,3,95.97000122,0.0,31.98999977,3
2,1,1,2,29.97999954,4.800000191,14.98999977,0
5,4,1,2,79.98000336,12.0,39.99000168,3
6,4,2,1,129.9900055,0.0,129.9900055,3
4,2,2,1,299.980011,3.0,299.980011,3
2,4,-2,4,200.0,50.0,50.0,2
1,0,1,1,399.980011,52.0,399.980011,4
2,2,0,1,129.9900055,22.10000038,129.9900055,0
4,4,0,1,199.9900055,4.0,199.9900055,3
2,1,1,1,129.9900055,23.39999962,129.9900055,0
6,4,2,5,250.0,40.0,50.0,1
1,0,1,1,129.9900055,19.5,129.9900055,0
1,0,1,1,50.0,4.5,50.0,0
2,4,-2,1,399.980011,60.0,399.980011,4
5,4,1,2,199.9799957,11.0,99.98999786,3
3,2,1,1,399.980011,80.0,399.980011,4
6,4,2,1,14.98999977,0.75,14.98999977,3
4,4,0,5,249.8999939,17.48999977,49.97999954,1
5,4,1,2,199.9799957,18.0,99.98999786,3
5,4,1,1,129.9900055,15.60000038,129.9900055,3
2,1,1,1,129.9900055,3.900000095,129.9900055,0
6,2,4,1,299.980011,12.0,299.980011,3
6,4,2,1,399.980011,64.0,399.980011,4
3,4,-1,4,199.9199982,49.97999954,49.97999954,1
2,1,1,1,129.9900055,3.900000095,129.9900055,0
5,4,1,1,199.9900055,40.0,199.9900055,3
2,4,-2,1,399.980011,16.0,399.980011,4
0,0,0,3,74.97000122,7.5,24.98999977,0
2,1,1,3,150.0,10.5,50.0,0
5,4,1,1,129.9900055,19.5,129.9900055,3
2,2,0,4,99.95999908,17.98999977,24.98999977,0
2,1,1,1,399.980011,28.0,399.980011,4
6,2,4,1,129.9900055,23.39999962,129.9900055,3
4,2,2,1,30.0,7.5,30.0,3
5,2,3,4,399.9599915,28.0,99.98999786,1
2,1,1,1,59.99000168,5.400000095,59.99000168,0
2,4,-2,1,59.99000168,9.0,59.99000168,2
6,2,4,1,129.9900055,5.199999809,129.9900055,3
2,4,-2,1,39.99000168,1.600000024,39.99000168,2
4,4,0,1,299.980011,45.0,299.980011,4
2,1,1,5,299.9500122,74.98999786,59.99000168,1
4,4,0,4,199.9199982,8.0,49.97999954,1
2,1,1,1,129.9900055,6.5,129.9900055,0
3,2,1,2,69.98000336,0.0,34.99000168,0
2,4,-2,1,260.6499939,31.28000069,260.6499939,2
6,4,2,1,11.53999996,0.579999983,11.53999996,3
3,4,-1,2,100.0,25.0,50.0,2
2,4,-2,3,65.97000122,3.299999952,21.98999977,2
6,4,2,1,299.980011,48.0,299.980011,4
4,4,0,1,299.980011,6.0,299.980011,4
2,1,1,1,49.97999954,1.5,49.97999954,0
1,0,1,1,199.9900055,26.0,199.9900055,0
2,4,-2,5,499.9500122,99.98999786,99.98999786,1
2,4,-2,2,99.95999908,12.98999977,49.97999954,2
5,4,1,3,119.9700012,21.59000015,39.99000168,3
3,2,1,1,399.980011,28.0,399.980011,4
4,2,2,4,239.9600067,9.600000381,59.99000168,1
6,4,2,3,150.0,15.0,50.0,3
2,1,1,5,299.9500122,0.0,59.99000168,0
4,2,2,1,399.980011,4.0,399.980011,4
2,4,-2,1,399.980011,20.0,399.980011,4
6,2,4,5,199.9499969,11.0,39.99000168,1
2,4,-2,3,150.0,6.0,50.0,2
1,0,1,1,199.9900055,6.0,199.9900055,0
2,4,-2,2,99.95999908,9.0,49.97999954,2
1,0,1,2,99.95999908,3.0,49.97999954,0
4,4,0,1,129.9900055,3.900000095,129.9900055,3
5,4,1,1,199.9900055,0.0,199.9900055,3
2,4,-2,1,199.9900055,14.0,199.9900055,2
6,4,2,1,199.9900055,11.0,199.9900055,3
5,4,1,2,199.9799957,34.0,99.98999786,3
2,4,-2,1,299.980011,45.0,299.980011,2
0,0,0,4,200.0,36.0,50.0,0
5,4,1,5,250.0,40.0,50.0,1
4,4,0,1,215.8200073,36.68999863,215.8200073,2
6,4,2,5,299.9500122,35.99000168,59.99000168,1
2,4,-2,1,31.07999992,4.659999847,31.07999992,2
4,4,0,2,119.9800034,8.399999619,59.99000168,3
6,2,4,1,399.980011,64.0,399.980011,4
3,4,-1,1,399.980011,64.0,399.980011,4
2,4,-2,5,124.9499969,18.73999977,24.98999977,2
6,4,2,1,50.0,3.5,50.0,3
3,4,-1,1,49.97999954,2.75,49.97999954,2
6,4,2,1,129.9900055,15.60000038,129.9900055,3
2,1,1,3,74.97000122,0.0,24.98999977,0
2,2,0,1,532.5800171,133.1499939,532.5800171,4
6,4,2,2,199.9799957,11.0,99.98999786,3
5,2,3,5,249.8999939,32.49000168,49.97999954,1
3,2,1,1,129.9900055,3.900000095,129.9900055,0
5,4,1,1,49.97999954,2.75,49.97999954,3
4,2,2,1,59.99000168,2.400000095,59.99000168,3
2,1,1,1,129.9900055,20.79999924,129.9900055,0
3,2,1,1,199.9900055,50.0,199.9900055,4
4,4,0,1,129.9900055,0.0,129.9900055,3
2,1,1,4,399.9599915,67.98999786,99.98999786,1
1,0,1,1,199.9900055,2.0,199.9900055,0
4,2,2,1,399.980011,28.0,399.980011,4
2,1,1,1,99.98999786,5.5,99.98999786,0
4,2,2,1,199.9900055,14.0,199.9900055,3
4,4,0,1,129.9900055,1.299999952,129.9900055,3
3,4,-1,1,399.980011,68.0,399.980011,4
6,2,4,2,79.98000336,8.0,39.99000168,3
2,1,1,1,129.9900055,2.599999905,129.9900055,0
3,4,-1,4,399.9599915,67.98999786,99.98999786,1
3,4,-1,1,50.0,7.5,50.0,2
3,4,-1,1,299.980011,75.0,299.980011,4
5,4,1,2,119.9800034,2.400000095,59.99000168,3
2,4,-2,1,299.980011,45.0,299.980011,2
5,4,1,1,129.9900055,32.5,129.9900055,3
5,4,1,1,59.99000168,0.600000024,59.99000168,3
5,4,1,5,299.9500122,35.99000168,59.99000168,1
5,2,3,3,149.9400024,19.48999977,49.97999954,3
6,2,4,4,159.9600067,1.600000024,39.99000168,3
6,4,2,1,199.9900055,30.0,199.9900055,3
5,2,3,1,199.9900055,24.0,199.9900055,3
6,4,2,1,199.9900055,20.0,199.9900055,3
4,4,0,5,249.8999939,37.49000168,49.97999954,1
3,4,-1,1,199.9900055,40.0,199.9900055,2
5,4,1,4,239.9600067,0.0,59.99000168,1
5,4,1,5,299.9500122,47.99000168,59.99000168,1
2,1,1,1,99.98999786,5.0,99.98999786,0
2,4,-2,3,95.97000122,8.640000343,31.98999977,2
5,2,3,1,129.9900055,15.60000038,129.9900055,3
3,4,-1,1,129.9900055,26.0,129.9900055,2
2,4,-2,4,199.9199982,2.0,49.97999954,2
4,2,2,3,150.0,3.0,50.0,3
5,4,1,4,239.9600067,31.19000053,59.99000168,1
2,1,1,4,99.95999908,17.98999977,24.98999977,0
6,4,2,2,100.0,15.0,50.0,3
2,4,-2,3,74.97000122,0.0,24.98999977,2
1,0,1,1,129.9900055,9.100000381,129.9900055,0
4,4,0,1,129.9900055,20.79999924,129.9900055,3
6,4,2,1,129.9900055,2.599999905,129.9900055,3
2,2,0,4,239.9600067,59.99000168,59.99000168,1
3,2,1,4,399.9599915,12.0,99.98999786,1
3,4,-1,1,199.9900055,18.0,199.9900055,2
2,1,1,1,50.0,4.5,50.0,0
6,2,4,1,357.1000061,17.86000061,357.1000061,4
3,4,-1,1,129.9900055,7.150000095,129.9900055,2
2,2,0,1,129.9900055,26.0,129.9900055,0
2,1,1,5,199.9499969,6.0,39.99000168,0
6,4,2,1,129.9900055,26.0,129.9900055,3
2,4,-2,1,129.9900055,16.89999962,129.9900055,2
4,4,0,1,199.9900055,11.0,199.9900055,3
5,2,3,2,100.0,20.0,50.0,3
3,4,-1,1,399.980011,52.0,399.980011,4
5,4,1,5,299.9500122,53.99000168,59.99000168,1
3,4,-1,3,299.9700012,30.0,99.98999786,2
5,4,1,1,199.9900055,6.0,199.9900055,3
1,0,1,5,199.9499969,20.0,39.99000168,0
5,4,1,3,179.9700012,16.20000076,59.99000168,3
2,2,0,1,129.9900055,15.60000038,129.9900055,0
5,4,1,1,129.9900055,22.10000038,129.9900055,3
5,4,1,1,299.980011,16.5,299.980011,4
4,4,0,2,49.97999954,4.5,24.98999977,3
0,0,0,1,299.980011,54.0,299.980011,0
4,4,0,2,119.9800034,18.0,59.99000168,3
1,0,1,1,399.980011,60.0,399.980011,4
5,4,1,4,200.0,6.0,50.0,1
2,4,-2,1,129.9900055,3.900000095,129.9900055,2
3,4,-1,5,350.0,19.25,70.0,1
2,2,0,3,149.9400024,0.0,49.97999954,0
1,0,1,2,99.95999908,4.0,49.97999954,0
4,2,2,1,399.980011,72.0,399.980011,4
2,1,1,1,399.980011,28.0,399.980011,4
3,4,-1,5,249.8999939,17.48999977,49.97999954,1
2,1,1,1,129.9900055,20.79999924,129.9900055,0
6,4,2,1,99.98999786,25.0,99.98999786,3
5,4,1,2,119.9800034,0.0,59.99000168,3
6,4,2,1,49.97999954,3.5,49.97999954,3
2,4,-2,1,199.9900055,24.0,199.9900055,2
3,4,-1,3,164.9100037,32.97999954,54.97000122,2
2,4,-2,1,50.0,6.5,50.0,2
2,1,1,1,50.0,7.5,50.0,0
2,4,-2,1,199.9900055,2.0,199.9900055,2
2,2,0,3,149.9400024,25.48999977,49.97999954,0
5,2,3,2,199.9799957,20.0,99.98999786,3
2,1,1,4,239.9600067,9.600000381,59.99000168,0
2,1,1,1,59.08000183,2.359999895,59.08000183,0
5,4,1,2,99.95999908,4.0,49.97999954,3
2,1,1,4,239.9600067,16.79999924,59.99000168,0
5,2,3,4,239.9600067,31.19000053,59.99000168,1
2,4,-2,1,49.97999954,0.0,49.97999954,2
4,2,2,5,249.8999939,13.73999977,49.97999954,1
2,4,-2,2,119.9800034,6.0,59.99000168,2
6,4,2,1,199.9900055,26.0,199.9900055,3
2,1,1,5,250.0,42.5,50.0,1
5,2,3,5,299.9500122,30.0,59.99000168,1
4,2,2,1,129.9900055,9.100000381,129.9900055,3
3,4,-1,1,399.980011,22.0,399.980011,4
2,4,-2,1,11.28999996,2.819999933,11.28999996,2
4,4,0,2,119.9800034,6.0,59.99000168,3
3,4,-1,1,399.980011,60.0,399.980011,4
3,4,-1,1,299.980011,12.0,299.980011,2
6,4,2,2,119.9800034,6.0,59.99000168,3
2,1,1,1,399.980011,20.0,399.980011,4
2,4,-2,1,399.980011,60.0,399.980011,4
2,1,1,1,129.9900055,19.5,129.9900055,0
2,1,1,3,179.9700012,27.0,59.99000168,0
5,4,1,1,50.0,6.5,50.0,3
4,4,0,1,129.9900055,1.299999952,129.9900055,3
3,4,-1,2,100.0,1.0,50.0,2
2,1,1,5,199.9499969,29.98999977,39.99000168,0
3,2,1,3,119.9700012,19.20000076,39.99000168,0
2,4,-2,1,399.980011,20.0,399.980011,4
3,4,-1,4,399.9599915,63.99000168,99.98999786,1
2,1,1,1,59.99000168,3.299999952,59.99000168,0
4,2,2,1,215.8200073,11.86999989,215.8200073,3
5,4,1,4,399.9599915,51.99000168,99.98999786,1
4,4,0,4,399.9599915,71.98999786,99.98999786,1
3,4,-1,1,199.9900055,11.0,199.9900055,2
4,4,0,3,149.9400024,13.48999977,49.97999954,1
2,2,0,1,129.9900055,5.199999809,129.9900055,0
2,1,1,1,199.9900055,26.0,199.9900055,0
5,2,3,1,399.980011,36.0,399.980011,4
0,0,0,1,299.980011,21.0,299.980011,0
3,4,-1,4,127.9599991,0.0,31.98999977,2
5,4,1,1,399.980011,52.0,399.980011,4
2,1,1,1,199.9900055,10.0,199.9900055,0
3,4,-1,1,399.980011,64.0,399.980011,4
3,4,-1,1,199.9900055,50.0,199.9900055,2
3,2,1,1,199.9900055,0.0,199.9900055,0
1,0,1,1,129.9900055,15.60000038,129.9900055,0
2,4,-2,2,99.95999908,16.98999977,49.97999954,2
5,2,3,2,99.95999908,7.0,49.97999954,3
6,4,2,1,399.980011,0.0,399.980011,4
3,4,-1,1,129.9900055,22.10000038,129.9900055,2
2,4,-2,1,249.9900055,45.0,249.9900055,2
2,2,0,2,99.95999908,3.0,49.97999954,0
3,4,-1,1,50.0,12.5,50.0,2
2,4,-2,2,79.98000336,9.600000381,39.99000168,2
4,4,0,1,532.5800171,21.29999924,532.5800171,4
0,0,0,2,79.98000336,12.0,39.99000168,0
4,4,0,2,119.9800034,21.60000038,59.99000168,2
2,1,1,4,200.0,20.0,50.0,0
2,1,1,1,199.9900055,32.0,199.9900055,0
5,2,3,2,49.97999954,10.0,24.98999977,3
1,0,1,2,100.0,1.0,50.0,0
2,1,1,1,452.0400085,58.77000046,452.0400085,4
2,4,-2,3,179.9700012,7.199999809,59.99000168,2
5,4,1,4,127.9599991,5.119999886,31.98999977,1
6,2,4,3,150.0,27.0,50.0,3
6,4,2,5,74.94999695,14.98999977,14.98999977,1
5,4,1,1,399.980011,22.0,399.980011,4
4,4,0,3,179.9700012,21.60000038,59.99000168,1
5,4,1,5,299.9500122,74.98999786,59.99000168,1
2,4,-2,1,29.98999977,1.649999976,29.98999977,2
4,2,2,1,399.980011,68.0,399.980011,4
4,4,0,5,250.0,0.0,50.0,1
4,4,0,1,129.9900055,23.39999962,129.9900055,3
1,0,1,4,59.95999908,7.789999962,14.98999977,0
2,1,1,1,50.0,2.75,50.0,0
6,4,2,1,129.9900055,22.10000038,129.9900055,3
2,1,1,1,299.980011,12.0,299.980011,0
5,4,1,5,299.9500122,0.0,59.99000168,1
2,1,1,1,299.9899902,30.0,299.9899902,0
4,4,0,1,129.9900055,23.39999962,129.9900055,3
4,2,2,1,31.98999977,6.400000095,31.98999977,3
2,1,1,3,150.0,30.0,50.0,0
3,4,-1,4,63.95999908,15.98999977,15.98999977,2
4,4,0,3,149.9400024,23.98999977,49.97999954,1
5,4,1,1,14.98999977,0.150000006,14.98999977,3
3,4,-1,1,199.9900055,4.0,199.9900055,2
4,4,0,4,399.9599915,0.0,99.98999786,1
3,4,-1,1,129.9900055,13.0,129.9900055,2
5,2,3,1,99.98999786,7.0,99.98999786,3
2,1,1,5,199.9499969,23.98999977,39.99000168,0
4,4,0,2,199.9799957,10.0,99.98999786,2
5,4,1,1,399.980011,4.0,399.980011,4
4,2,2,1,299.980011,3.0,299.980011,3
4,4,0,1,11.53999996,2.079999924,11.53999996,3
3,4,-1,1,399.980011,80.0,399.980011,4
5,4,1,1,299.980011,54.0,299.980011,4
2,1,1,1,164.3800049,14.78999996,164.3800049,0
3,2,1,2,100.0,25.0,50.0,0
2,4,-2,1,299.980011,0.0,299.980011,2
3,2,1,4,199.9199982,11.0,49.97999954,1
4,4,0,3,119.9700012,18.0,39.99000168,1
4,4,0,1,129.9900055,20.79999924,129.9900055,3
2,4,-2,5,499.9500122,59.99000168,99.98999786,1
6,4,2,4,399.9599915,79.98999786,99.98999786,1
6,4,2,1,50.0,0.0,50.0,3
2,1,1,1,129.9900055,20.79999924,129.9900055,0
6,2,4,2,79.98000336,2.400000095,39.99000168,3
5,4,1,1,399.980011,60.0,399.980011,4
5,2,3,1,299.980011,15.0,299.980011,3
4,4,0,1,399.980011,60.0,399.980011,4
2,1,1,5,299.9500122,0.0,59.99000168,0
1,0,1,1,129.9900055,0.0,129.9900055,0
4,4,0,2,99.95999908,16.98999977,49.97999954,3
2,1,1,2,199.9799957,6.0,99.98999786,0
2,1,1,3,150.0,0.0,50.0,0
4,4,0,1,59.99000168,10.80000019,59.99000168,3
2,4,-2,1,99.98999786,25.0,99.98999786,2
2,4,-2,3,150.0,22.5,50.0,2
6,4,2,4,239.9600067,47.99000168,59.99000168,1
3,2,1,1,199.9900055,32.0,199.9900055,0
3,4,-1,1,50.0,6.0,50.0,2
4,4,0,3,149.9400024,26.98999977,49.97999954,1
5,4,1,1,299.980011,36.0,299.980011,4
5,4,1,1,299.980011,0.0,299.980011,3
6,2,4,1,199.9900055,40.0,199.9900055,3
3,4,-1,1,99.98999786,7.0,99.98999786,2
3,4,-1,1,399.980011,80.0,399.980011,4
0,0,0,5,299.9500122,53.99000168,59.99000168,0
6,4,2,1,199.9900055,14.0,199.9900055,3
2,1,1,1,99.98999786,0.0,99.98999786,0
5,4,1,5,250.0,5.0,50.0,1
2,1,1,5,249.8999939,2.5,49.97999954,0
2,4,-2,5,199.9499969,23.98999977,39.99000168,2
2,1,1,1,399.980011,20.0,399.980011,4
2,4,-2,5,199.9499969,10.0,39.99000168,2
6,2,4,2,119.9800034,8.399999619,59.99000168,3
2,2,0,1,532.5800171,26.62999916,532.5800171,4
4,4,0,1,399.980011,36.0,399.980011,4
4,4,0,1,399.980011,40.0,399.980011,4
4,4,0,1,199.9900055,4.0,199.9900055,3
6,4,2,1,129.9900055,15.60000038,129.9900055,3
2,2,0,3,150.0,7.5,50.0,0
5,4,1,5,250.0,32.5,50.0,1
4,4,0,5,499.9500122,74.98999786,99.98999786,1
2,1,1,3,143.9700012,4.320000172,47.99000168,0
5,4,1,4,99.95999908,14.98999977,24.98999977,1
4,4,0,1,399.980011,60.0,399.980011,4
4,4,0,1,199.9900055,10.0,199.9900055,3
4,4,0,2,49.97999954,5.0,24.98999977,3
3,4,-1,1,129.9900055,32.5,129.9900055,2
2,4,-2,1,299.980011,54.0,299.980011,4
2,1,1,1,129.9900055,23.39999962,129.9900055,0
4,4,0,2,198.0,19.79999924,99.0,2
2,4,-2,1,199.9900055,11.0,199.9900055,2
4,4,0,3,74.97000122,18.73999977,24.98999977,2
2,2,0,1,39.99000168,0.0,39.99000168,0
2,2,0,1,129.9900055,3.900000095,129.9900055,0
2,1,1,3,150.0,1.5,50.0,0
2,1,1,1,129.9900055,32.5,129.9900055,0
6,4,2,4,200.0,4.0,50.0,1
6,4,2,1,11.53999996,1.379999995,11.53999996,3
5,4,1,1,11.53999996,1.379999995,11.53999996,3
2,1,1,1,39.99000168,4.800000191,39.99000168,0
6,2,4,2,100.0,25.0,50.0,3
5,4,1,5,249.8999939,49.97999954,49.97999954,1
3,2,1,1,129.9900055,2.599999905,129.9900055,0
5,4,1,4,239.9600067,9.600000381,59.99000168,1
6,4,2,5,250.0,37.5,50.0,1
0,0,0,2,50.0,3.5,25.0,0
2,1,1,1,399.980011,22.0,399.980011,4
4,2,2,1,199.9900055,34.0,199.9900055,3
2,4,-2,1,129.9900055,16.89999962,129.9900055,2
2,1,1,3,299.9700012,45.0,99.98999786,0
3,4,-1,2,100.0,9.0,50.0,2
2,1,1,5,499.9500122,25.0,99.98999786,1
2,4,-2,1,199.9900055,30.0,199.9900055,2
4,4,0,1,59.99000168,7.800000191,59.99000168,3
5,4,1,1,199.9900055,4.0,199.9900055,3
2,1,1,1,31.07999992,1.549999952,31.07999992,0
5,4,1,3,299.9700012,45.0,99.98999786,1
3,4,-1,2,100.0,3.0,50.0,2
3,2,1,2,199.9799957,40.0,99.98999786,0
6,4,2,1,299.980011,3.0,299.980011,3
6,4,2,3,149.9400024,0.0,49.97999954,3
3,4,-1,5,299.9500122,44.99000168,59.99000168,1
3,4,-1,1,199.9900055,20.0,199.9900055,2
3,4,-1,5,250.0,42.5,50.0,1
5,2,3,1,199.9900055,40.0,199.9900055,3
6,4,2,2,99.95999908,7.0,49.97999954,3
0,0,0,4,119.9599991,0.0,29.98999977,0
3,4,-1,3,179.9700012,7.199999809,59.99000168,2
4,4,0,5,109.9499969,0.0,21.98999977,1
3,4,-1,1,129.9900055,16.89999962,129.9900055,2
5,4,1,5,499.9500122,35.0,99.98999786,1
5,4,1,3,149.9400024,26.98999977,49.97999954,1
3,2,1,1,39.99000168,6.0,39.99000168,0
6,4,2,1,129.9900055,20.79999924,129.9900055,3
6,2,4,5,250.0,5.0,50.0,1
3,4,-1,1,399.980011,60.0,399.980011,4
2,1,1,1,129.9900055,15.60000038,129.9900055,0
2,1,1,1,299.980011,51.0,299.980011,4
2,4,-2,4,200.0,10.0,50.0,2
2,1,1,1,199.9900055,32.0,199.9900055,0
4,4,0,5,249.8999939,2.5,49.97999954,1
2,1,1,1,129.9900055,3.900000095,129.9900055,0
6,4,2,1,49.97999954,1.5,49.97999954,3
2,1,1,1,189.0,28.35000038,189.0,0
2,4,-2,1,199.9900055,11.0,199.9900055,2
3,4,-1,4,239.9600067,38.38999939,59.99000168,1
2,4,-2,1,129.9900055,11.69999981,129.9900055,2
0,0,0,1,199.9900055,32.0,199.9900055,0
2,1,1,1,399.980011,100.0,399.980011,4
6,4,2,2,119.9800034,6.0,59.99000168,3
6,4,2,1,299.980011,45.0,299.980011,4
3,4,-1,3,179.9700012,16.20000076,59.99000168,2
6,4,2,1,129.9900055,15.60000038,129.9900055,3
2,2,0,5,159.9499969,0.0,31.98999977,0
5,4,1,1,50.0,2.0,50.0,3
2,4,-2,1,129.9900055,22.10000038,129.9900055,2
4,4,0,1,129.9900055,0.0,129.9900055,3
2,1,1,4,159.9600067,14.39999962,39.99000168,0
6,4,2,2,199.9799957,8.0,99.98999786,3
2,4,-2,1,39.99000168,2.799999952,39.99000168,2
2,4,-2,1,199.9900055,11.0,199.9900055,2
2,1,1,2,100.0,0.0,50.0,0
2,1,1,1,39.99000168,4.0,39.99000168,0
1,0,1,1,50.0,2.0,50.0,0
3,4,-1,1,199.9900055,30.0,199.9900055,2
5,2,3,4,63.95999908,11.51000023,15.98999977,3
2,1,1,2,100.0,0.0,50.0,0
2,4,-2,3,150.0,19.5,50.0,2
5,2,3,2,119.9800034,14.39999962,59.99000168,3
6,4,2,1,50.0,0.0,50.0,3
2,1,1,1,299.980011,30.0,299.980011,0
0,0,0,1,199.9900055,14.0,199.9900055,0
5,4,1,4,159.9600067,8.0,39.99000168,1
2,1,1,1,399.980011,80.0,399.980011,4
2,1,1,3,150.0,8.25,50.0,0
4,2,2,3,179.9700012,44.99000168,59.99000168,1
2,2,0,4,200.0,0.0,50.0,0
3,4,-1,2,69.98000336,11.89999962,34.99000168,2
4,4,0,1,199.9900055,30.0,199.9900055,2
3,4,-1,1,199.9900055,10.0,199.9900055,2
2,2,0,1,129.9900055,6.5,129.9900055,0
5,4,1,1,50.0,6.5,50.0,3
3,4,-1,1,49.97999954,2.5,49.97999954,2
0,0,0,1,39.99000168,1.200000048,39.99000168,0
2,1,1,3,149.9400024,6.0,49.97999954,0
3,2,1,1,129.9900055,22.10000038,129.9900055,0
4,2,2,4,207.9600067,41.59000015,51.99000168,1
2,4,-2,3,119.9700012,18.0,39.99000168,2
5,4,1,3,150.0,22.5,50.0,3
3,4,-1,1,39.75,7.159999847,39.75,2
2,4,-2,1,39.99000168,0.400000006,39.99000168,2
3,4,-1,3,179.9700012,5.400000095,59.99000168,2
5,4,1,1,399.980011,48.0,399.980011,4
2,4,-2,1,129.9900055,32.5,129.9900055,2
6,4,2,1,129.9900055,9.100000381,129.9900055,3
0,0,0,3,119.9700012,20.38999939,39.99000168,0
4,4,0,5,249.8999939,12.5,49.97999954,1
2,1,1,2,199.9799957,14.0,99.98999786,0
2,4,-2,1,249.9900055,10.0,249.9900055,2
4,4,0,2,119.9800034,0.0,59.99000168,3
2,1,1,1,199.9900055,14.0,199.9900055,0
4,4,0,1,129.9900055,6.5,129.9900055,3
4,4,0,3,29.96999931,0.300000012,9.989999771,3
6,2,4,3,149.9400024,19.48999977,49.97999954,3
5,4,1,1,299.980011,45.0,299.980011,4
1,0,1,3,150.0,30.0,50.0,0
2,1,1,1,299.980011,48.0,299.980011,4
2,1,1,2,119.9800034,3.599999905,59.99000168,0
5,4,1,1,399.980011,28.0,399.980011,4
0,0,0,1,129.9900055,2.599999905,129.9900055,0
2,1,1,4,399.9599915,63.99000168,99.98999786,1
0,0,0,3,149.9400024,14.98999977,49.97999954,0
6,4,2,2,79.98000336,12.0,39.99000168,3
4,2,2,1,129.9900055,16.89999962,129.9900055,3
2,1,1,4,239.9600067,47.99000168,59.99000168,0
2,2,0,3,299.9700012,0.0,99.98999786,0
3,2,1,4,399.9599915,16.0,99.98999786,1
2,4,-2,3,179.9700012,12.60000038,59.99000168,2
4,4,0,1,129.9900055,19.5,129.9900055,3
5,2,3,1,59.99000168,6.0,59.99000168,3
6,4,2,1,399.980011,80.0,399.980011,4
5,4,1,4,199.9199982,8.0,49.97999954,1
2,1,1,3,119.9700012,10.80000019,39.99000168,0
2,1,1,1,399.980011,60.0,399.980011,4
2,4,-2,1,39.99000168,0.0,39.99000168,2
5,2,3,1,129.9900055,23.39999962,129.9900055,3
5,4,1,1,199.9900055,18.0,199.9900055,3
4,4,0,4,239.9600067,16.79999924,59.99000168,1
1,0,1,1,399.980011,48.0,399.980011,4
2,4,-2,1,399.980011,20.0,399.980011,4
6,4,2,2,79.98000336,9.600000381,39.99000168,3
3,4,-1,1,129.9900055,23.39999962,129.9900055,2
2,1,1,1,399.980011,8.0,399.980011,4
6,4,2,4,159.9600067,16.0,39.99000168,1
2,1,1,2,119.9800034,12.0,59.99000168,0
3,2,1,1,199.9900055,40.0,199.9900055,0
5,4,1,1,199.9900055,36.0,199.9900055,3
6,4,2,3,47.97000122,1.919999957,15.98999977,3
1,0,1,1,129.9900055,20.79999924,129.9900055,0
6,4,2,5,109.9499969,13.18999958,21.98999977,1
5,4,1,1,299.980011,3.0,299.980011,3
4,4,0,1,399.980011,28.0,399.980011,4
3,4,-1,1,129.9900055,15.60000038,129.9900055,2
4,4,0,3,179.9700012,7.199999809,59.99000168,1
3,4,-1,5,499.9500122,35.0,99.98999786,1
2,1,1,1,39.99000168,2.0,39.99000168,0
0,0,0,1,129.9900055,13.0,129.9900055,0
2,1,1,4,200.0,24.0,50.0,0
2,2,0,3,119.9700012,20.38999939,39.99000168,0
3,4,-1,1,399.980011,40.0,399.980011,4
5,4,1,1,129.9900055,15.60000038,129.9900055,3
4,2,2,4,200.0,6.0,50.0,1
3,4,-1,1,199.9900055,0.0,199.9900055,2
2,4,-2,2,119.9800034,14.39999962,59.99000168,2
3,4,-1,1,199.9900055,36.0,199.9900055,2
5,4,1,1,399.980011,28.0,399.980011,4
2,1,1,4,139.9600067,2.799999952,34.99000168,0
6,4,2,1,39.75,5.170000076,39.75,3
4,4,0,3,179.9700012,9.0,59.99000168,1
3,4,-1,3,150.0,13.5,50.0,2
3,4,-1,2,119.9800034,6.0,59.99000168,2
3,2,1,1,99.98999786,4.0,99.98999786,0
6,2,4,1,129.9900055,20.79999924,129.9900055,3
3,4,-1,1,399.980011,8.0,399.980011,4
2,1,1,2,100.0,15.0,50.0,0
6,4,2,1,399.980011,28.0,399.980011,4
3,2,1,1,293.0400085,16.12000084,293.0400085,4
6,4,2,4,199.9199982,2.0,49.97999954,1
6,4,2,1,399.980011,4.0,399.980011,4
2,1,1,3,299.9700012,74.98999786,99.98999786,0
3,2,1,1,399.980011,72.0,399.980011,4
3,2,1,1,399.980011,8.0,399.980011,4
2,1,1,1,299.980011,54.0,299.980011,4
2,4,-2,1,129.9900055,7.150000095,129.9900055,2
5,4,1,5,299.9500122,9.0,59.99000168,1
3,4,-1,1,50.0,2.75,50.0,2
5,4,1,3,150.0,30.0,50.0,1
4,4,0,1,129.9900055,13.0,129.9900055,3
5,2,3,5,149.9499969,6.0,29.98999977,1
0,0,0,4,239.9600067,4.800000191,59.99000168,0
3,4,-1,1,49.97999954,2.0,49.97999954,2
2,2,0,1,199.9900055,8.0,199.9900055,0
1,0,1,1,299.9899902,30.0,299.9899902,0
5,4,1,5,250.0,2.5,50.0,1
2,1,1,4,199.9199982,4.0,49.97999954,0
5,4,1,2,119.9800034,24.0,59.99000168,3
2,1,1,1,59.99000168,6.0,59.99000168,0
2,1,1,1,452.0400085,72.33000183,452.0400085,4
1,0,1,5,250.0,17.5,50.0,0
6,4,2,1,39.99000168,2.200000048,39.99000168,3
2,2,0,1,129.9900055,3.900000095,129.9900055,0
0,0,0,1,129.9900055,32.5,129.9900055,0
6,2,4,2,199.9799957,36.0,99.98999786,3
2,2,0,1,399.980011,20.0,399.980011,4
2,1,1,1,169.9900055,17.0,169.9900055,0
6,2,4,4,200.0,0.0,50.0,3
0,0,0,3,149.9400024,26.98999977,49.97999954,0
6,4,2,1,199.9900055,0.0,199.9900055,3
4,4,0,1,299.980011,54.0,299.980011,4
2,1,1,1,299.980011,15.0,299.980011,0
2,2,0,1,399.980011,68.0,399.980011,4
6,4,2,1,199.9900055,10.0,199.9900055,3
5,4,1,1,399.980011,12.0,399.980011,4
6,4,2,5,499.9500122,45.0,99.98999786,1
3,4,-1,1,399.980011,22.0,399.980011,4
4,4,0,1,199.9900055,8.0,199.9900055,3
6,4,2,1,39.75,6.360000134,39.75,3
3,2,1,1,129.9900055,2.599999905,129.9900055,0
2,1,1,1,399.980011,16.0,399.980011,4
3,4,-1,4,399.9599915,28.0,99.98999786,1
5,4,1,5,299.9500122,0.0,59.99000168,1
6,4,2,1,299.980011,60.0,299.980011,4
0,0,0,1,199.9900055,2.0,199.9900055,0
4,4,0,1,399.980011,20.0,399.980011,4
6,4,2,2,119.9800034,21.60000038,59.99000168,3
2,4,-2,1,299.980011,16.5,299.980011,2
3,4,-1,1,399.980011,4.0,399.980011,4
3,4,-1,3,47.97000122,2.640000105,15.98999977,2
2,2,0,1,50.0,6.0,50.0,0
3,2,1,1,327.75,0.0,327.75,4
6,4,2,1,199.9900055,36.0,199.9900055,3
4,4,0,3,150.0,4.5,50.0,2
6,4,2,1,99.98999786,5.0,99.98999786,3
4,4,0,5,125.0,11.25,25.0,1
6,4,2,1,59.08000183,10.63000011,59.08000183,3
3,4,-1,5,250.0,5.0,50.0,1
2,1,1,1,50.0,0.5,50.0,0
2,1,1,5,499.9500122,89.98999786,99.98999786,1
4,4,0,5,199.9499969,11.0,39.99000168,1
4,4,0,2,100.0,10.0,50.0,3
5,2,3,1,299.980011,16.5,299.980011,3
4,4,0,1,129.9900055,32.5,129.9900055,3
6,4,2,1,129.9900055,2.599999905,129.9900055,3
3,4,-1,5,250.0,30.0,50.0,1
6,4,2,1,129.9900055,22.10000038,129.9900055,3
2,1,1,5,199.9499969,31.98999977,39.99000168,0
5,4,1,1,299.980011,36.0,299.980011,4
5,4,1,5,250.0,25.0,50.0,1
4,2,2,3,299.9700012,6.0,99.98999786,1
2,1,1,4,239.9600067,9.600000381,59.99000168,0
1,0,1,1,99.98999786,5.5,99.98999786,0
3,4,-1,1,49.97999954,2.75,49.97999954,2
3,4,-1,2,79.98000336,12.80000019,39.99000168,2
3,4,-1,1,14.98999977,0.75,14.98999977,2
2,2,0,3,150.0,25.5,50.0,0
2,1,1,3,119.9700012,15.60000038,39.99000168,0
3,4,-1,1,129.9900055,5.199999809,129.9900055,2
6,4,2,1,299.980011,16.5,299.980011,3
2,1,1,5,79.94999695,19.98999977,15.98999977,0
2,1,1,1,39.99000168,2.0,39.99000168,0
6,4,2,1,59.99000168,3.299999952,59.99000168,3
5,4,1,4,239.9600067,13.19999981,59.99000168,1
4,4,0,5,249.8999939,2.5,49.97999954,1
5,4,1,1,129.9900055,1.299999952,129.9900055,3
5,4,1,1,299.980011,27.0,299.980011,4
4,2,2,1,129.9900055,3.900000095,129.9900055,3
5,4,1,1,215.8200073,25.89999962,215.8200073,3
4,4,0,1,129.9900055,11.69999981,129.9900055,3
3,4,-1,5,199.9499969,18.0,39.99000168,1
5,4,1,3,150.0,0.0,50.0,3
2,1,1,1,299.980011,30.0,299.980011,0
6,4,2,4,200.0,32.0,50.0,1
5,2,3,1,299.980011,27.0,299.980011,4
4,2,2,1,129.9900055,16.89999962,129.9900055,3
5,4,1,1,299.980011,15.0,299.980011,4
4,4,0,5,249.8999939,39.97999954,49.97999954,1
1,0,1,1,299.980011,27.0,299.980011,0
3,4,-1,3,179.9700012,44.99000168,59.99000168,2
4,4,0,1,129.9900055,5.199999809,129.9900055,3
6,4,2,4,239.9600067,43.18999863,59.99000168,1
2,1,1,2,60.0,10.80000019,30.0,0
2,4,-2,1,299.980011,21.0,299.980011,2
2,4,-2,1,399.980011,20.0,399.980011,4
3,4,-1,2,99.95999908,16.98999977,49.97999954,2
6,4,2,3,150.0,27.0,50.0,3
4,4,0,4,139.9600067,20.98999977,34.99000168,1
5,4,1,3,150.0,3.0,50.0,3
6,4,2,1,199.9900055,4.0,199.9900055,3
5,4,1,1,252.8800049,5.059999943,252.8800049,3
6,4,2,1,129.9900055,1.299999952,129.9900055,3
5,4,1,1,199.9900055,32.0,199.9900055,3
2,1,1,1,399.980011,22.0,399.980011,4
6,4,2,1,59.99000168,9.600000381,59.99000168,3
2,1,1,1,50.0,9.0,50.0,0
5,2,3,1,129.9900055,9.100000381,129.9900055,3
6,4,2,1,299.980011,3.0,299.980011,3
2,4,-2,5,124.9499969,11.25,24.98999977,2
3,2,1,1,59.99000168,10.80000019,59.99000168,0
6,4,2,1,199.9900055,36.0,199.9900055,3
1,0,1,1,59.99000168,10.80000019,59.99000168,0
5,2,3,1,399.980011,4.0,399.980011,4
2,4,-2,2,99.95999908,12.0,49.97999954,2
3,4,-1,1,399.980011,64.0,399.980011,4
2,1,1,2,99.95999908,12.0,49.97999954,0
3,4,-1,2,199.9799957,26.0,99.98999786,2
4,4,0,3,299.9700012,12.0,99.98999786,1
4,4,0,1,299.980011,0.0,299.980011,4
6,2,4,1,49.97999954,3.5,49.97999954,3
6,2,4,2,79.98000336,13.60000038,39.99000168,3
3,4,-1,1,129.9900055,2.599999905,129.9900055,2
2,4,-2,1,299.980011,60.0,299.980011,4
3,4,-1,1,199.9900055,30.0,199.9900055,2
2,1,1,1,299.980011,6.0,299.980011,0
2,1,1,4,199.9199982,0.0,49.97999954,0
4,2,2,5,299.9500122,53.99000168,59.99000168,1
3,4,-1,1,129.9900055,0.0,129.9900055,2
6,4,2,1,39.99000168,2.200000048,39.99000168,3
5,4,1,3,74.97000122,1.5,24.98999977,3
2,1,1,5,159.9499969,28.79000092,31.98999977,0
5,4,1,1,129.9900055,9.100000381,129.9900055,3
2,4,-2,1,99.98999786,1.0,99.98999786,2
2,1,1,1,199.9900055,40.0,199.9900055,0
6,4,2,3,179.9700012,16.20000076,59.99000168,3
2,2,0,3,179.9700012,9.0,59.99000168,0
5,2,3,1,129.9900055,13.0,129.9900055,3
2,4,-2,1,399.980011,36.0,399.980011,4
1,0,1,1,59.99000168,6.0,59.99000168,0
2,1,1,1,199.9900055,50.0,199.9900055,0
4,4,0,2,95.98000336,16.3199997,47.99000168,3
6,4,2,4,199.9199982,17.98999977,49.97999954,1
3,4,-1,5,199.9499969,2.0,39.99000168,1
0,0,0,1,299.980011,27.0,299.980011,0
2,1,1,3,149.9400024,19.48999977,49.97999954,0
4,2,2,1,399.980011,80.0,399.980011,4
5,2,3,2,63.97999954,10.23999977,31.98999977,3
1,0,1,1,299.980011,27.0,299.980011,0
4,4,0,5,199.9499969,14.0,39.99000168,1
2,4,-2,2,60.0,3.0,30.0,2
4,4,0,1,129.9900055,6.5,129.9900055,3
2,4,-2,1,129.9900055,3.900000095,129.9900055,2
5,4,1,1,59.99000168,2.400000095,59.99000168,3
2,1,1,1,199.9900055,14.0,199.9900055,0
5,2,3,1,129.9900055,11.69999981,129.9900055,3
6,4,2,1,199.9900055,34.0,199.9900055,3
2,4,-2,5,250.0,37.5,50.0,1
5,4,1,1,129.9900055,7.150000095,129.9900055,3
2,4,-2,1,199.9900055,8.0,199.9900055,2
2,4,-2,1,49.97999954,9.0,49.97999954,2
4,4,0,4,39.95999908,7.989999771,9.989999771,1
6,2,4,3,150.0,19.5,50.0,3
5,4,1,5,249.8999939,13.73999977,49.97999954,1
2,1,1,2,79.98000336,0.800000012,39.99000168,0
6,4,2,1,399.980011,100.0,399.980011,4
2,1,1,1,129.9900055,3.900000095,129.9900055,0
6,2,4,1,129.9900055,15.60000038,129.9900055,3
2,2,0,2,119.9800034,1.200000048,59.99000168,0
2,2,0,1,299.980011,12.0,299.980011,0
2,4,-2,1,399.980011,60.0,399.980011,4
3,4,-1,2,29.97999954,2.700000048,14.98999977,2
2,4,-2,1,199.9900055,14.0,199.9900055,2
5,4,1,1,129.9900055,0.0,129.9900055,3
2,1,1,1,84.40000153,12.65999985,84.40000153,0
5,2,3,1,50.0,9.0,50.0,3
5,2,3,1,129.9900055,15.60000038,129.9900055,3
3,4,-1,1,299.980011,48.0,299.980011,4
3,4,-1,1,399.980011,48.0,399.980011,4
2,1,1,3,119.9700012,1.200000048,39.99000168,0
4,4,0,1,47.99000168,0.479999989,47.99000168,3
4,4,0,1,129.9900055,15.60000038,129.9900055,3
5,4,1,1,24.98999977,4.0,24.98999977,3
4,2,2,2,44.0,6.599999905,22.0,3
3,4,-1,2,119.9800034,30.0,59.99000168,2
2,4,-2,2,99.95999908,1.0,49.97999954,2
3,4,-1,1,215.8200073,2.160000086,215.8200073,2
5,4,1,1,199.9900055,18.0,199.9900055,3
2,1,1,3,150.0,37.5,50.0,0
2,1,1,2,199.9799957,11.0,99.98999786,0
0,0,0,1,299.980011,12.0,299.980011,0
3,4,-1,5,250.0,13.75,50.0,1
6,4,2,2,99.95999908,12.98999977,49.97999954,3
2,1,1,1,399.980011,16.0,399.980011,4
2,1,1,4,200.0,36.0,50.0,0
2,1,1,2,99.95999908,7.0,49.97999954,0
4,4,0,4,159.9600067,8.0,39.99000168,1
2,1,1,4,199.9199982,13.98999977,49.97999954,0
6,4,2,5,249.8999939,49.97999954,49.97999954,1
2,1,1,4,200.0,2.0,50.0,0
3,4,-1,1,199.9900055,2.0,199.9900055,2
4,2,2,1,215.8200073,21.57999992,215.8200073,3
4,4,0,1,199.9900055,40.0,199.9900055,2
6,4,2,1,199.9900055,14.0,199.9900055,3
5,2,3,1,129.9900055,0.0,129.9900055,3
6,4,2,2,99.95999908,0.0,49.97999954,3
4,4,0,4,239.9600067,4.800000191,59.99000168,1
2,4,-2,1,24.98999977,4.0,24.98999977,2
2,1,1,1,399.980011,16.0,399.980011,4
0,0,0,4,319.9599915,6.400000095,79.98999786,0
2,1,1,1,129.9900055,5.199999809,129.9900055,0
2,1,1,3,149.9400024,19.48999977,49.97999954,0
2,1,1,1,59.99000168,6.0,59.99000168,0
3,4,-1,1,129.9900055,23.39999962,129.9900055,2
4,4,0,5,249.8999939,44.97999954,49.97999954,1
4,4,0,1,399.980011,100.0,399.980011,4
2,1,1,2,79.98000336,1.600000024,39.99000168,0
0,0,0,5,250.0,25.0,50.0,0
5,2,3,4,159.9600067,20.79000092,39.99000168,1
2,1,1,1,129.9900055,20.79999924,129.9900055,0
4,4,0,1,199.9900055,34.0,199.9900055,2
5,2,3,5,499.9500122,89.98999786,99.98999786,1
3,4,-1,3,149.9400024,7.5,49.97999954,2
5,4,1,3,119.9700012,14.39999962,39.99000168,3
2,2,0,1,50.0,10.0,50.0,0
3,4,-1,1,399.980011,40.0,399.980011,4
5,2,3,1,399.980011,40.0,399.980011,4
2,4,-2,1,129.9900055,26.0,129.9900055,2
2,4,-2,4,280.0,36.40000153,70.0,2
2,2,0,4,199.9199982,2.0,49.97999954,0
6,4,2,4,200.0,10.0,50.0,1
6,4,2,4,320.0,48.0,80.0,1
0,0,0,3,89.97000122,0.899999976,29.98999977,0
6,2,4,2,199.9799957,4.0,99.98999786,3
5,4,1,1,299.980011,3.0,299.980011,3
3,2,1,1,299.980011,30.0,299.980011,4
2,1,1,3,150.0,15.0,50.0,0
6,4,2,1,299.980011,15.0,299.980011,3
2,2,0,1,99.98999786,12.0,99.98999786,0
2,1,1,1,199.9900055,34.0,199.9900055,0
2,1,1,1,399.980011,72.0,399.980011,4
4,4,0,1,129.9900055,9.100000381,129.9900055,3
5,4,1,2,100.0,18.0,50.0,3
1,0,1,1,299.980011,60.0,299.980011,0
5,4,1,1,299.980011,12.0,299.980011,4
2,1,1,1,44.99000168,2.25,44.99000168,0
2,1,1,1,399.980011,28.0,399.980011,4
6,4,2,1,39.99000168,6.0,39.99000168,3
2,1,1,2,99.95999908,12.0,49.97999954,0
3,4,-1,1,199.9900055,40.0,199.9900055,2
5,4,1,4,200.0,34.0,50.0,1
5,2,3,4,200.0,18.0,50.0,1
6,2,4,4,159.9600067,1.600000024,39.99000168,3
2,4,-2,1,399.980011,60.0,399.980011,4
3,4,-1,1,1500.0,15.0,1500.0,4
3,4,-1,5,199.9499969,6.0,39.99000168,1
4,4,0,3,179.9700012,16.20000076,59.99000168,1
2,1,1,1,129.9900055,19.5,129.9900055,0
4,4,0,5,250.0,7.5,50.0,1
3,4,-1,1,199.9900055,50.0,199.9900055,2
4,4,0,1,129.9900055,5.199999809,129.9900055,3
1,0,1,5,250.0,50.0,50.0,0
5,2,3,4,199.9199982,25.98999977,49.97999954,1
2,1,1,2,119.9800034,6.0,59.99000168,0
2,1,1,1,129.9900055,3.900000095,129.9900055,0
2,4,-2,1,59.99000168,7.199999809,59.99000168,2
2,4,-2,1,399.980011,8.0,399.980011,4
2,4,-2,2,99.95999908,12.98999977,49.97999954,2
5,4,1,5,249.8999939,37.49000168,49.97999954,1
2,1,1,4,239.9600067,35.99000168,59.99000168,0
2,1,1,1,399.980011,0.0,399.980011,4
5,2,3,2,79.98000336,4.400000095,39.99000168,3
3,4,-1,1,129.9900055,6.5,129.9900055,2
2,1,1,1,199.9900055,10.0,199.9900055,0
6,4,2,3,104.9700012,0.0,34.99000168,3
3,4,-1,1,59.99000168,1.799999952,59.99000168,2
6,4,2,4,199.9199982,19.98999977,49.97999954,1
3,4,-1,1,399.980011,28.0,399.980011,4
5,4,1,1,59.99000168,15.0,59.99000168,3
5,4,1,4,159.9600067,28.79000092,39.99000168,1
3,4,-1,5,250.0,45.0,50.0,1
5,4,1,1,399.980011,0.0,399.980011,4
1,0,1,5,274.8500061,2.75,54.97000122,0
2,1,1,1,129.9900055,26.0,129.9900055,0
0,0,0,1,129.9900055,3.900000095,129.9900055,0
4,4,0,1,199.9900055,40.0,199.9900055,2
3,2,1,1,129.9900055,1.299999952,129.9900055,0
2,2,0,1,199.9900055,2.0,199.9900055,0
0,0,0,1,129.9900055,11.69999981,129.9900055,0
6,4,2,1,129.9900055,11.69999981,129.9900055,3
6,4,2,3,119.9700012,1.200000048,39.99000168,3
3,4,-1,1,399.980011,36.0,399.980011,4
6,4,2,1,399.980011,60.0,399.980011,4
2,1,1,5,174.9499969,0.0,34.99000168,0
3,2,1,5,199.9499969,14.0,39.99000168,1
3,2,1,2,100.0,2.0,50.0,0
2,4,-2,1,399.980011,48.0,399.980011,4
6,4,2,1,99.98999786,20.0,99.98999786,3
3,4,-1,1,399.980011,72.0,399.980011,4
3,4,-1,1,399.980011,0.0,399.980011,4
2,2,0,1,399.980011,20.0,399.980011,4
5,2,3,5,199.9499969,25.98999977,39.99000168,1
6,4,2,1,399.980011,100.0,399.980011,4
6,4,2,2,100.0,20.0,50.0,3
6,2,4,1,99.98999786,10.0,99.98999786,3
4,2,2,2,119.9800034,18.0,59.99000168,3
2,1,1,1,327.75,65.55000305,327.75,4
6,4,2,1,129.9900055,5.199999809,129.9900055,3
5,4,1,3,150.0,4.5,50.0,3
4,4,0,1,399.980011,16.0,399.980011,4
4,4,0,2,99.95999908,0.0,49.97999954,3
5,4,1,1,59.99000168,10.19999981,59.99000168,3
2,4,-2,1,299.980011,51.0,299.980011,4
5,4,1,5,299.9500122,30.0,59.99000168,1
4,4,0,4,199.9199982,2.0,49.97999954,1
6,4,2,2,99.95999908,2.0,49.97999954,3
3,4,-1,4,159.9600067,31.98999977,39.99000168,1
2,4,-2,1,399.980011,36.0,399.980011,4
3,4,-1,1,399.980011,60.0,399.980011,4
5,4,1,1,399.980011,4.0,399.980011,4
5,2,3,1,299.980011,75.0,299.980011,4
6,4,2,1,129.9900055,32.5,129.9900055,3
0,0,0,2,99.95999908,14.98999977,49.97999954,0
3,4,-1,5,499.9500122,0.0,99.98999786,1
6,4,2,3,89.97000122,0.0,29.98999977,3
5,4,1,1,199.9900055,0.0,199.9900055,3
1,0,1,3,299.9700012,45.0,99.98999786,0
5,4,1,1,129.9900055,0.0,129.9900055,3
3,2,1,1,299.980011,75.0,299.980011,4
2,1,1,5,250.0,5.0,50.0,0
5,4,1,1,252.8800049,37.93000031,252.8800049,4
6,4,2,2,100.0,10.0,50.0,3
2,1,1,1,199.9900055,50.0,199.9900055,0
2,4,-2,1,199.9900055,0.0,199.9900055,2
6,2,4,1,59.99000168,6.0,59.99000168,3
5,4,1,3,179.9700012,7.199999809,59.99000168,3
4,4,0,4,399.9599915,71.98999786,99.98999786,1
5,2,3,1,19.98999977,0.0,19.98999977,3
2,1,1,1,59.99000168,1.799999952,59.99000168,0
6,2,4,1,129.9900055,16.89999962,129.9900055,3
5,2,3,2,79.98000336,13.60000038,39.99000168,3
2,1,1,1,199.9900055,36.0,199.9900055,0
3,4,-1,4,200.0,20.0,50.0,2
5,2,3,3,150.0,1.5,50.0,3
2,4,-2,1,210.8500061,27.40999985,210.8500061,2
5,2,3,4,159.9600067,28.79000092,39.99000168,1
4,2,2,2,99.95999908,15.98999977,49.97999954,3
3,4,-1,5,224.9499969,15.75,44.99000168,1
6,4,2,4,200.0,14.0,50.0,1
2,1,1,1,129.9900055,7.150000095,129.9900055,0
2,1,1,1,199.9900055,2.0,199.9900055,0
5,4,1,2,39.97999954,0.400000006,19.98999977,3
3,2,1,2,119.9800034,10.80000019,59.99000168,0
3,4,-1,1,399.980011,60.0,399.980011,4
2,1,1,1,39.99000168,7.199999809,39.99000168,0
4,4,0,3,119.9700012,19.20000076,39.99000168,1
3,4,-1,1,199.9900055,4.0,199.9900055,2
6,2,4,3,150.0,19.5,50.0,3
3,4,-1,4,199.9199982,0.0,49.97999954,2
2,4,-2,1,299.980011,39.0,299.980011,2
2,2,0,2,99.95999908,2.0,49.97999954,0
5,4,1,1,199.9900055,4.0,199.9900055,3
2,1,1,3,149.9400024,26.98999977,49.97999954,0
6,2,4,1,299.980011,16.5,299.980011,3
3,4,-1,4,159.9600067,8.0,39.99000168,2
5,4,1,5,299.9500122,0.0,59.99000168,1
2,4,-2,1,399.980011,48.0,399.980011,4
3,4,-1,1,59.99000168,9.600000381,59.99000168,2
5,4,1,4,399.9599915,0.0,99.98999786,1
2,1,1,2,79.98000336,12.80000019,39.99000168,0
2,4,-2,1,199.9900055,36.0,199.9900055,2
6,2,4,1,31.98999977,3.200000048,31.98999977,3
3,4,-1,1,299.980011,75.0,299.980011,4
6,4,2,3,149.9400024,13.48999977,49.97999954,3
4,2,2,2,100.0,9.0,50.0,3
0,0,0,5,49.95000076,8.489999771,9.989999771,0
4,2,2,1,50.0,2.75,50.0,3
5,4,1,1,129.9900055,3.900000095,129.9900055,3
4,4,0,3,74.97000122,12.0,24.98999977,2
2,4,-2,4,139.9600067,7.0,34.99000168,2
4,4,0,1,299.980011,0.0,299.980011,4
4,4,0,4,159.9600067,6.400000095,39.99000168,1
5,4,1,1,129.9900055,7.150000095,129.9900055,3
4,4,0,1,327.75,55.72000122,327.75,4
6,4,2,1,199.9900055,6.0,199.9900055,3
5,4,1,4,399.9599915,4.0,99.98999786,1
